county_fips,county_name_bea,year,bea_personal_income,bea_population,bea_pc_income
27001,Aitkin,2011,496117,16148,30723
27001,Aitkin,2012,497950,15998,31126
27001,Aitkin,2013,500895,15815,31672
27001,Aitkin,2014,534322,15776,33869
27001,Aitkin,2015,552481,15763,35049
27001,Aitkin,2016,568913,15642,36371
27001,Aitkin,2017,594427,15667,37941
27001,Aitkin,2018,633869,15738,40276
27001,Aitkin,2019,655457,15675,41815
27001,Aitkin,2020,737413,15714,46927
27001,Aitkin,2021,811145,15951,50852
27001,Aitkin,2022,789034,16142,48881
27001,Aitkin,2023,836331,16139,51820
27001,Aitkin,2024,877408,16335,53713
27003,Anoka,2011,13613178,333469,40823
27003,Anoka,2012,14145817,337106,41963
27003,Anoka,2013,14444487,340545,42416
27003,Anoka,2014,15308282,343786,44529
27003,Anoka,2015,16033898,346545,46268
27003,Anoka,2016,16466131,349554,47106
27003,Anoka,2017,17270969,353776,48819
27003,Anoka,2018,18035585,357621,50432
27003,Anoka,2019,19000875,361593,52548
27003,Anoka,2020,20317497,364502,55740
27003,Anoka,2021,21826971,367835,59339
27003,Anoka,2022,22243427,369479,60202
27003,Anoka,2023,23257609,373090,62338
27003,Anoka,2024,24459050,376840,64906
27005,Becker,2011,1228605,32851,37399
27005,Becker,2012,1328410,33147,40076
27005,Becker,2013,1339818,33409,40104
27005,Becker,2014,1370585,33555,40846
27005,Becker,2015,1431881,33811,42350
27005,Becker,2016,1469520,34151,43030
27005,Becker,2017,1526134,34581,44132
27005,Becker,2018,1596747,34962,45671
27005,Becker,2019,1666956,35088,47508
27005,Becker,2020,1811021,35205,51442
27005,Becker,2021,2006394,35348,56761
27005,Becker,2022,2028677,35387,57328
27005,Becker,2023,2137893,35330,60512
27005,Becker,2024,2246063,35444,63369
27007,Beltrami,2011,1442111,44907,32113
27007,Beltrami,2012,1504236,44890,33509
27007,Beltrami,2013,1529933,45115,33912
27007,Beltrami,2014,1629655,45144,36099
27007,Beltrami,2015,1695584,44998,37681
27007,Beltrami,2016,1754174,45303,38721
27007,Beltrami,2017,1812724,45625,39731
27007,Beltrami,2018,1922130,45732,42030
27007,Beltrami,2019,1967631,46094,42687
27007,Beltrami,2020,2169890,46246,46921
27007,Beltrami,2021,2386395,46477,51346
27007,Beltrami,2022,2370939,46440,51054
27007,Beltrami,2023,2489813,46635,53389
27007,Beltrami,2024,2627753,46762,56194
27009,Benton,2011,1360074,38786,35066
27009,Benton,2012,1437573,38765,37084
27009,Benton,2013,1471324,39110,37620
27009,Benton,2014,1525452,39310,38806
27009,Benton,2015,1576918,39635,39786
27009,Benton,2016,1627360,39939,40746
27009,Benton,2017,1724783,40499,42588
27009,Benton,2018,1776897,40886,43460
27009,Benton,2019,1871472,41294,45321
27009,Benton,2020,2027136,41358,49014
27009,Benton,2021,2234494,41538,53794
27009,Benton,2022,2264377,41570,54471
27009,Benton,2023,2359388,41617,56693
27009,Benton,2024,2444641,41881,58371
27011,Big Stone,2011,214244,5233,40941
27011,Big Stone,2012,255656,5183,49326
27011,Big Stone,2013,256470,5140,49897
27011,Big Stone,2014,241238,5180,46571
27011,Big Stone,2015,253121,5108,49554
27011,Big Stone,2016,242327,5140,47145
27011,Big Stone,2017,253281,5162,49066
27011,Big Stone,2018,256597,5153,49796
27011,Big Stone,2019,256688,5170,49650
27011,Big Stone,2020,298488,5160,57847
27011,Big Stone,2021,342817,5169,66322
27011,Big Stone,2022,357683,5145,69521
27011,Big Stone,2023,345955,5095,67901
27011,Big Stone,2024,356063,5067,70271
27013,Blue Earth,2011,2346984,64476,36401
27013,Blue Earth,2012,2508211,65180,38481
27013,Blue Earth,2013,2524399,65039,38814
27013,Blue Earth,2014,2661871,65701,40515
27013,Blue Earth,2015,2769860,66171,41859
27013,Blue Earth,2016,2749320,66957,41061
27013,Blue Earth,2017,2829007,67580,41862
27013,Blue Earth,2018,2999839,68135,44028
27013,Blue Earth,2019,3094269,68702,45039
27013,Blue Earth,2020,3351238,69196,48431
27013,Blue Earth,2021,3651526,69382,52629
27013,Blue Earth,2022,3742391,69681,53707
27013,Blue Earth,2023,3820814,70396,54276
27013,Blue Earth,2024,4020292,70700,56864
27015,Brown,2011,1089444,25786,42249
27015,Brown,2012,1148796,25639,44807
27015,Brown,2013,1116100,25594,43608
27015,Brown,2014,1148897,25702,44701
27015,Brown,2015,1202059,25774,46638
27015,Brown,2016,1212252,25907,46792
27015,Brown,2017,1245022,25902,48067
27015,Brown,2018,1299821,25948,50093
27015,Brown,2019,1348936,25896,52091
27015,Brown,2020,1475376,25911,56940
27015,Brown,2021,1627103,25896,62832
27015,Brown,2022,1613753,25786,62583
27015,Brown,2023,1651107,25699,64248
27015,Brown,2024,1716384,25710,66759
27017,Carlton,2011,1209911,35484,34097
27017,Carlton,2012,1207159,35349,34150
27017,Carlton,2013,1249054,35389,35295
27017,Carlton,2014,1297133,35519,36519
27017,Carlton,2015,1362874,35600,38283
27017,Carlton,2016,1395956,35788,39006
27017,Carlton,2017,1449487,35774,40518
27017,Carlton,2018,1524465,36131,42193
27017,Carlton,2019,1567758,36265,43231
27017,Carlton,2020,1668350,36187,46104
27017,Carlton,2021,1831540,36442,50259
27017,Carlton,2022,1847639,36501,50619
27017,Carlton,2023,1929466,36717,52550
27017,Carlton,2024,2039243,36745,55497
27019,Carver,2011,5162088,92838,55603
27019,Carver,2012,5541269,93958,58976
27019,Carver,2013,5665615,95784,59150
27019,Carver,2014,6041180,97611,61890
27019,Carver,2015,6376686,98969,64431
27019,Carver,2016,6539351,100816,64864
27019,Carver,2017,6990605,102615,68125
27019,Carver,2018,7383477,104169,70880
27019,Carver,2019,7755123,105760,73328
27019,Carver,2020,8066122,107307,75169
27019,Carver,2021,9108755,108873,83664
27019,Carver,2022,9701779,110215,88026
27019,Carver,2023,10279835,111180,92461
27019,Carver,2024,10825179,112628,96114
27021,Cass,2011,1031507,28405,36314
27021,Cass,2012,1091665,28452,38369
27021,Cass,2013,1073554,28546,37608
27021,Cass,2014,1113282,28635,38878
27021,Cass,2015,1196406,28798,41545
27021,Cass,2016,1252041,29142,42963
27021,Cass,2017,1311973,29454,44543
27021,Cass,2018,1367473,29552,46273
27021,Cass,2019,1400131,29788,47003
27021,Cass,2020,1523059,30162,50496
27021,Cass,2021,1788233,30677,58292
27021,Cass,2022,1725475,31287,55150
27021,Cass,2023,1817852,31393,57906
27021,Cass,2024,1917778,31442,60994
27023,Chippewa,2011,526410,12410,42418
27023,Chippewa,2012,567072,12294,46126
27023,Chippewa,2013,549868,12324,44618
27023,Chippewa,2014,513677,12386,41472
27023,Chippewa,2015,526283,12495,42119
27023,Chippewa,2016,520342,12543,41485
27023,Chippewa,2017,538229,12537,42931
27023,Chippewa,2018,552061,12550,43989
27023,Chippewa,2019,550883,12508,44042
27023,Chippewa,2020,612675,12610,48586
27023,Chippewa,2021,673957,12378,54448
27023,Chippewa,2022,694884,12335,56334
27023,Chippewa,2023,710686,12265,57944
27023,Chippewa,2024,719966,12299,58539
27025,Chisago,2011,2053931,53744,38217
27025,Chisago,2012,2081472,53436,38953
27025,Chisago,2013,2144500,53618,39996
27025,Chisago,2014,2244785,53746,41767
27025,Chisago,2015,2367779,54068,43793
27025,Chisago,2016,2442028,54549,44768
27025,Chisago,2017,2582174,55156,46816
27025,Chisago,2018,2714144,55861,48587
27025,Chisago,2019,2867883,56408,50842
27025,Chisago,2020,3032803,56718,53472
27025,Chisago,2021,3350952,57556,58221
27025,Chisago,2022,3445623,57918,59491
27025,Chisago,2023,3608805,58657,61524
27025,Chisago,2024,3791769,59105,64153
27027,Clay,2011,2126402,60019,35429
27027,Clay,2012,2273076,60376,37649
27027,Clay,2013,2327805,60779,38299
27027,Clay,2014,2392239,61574,38851
27027,Clay,2015,2519351,62577,40260
27027,Clay,2016,2526614,63497,39791
27027,Clay,2017,2588200,64316,40242
27027,Clay,2018,2707125,64616,41896
27027,Clay,2019,2816281,65044,43298
27027,Clay,2020,3065894,65359,46909
27027,Clay,2021,3357380,65674,51122
27027,Clay,2022,3460781,65989,52445
27027,Clay,2023,3565358,66425,53675
27027,Clay,2024,3711293,66848,55518
27029,Clearwater,2011,284800,8666,32864
27029,Clearwater,2012,294639,8576,34356
27029,Clearwater,2013,304270,8635,35237
27029,Clearwater,2014,323684,8593,37668
27029,Clearwater,2015,335002,8553,39168
27029,Clearwater,2016,341279,8552,39906
27029,Clearwater,2017,357351,8510,41992
27029,Clearwater,2018,381861,8437,45260
27029,Clearwater,2019,384803,8420,45701
27029,Clearwater,2020,445870,8566,52051
27029,Clearwater,2021,479535,8568,55968
27029,Clearwater,2022,453370,8636,52498
27029,Clearwater,2023,477745,8680,55040
27029,Clearwater,2024,501252,8630,58083
27031,Cook,2011,224030,5232,42819
27031,Cook,2012,234891,5220,44998
27031,Cook,2013,230825,5245,44009
27031,Cook,2014,239002,5320,44925
27031,Cook,2015,251200,5340,47041
27031,Cook,2016,259854,5455,47636
27031,Cook,2017,270760,5539,48882
27031,Cook,2018,288065,5556,51848
27031,Cook,2019,287805,5576,51615
27031,Cook,2020,308749,5599,55144
27031,Cook,2021,334334,5632,59363
27031,Cook,2022,340002,5732,59316
27031,Cook,2023,368447,5643,65293
27031,Cook,2024,385909,5571,69271
27033,Cottonwood,2011,477181,11746,40625
27033,Cottonwood,2012,513228,11631,44126
27033,Cottonwood,2013,502972,11634,43233
27033,Cottonwood,2014,491687,11613,42339
27033,Cottonwood,2015,495639,11554,42898
27033,Cottonwood,2016,460228,11529,39919
27033,Cottonwood,2017,495255,11433,43318
27033,Cottonwood,2018,521307,11468,45458
27033,Cottonwood,2019,507566,11449,44333
27033,Cottonwood,2020,628762,11521,54575
27033,Cottonwood,2021,681613,11600,58760
27033,Cottonwood,2022,720886,11416,63147
27033,Cottonwood,2023,680494,11417,59604
27033,Cottonwood,2024,682902,11338,60231
27035,Crow Wing,2011,2200510,62747,35070
27035,Crow Wing,2012,2273847,62936,36130
27035,Crow Wing,2013,2320845,63186,36730
27035,Crow Wing,2014,2469513,63353,38980
27035,Crow Wing,2015,2565316,63541,40373
27035,Crow Wing,2016,2647933,64098,41311
27035,Crow Wing,2017,2753587,64720,42546
27035,Crow Wing,2018,2861120,65408,43743
27035,Crow Wing,2019,3013167,65696,45865
27035,Crow Wing,2020,3261486,66285,49204
27035,Crow Wing,2021,3718605,67355,55209
27035,Crow Wing,2022,3677212,67862,54187
27035,Crow Wing,2023,3909101,68286,57246
27035,Crow Wing,2024,4131622,68642,60191
27037,Dakota,2011,19441709,402859,48259
27037,Dakota,2012,20043805,406570,49300
27037,Dakota,2013,20529208,410720,49983
27037,Dakota,2014,21584817,415411,51960
27037,Dakota,2015,22501746,418680,53744
27037,Dakota,2016,23300091,423064,55075
27037,Dakota,2017,24425631,427966,57074
27037,Dakota,2018,25598935,432442,59196
27037,Dakota,2019,26627005,437268,60894
27037,Dakota,2020,28136324,440436,63883
27037,Dakota,2021,30247124,442784,68311
27037,Dakota,2022,31725483,443982,71457
27037,Dakota,2023,33645368,448495,75018
27037,Dakota,2024,35294325,453156,77886
27039,Dodge,2011,827300,20186,40984
27039,Dodge,2012,895844,20241,44259
27039,Dodge,2013,890979,20294,43904
27039,Dodge,2014,842625,20329,41449
27039,Dodge,2015,859200,20342,42238
27039,Dodge,2016,855529,20468,41798
27039,Dodge,2017,902993,20604,43826
27039,Dodge,2018,947856,20685,45823
27039,Dodge,2019,970868,20842,46582
27039,Dodge,2020,1086659,20888,52023
27039,Dodge,2021,1227865,20954,58598
27039,Dodge,2022,1252381,21027,59561
27039,Dodge,2023,1282966,21113,60767
27039,Dodge,2024,1331089,21242,62663
27041,Douglas,2011,1642477,36272,45282
27041,Douglas,2012,1809090,36454,49627
27041,Douglas,2013,1773801,36577,48495
27041,Douglas,2014,1703082,36876,46184
27041,Douglas,2015,1826017,37162,49137
27041,Douglas,2016,1884011,37599,50108
27041,Douglas,2017,1872074,38053,49196
27041,Douglas,2018,1933191,38563,50131
27041,Douglas,2019,1984103,38715,51249
27041,Douglas,2020,2183381,39093,55851
27041,Douglas,2021,2431021,39312,61839
27041,Douglas,2022,2522514,39665,63595
27041,Douglas,2023,2653986,39874,66559
27041,Douglas,2024,2765770,39933,69260
27043,Faribault,2011,599927,14494,41391
27043,Faribault,2012,635185,14235,44621
27043,Faribault,2013,614089,14186,43288
27043,Faribault,2014,557172,14218,39188
27043,Faribault,2015,561855,14120,39791
27043,Faribault,2016,515700,14034,36746
27043,Faribault,2017,540180,13964,38684
27043,Faribault,2018,558841,13957,40040
27043,Faribault,2019,588996,13922,42307
27043,Faribault,2020,666895,13896,47992
27043,Faribault,2021,756620,13905,54414
27043,Faribault,2022,797353,13957,57129
27043,Faribault,2023,774199,13926,55594
27043,Faribault,2024,800970,13886,57682
27045,Fillmore,2011,813187,20847,39007
27045,Fillmore,2012,849187,20854,40721
27045,Fillmore,2013,863546,20784,41549
27045,Fillmore,2014,864487,20809,41544
27045,Fillmore,2015,910359,20786,43797
27045,Fillmore,2016,889742,20971,42427
27045,Fillmore,2017,900557,21044,42794
27045,Fillmore,2018,918660,21131,43475
27045,Fillmore,2019,919309,21168,43429
27045,Fillmore,2020,1045254,21245,49200
27045,Fillmore,2021,1163521,21335,54536
27045,Fillmore,2022,1195715,21475,55679
27045,Fillmore,2023,1229621,21512,57160
27045,Fillmore,2024,1261143,21502,58652
27047,Freeborn,2011,1172824,31131,37674
27047,Freeborn,2012,1210329,31136,38872
27047,Freeborn,2013,1257566,31084,40457
27047,Freeborn,2014,1225521,30951,39596
27047,Freeborn,2015,1257474,30777,40858
27047,Freeborn,2016,1234147,30747,40139
27047,Freeborn,2017,1311524,30940,42389
27047,Freeborn,2018,1347357,30957,43524
27047,Freeborn,2019,1373965,30839,44553
27047,Freeborn,2020,1511752,30891,48938
27047,Freeborn,2021,1679975,30803,54539
27047,Freeborn,2022,1697447,30674,55338
27047,Freeborn,2023,1729458,30433,56828
27047,Freeborn,2024,1791797,30314,59108
27049,Goodhue,2011,1954716,46272,42244
27049,Goodhue,2012,2071465,46438,44607
27049,Goodhue,2013,2071909,46526,44532
27049,Goodhue,2014,2185017,46558,46931
27049,Goodhue,2015,2272013,46724,48626
27049,Goodhue,2016,2261175,46998,48112
27049,Goodhue,2017,2344851,47214,49664
27049,Goodhue,2018,2454266,47341,51842
27049,Goodhue,2019,2547842,47504,53634
27049,Goodhue,2020,2689891,47579,56535
27049,Goodhue,2021,2958190,48049,61566
27049,Goodhue,2022,3063025,48055,63740
27049,Goodhue,2023,3259735,48050,67840
27049,Goodhue,2024,3377482,47982,70391
27051,Grant,2011,244562,5998,40774
27051,Grant,2012,307475,5938,51781
27051,Grant,2013,301802,5970,50553
27051,Grant,2014,275390,5943,46339
27051,Grant,2015,277945,5893,47165
27051,Grant,2016,260018,5955,43664
27051,Grant,2017,267731,5956,44951
27051,Grant,2018,274545,6015,45643
27051,Grant,2019,271574,6027,45060
27051,Grant,2020,330238,6090,54226
27051,Grant,2021,359517,6147,58487
27051,Grant,2022,387804,6134,63222
27051,Grant,2023,370823,6155,60247
27051,Grant,2024,375110,6109,61403
27053,Hennepin,2011,67154766,1171240,57336
27053,Hennepin,2012,72791978,1187536,61297
27053,Hennepin,2013,72345434,1202850,60145
27053,Hennepin,2014,77135373,1217282,63367
27053,Hennepin,2015,81488359,1229843,66259
27053,Hennepin,2016,83670241,1244490,67233
27053,Hennepin,2017,87246751,1258341,69335
27053,Hennepin,2018,92981028,1268983,73272
27053,Hennepin,2019,96819450,1277450,75791
27053,Hennepin,2020,99937096,1281722,77971
27053,Hennepin,2021,111492484,1270232,87773
27053,Hennepin,2022,114380782,1258981,90852
27053,Hennepin,2023,121765461,1263210,96394
27053,Hennepin,2024,127781586,1273334,100352
27055,Houston,2011,768402,18903,40650
27055,Houston,2012,820893,18811,43639
27055,Houston,2013,811735,18846,43072
27055,Houston,2014,841368,18793,44770
27055,Houston,2015,855898,18801,45524
27055,Houston,2016,882634,18867,46782
27055,Houston,2017,906550,18852,48088
27055,Houston,2018,935750,18776,49838
27055,Houston,2019,962260,18854,51037
27055,Houston,2020,1040622,18823,55285
27055,Houston,2021,1108840,18796,58993
27055,Houston,2022,1148337,18715,61359
27055,Houston,2023,1194600,18577,64305
27055,Houston,2024,1245711,18352,67879
27057,Hubbard,2011,661179,20464,32309
27057,Hubbard,2012,703215,20360,34539
27057,Hubbard,2013,711344,20559,34600
27057,Hubbard,2014,731952,20455,35784
27057,Hubbard,2015,797136,20428,39022
27057,Hubbard,2016,859937,20450,42051
27057,Hubbard,2017,927043,20688,44811
27057,Hubbard,2018,1018616,21008,48487
27057,Hubbard,2019,1125941,21221,53058
27057,Hubbard,2020,1203327,21389,56259
27057,Hubbard,2021,1316093,21744,60527
27057,Hubbard,2022,1199303,21925,54700
27057,Hubbard,2023,1308512,22045,59356
27057,Hubbard,2024,1352590,22050,61342
27059,Isanti,2011,1362633,38189,35681
27059,Isanti,2012,1361921,38130,35718
27059,Isanti,2013,1401973,38037,36858
27059,Isanti,2014,1455207,38236,38059
27059,Isanti,2015,1519806,38236,39748
27059,Isanti,2016,1597759,38709,41276
27059,Isanti,2017,1663878,39474,42151
27059,Isanti,2018,1768263,39774,44458
27059,Isanti,2019,1865450,40367,46212
27059,Isanti,2020,2026302,41390,48956
27059,Isanti,2021,2201342,41964,52458
27059,Isanti,2022,2257265,42725,52832
27059,Isanti,2023,2348651,43212,54352
27059,Isanti,2024,2478844,43687,56741
27061,Itasca,2011,1529640,45071,33938
27061,Itasca,2012,1584981,45091,35151
27061,Itasca,2013,1599120,45249,35340
27061,Itasca,2014,1677267,45216,37095
27061,Itasca,2015,1806665,45131,40032
27061,Itasca,2016,1788399,45008,39735
27061,Itasca,2017,1835327,44906,40870
27061,Itasca,2018,1970119,44923,43855
27061,Itasca,2019,1999402,44983,44448
27061,Itasca,2020,2179631,45043,48390
27061,Itasca,2021,2387299,45113,52918
27061,Itasca,2022,2362962,45258,52211
27061,Itasca,2023,2464651,45518,54147
27061,Itasca,2024,2620600,45442,57669
27063,Jackson,2011,470629,10223,46036
27063,Jackson,2012,512803,10356,49517
27063,Jackson,2013,501006,10349,48411
27063,Jackson,2014,481454,10359,46477
27063,Jackson,2015,481989,10203,47240
27063,Jackson,2016,456811,10087,45287
27063,Jackson,2017,484345,10113,47893
27063,Jackson,2018,499486,10031,49794
27063,Jackson,2019,512655,9984,51348
27063,Jackson,2020,583677,9990,58426
27063,Jackson,2021,624539,10003,62435
27063,Jackson,2022,635479,9905,64157
27063,Jackson,2023,609576,9904,61548
27063,Jackson,2024,624830,9861,63364
27065,Kanabec,2011,513858,16180,31759
27065,Kanabec,2012,528580,15893,33259
27065,Kanabec,2013,545387,15893,34316
27065,Kanabec,2014,581609,15819,36766
27065,Kanabec,2015,608511,15699,38761
27065,Kanabec,2016,634617,15662,40520
27065,Kanabec,2017,653772,15798,41383
27065,Kanabec,2018,676483,15979,42336
27065,Kanabec,2019,702815,16011,43896
27065,Kanabec,2020,789779,16058,49183
27065,Kanabec,2021,839147,16179,51866
27065,Kanabec,2022,824462,16465,50074
27065,Kanabec,2023,850155,16639,51094
27065,Kanabec,2024,896878,16608,54003
27067,Kandiyohi,2011,1775196,42276,41991
27067,Kandiyohi,2012,1871892,42509,44035
27067,Kandiyohi,2013,1860363,42649,43620
27067,Kandiyohi,2014,1898447,42745,44413
27067,Kandiyohi,2015,2079046,42939,48419
27067,Kandiyohi,2016,2080609,43030,48353
27067,Kandiyohi,2017,2209087,43163,51180
27067,Kandiyohi,2018,2215970,43323,51150
27067,Kandiyohi,2019,2204477,43667,50484
27067,Kandiyohi,2020,2359025,43723,53954
27067,Kandiyohi,2021,2561792,43818,58464
27067,Kandiyohi,2022,2653893,43904,60448
27067,Kandiyohi,2023,2819809,44277,63686
27067,Kandiyohi,2024,2955071,44674,66147
27069,Kittson,2011,191123,4537,42125
27069,Kittson,2012,232804,4492,51826
27069,Kittson,2013,231353,4490,51526
27069,Kittson,2014,201009,4444,45232
27069,Kittson,2015,206808,4397,47034
27069,Kittson,2016,199628,4307,46350
27069,Kittson,2017,203330,4243,47921
27069,Kittson,2018,209004,4255,49120
27069,Kittson,2019,197984,4262,46453
27069,Kittson,2020,261304,4190,62364
27069,Kittson,2021,281975,4162,67750
27069,Kittson,2022,291524,4058,71839
27069,Kittson,2023,269577,4020,67059
27069,Kittson,2024,252778,3992,63321
27071,Koochiching,2011,468855,13233,35431
27071,Koochiching,2012,466935,13157,35489
27071,Koochiching,2013,465649,13079,35603
27071,Koochiching,2014,455936,12833,35528
27071,Koochiching,2015,465913,12777,36465
27071,Koochiching,2016,467541,12583,37157
27071,Koochiching,2017,476359,12477,38179
27071,Koochiching,2018,521466,12372,42149
27071,Koochiching,2019,541889,12166,44541
27071,Koochiching,2020,571058,12032,47462
27071,Koochiching,2021,607881,11945,50890
27071,Koochiching,2022,633172,11846,53450
27071,Koochiching,2023,648427,11750,55185
27071,Koochiching,2024,667868,11594,57605
27073,Lac qui Parle,2011,334585,7240,46213
27073,Lac qui Parle,2012,373998,7158,52249
27073,Lac qui Parle,2013,352482,7057,49948
27073,Lac qui Parle,2014,307687,6967,44163
27073,Lac qui Parle,2015,322769,6958,46388
27073,Lac qui Parle,2016,310962,6842,45449
27073,Lac qui Parle,2017,317383,6796,46701
27073,Lac qui Parle,2018,322171,6773,47567
27073,Lac qui Parle,2019,334588,6773,49400
27073,Lac qui Parle,2020,381838,6700,56991
27073,Lac qui Parle,2021,431918,6703,64437
27073,Lac qui Parle,2022,467836,6688,69952
27073,Lac qui Parle,2023,455732,6684,68183
27073,Lac qui Parle,2024,453081,6636,68276
27075,Lake,2011,414942,10811,38381
27075,Lake,2012,430479,10851,39672
27075,Lake,2013,432552,10790,40088
27075,Lake,2014,449679,10712,41979
27075,Lake,2015,462850,10677,43350
27075,Lake,2016,449752,10664,42175
27075,Lake,2017,470638,10671,44104
27075,Lake,2018,509675,10824,47087
27075,Lake,2019,507789,10866,46732
27075,Lake,2020,535746,10911,49101
27075,Lake,2021,594518,11006,54018
27075,Lake,2022,594283,10919,54427
27075,Lake,2023,622297,10861,57296
27075,Lake,2024,649176,10698,60682
27077,Lake of the Woods,2011,152814,4013,38080
27077,Lake of the Woods,2012,155995,3950,39492
27077,Lake of the Woods,2013,156458,3916,39954
27077,Lake of the Woods,2014,169587,3897,43517
27077,Lake of the Woods,2015,186591,3878,48115
27077,Lake of the Woods,2016,181699,3799,47828
27077,Lake of the Woods,2017,195748,3740,52339
27077,Lake of the Woods,2018,203183,3733,54429
27077,Lake of the Woods,2019,197804,3749,52762
27077,Lake of the Woods,2020,214250,3770,56830
27077,Lake of the Woods,2021,232007,3831,60560
27077,Lake of the Woods,2022,232417,3902,59564
27077,Lake of the Woods,2023,242005,3804,63619
27077,Lake of the Woods,2024,248482,3797,65442
27079,Le Sueur,2011,1059639,27770,38158
27079,Le Sueur,2012,1118349,27638,40464
27079,Le Sueur,2013,1126738,27670,40721
27079,Le Sueur,2014,1183568,27766,42627
27079,Le Sueur,2015,1215873,27697,43899
27079,Le Sueur,2016,1258160,27674,45464
27079,Le Sueur,2017,1306242,28103,46481
27079,Le Sueur,2018,1390353,28481,48817
27079,Le Sueur,2019,1427637,28741,49672
27079,Le Sueur,2020,1545533,28648,53949
27079,Le Sueur,2021,1737348,28918,60078
27079,Le Sueur,2022,1786856,29205,61183
27079,Le Sueur,2023,1839544,29334,62710
27079,Le Sueur,2024,1896089,29458,64366
27081,Lincoln,2011,240743,5815,41400
27081,Lincoln,2012,249883,5768,43322
27081,Lincoln,2013,242855,5773,42067
27081,Lincoln,2014,237023,5788,40951
27081,Lincoln,2015,240145,5737,41859
27081,Lincoln,2016,230397,5737,40160
27081,Lincoln,2017,251120,5702,44041
27081,Lincoln,2018,247572,5700,43434
27081,Lincoln,2019,259925,5670,45842
27081,Lincoln,2020,288600,5639,51179
27081,Lincoln,2021,321231,5593,57434
27081,Lincoln,2022,351024,5626,62393
27081,Lincoln,2023,340123,5594,60801
27081,Lincoln,2024,336665,5564,60508
27083,Lyon,2011,1046747,25821,40539
27083,Lyon,2012,1082244,25615,42250
27083,Lyon,2013,1110342,25693,43216
27083,Lyon,2014,1126694,25734,43782
27083,Lyon,2015,1171993,25775,45470
27083,Lyon,2016,1143457,25930,44098
27083,Lyon,2017,1222260,25898,47195
27083,Lyon,2018,1231648,25569,48170
27083,Lyon,2019,1243262,25482,48790
27083,Lyon,2020,1368367,25426,53818
27083,Lyon,2021,1498021,25495,58757
27083,Lyon,2022,1561107,25513,61189
27083,Lyon,2023,1562309,25503,61260
27083,Lyon,2024,1595131,25577,62366
27085,McLeod,2011,1395164,36471,38254
27085,McLeod,2012,1460373,36161,40385
27085,McLeod,2013,1467950,36226,40522
27085,McLeod,2014,1546219,36203,42710
27085,McLeod,2015,1573592,36341,43301
27085,McLeod,2016,1592110,36380,43763
27085,McLeod,2017,1632064,36596,44597
27085,McLeod,2018,1719906,36635,46947
27085,McLeod,2019,1744089,36765,47439
27085,McLeod,2020,1898662,36751,51663
27085,McLeod,2021,2118350,36819,57534
27085,McLeod,2022,2185856,36791,59413
27085,McLeod,2023,2248868,36850,61028
27085,McLeod,2024,2350527,36780,63908
27087,Mahnomen,2011,164680,5465,30134
27087,Mahnomen,2012,182376,5490,33220
27087,Mahnomen,2013,178833,5448,32825
27087,Mahnomen,2014,173140,5470,31653
27087,Mahnomen,2015,177407,5397,32871
27087,Mahnomen,2016,178841,5434,32911
27087,Mahnomen,2017,182631,5520,33085
27087,Mahnomen,2018,190807,5442,35062
27087,Mahnomen,2019,190453,5484,34729
27087,Mahnomen,2020,222729,5391,41315
27087,Mahnomen,2021,262272,5415,48434
27087,Mahnomen,2022,264721,5354,49444
27087,Mahnomen,2023,258611,5332,48502
27087,Mahnomen,2024,273359,5296,51616
27089,Marshall,2011,405669,9423,43051
27089,Marshall,2012,476782,9407,50684
27089,Marshall,2013,472254,9336,50584
27089,Marshall,2014,439144,9297,47235
27089,Marshall,2015,447802,9260,48359
27089,Marshall,2016,453315,9191,49322
27089,Marshall,2017,451759,9152,49362
27089,Marshall,2018,486518,9137,53247
27089,Marshall,2019,479326,9080,52789
27089,Marshall,2020,587865,9043,65008
27089,Marshall,2021,660949,9013,73333
27089,Marshall,2022,708745,8890,79724
27089,Marshall,2023,628125,8822,71200
27089,Marshall,2024,615476,8771,70172
27091,Martin,2011,889326,20688,42988
27091,Martin,2012,951056,20572,46231
27091,Martin,2013,918646,20583,44631
27091,Martin,2014,934784,20455,45700
27091,Martin,2015,946166,20298,46614
27091,Martin,2016,902369,20226,44614
27091,Martin,2017,947220,20222,46841
27091,Martin,2018,1002363,20177,49678
27091,Martin,2019,1019111,20095,50715
27091,Martin,2020,1087512,19993,54395
27091,Martin,2021,1232172,19933,61816
27091,Martin,2022,1268951,19687,64456
27091,Martin,2023,1214181,19728,61546
27091,Martin,2024,1273012,19561,65079
27093,Meeker,2011,817055,23211,35201
27093,Meeker,2012,855650,23064,37099
27093,Meeker,2013,846266,23124,36597
27093,Meeker,2014,882446,23173,38081
27093,Meeker,2015,927367,23102,40142
27093,Meeker,2016,916398,23145,39594
27093,Meeker,2017,971777,23111,42048
27093,Meeker,2018,1013335,23206,43667
27093,Meeker,2019,1025999,23261,44108
27093,Meeker,2020,1145357,23433,48878
27093,Meeker,2021,1248888,23403,53364
27093,Meeker,2022,1310604,23526,55709
27093,Meeker,2023,1345489,23485,57291
27093,Meeker,2024,1403987,23491,59767
27095,Mille Lacs,2011,855829,25882,33067
27095,Mille Lacs,2012,881973,25702,34315
27095,Mille Lacs,2013,907609,25757,35237
27095,Mille Lacs,2014,945853,25690,36818
27095,Mille Lacs,2015,972288,25652,37903
27095,Mille Lacs,2016,996853,25798,38641
27095,Mille Lacs,2017,1036552,26080,39745
27095,Mille Lacs,2018,1089561,26329,41383
27095,Mille Lacs,2019,1144870,26466,43258
27095,Mille Lacs,2020,1246748,26456,47125
27095,Mille Lacs,2021,1391539,26903,51724
27095,Mille Lacs,2022,1391290,27270,51019
27095,Mille Lacs,2023,1450286,27418,52895
27095,Mille Lacs,2024,1520774,27577,55146
27097,Morrison,2011,1144128,33357,34299
27097,Morrison,2012,1191918,33277,35818
27097,Morrison,2013,1189806,33116,35928
27097,Morrison,2014,1251619,33143,37764
27097,Morrison,2015,1274959,33181,38424
27097,Morrison,2016,1273358,33397,38128
27097,Morrison,2017,1342203,33643,39895
27097,Morrison,2018,1396184,33744,41376
27097,Morrison,2019,1416168,34053,41587
27097,Morrison,2020,1605457,34003,47215
27097,Morrison,2021,1742765,34072,51149
27097,Morrison,2022,1822360,34284,53155
27097,Morrison,2023,1837836,34366,53478
27097,Morrison,2024,1902590,34520,55116
27099,Mower,2011,1553977,39336,39505
27099,Mower,2012,1611929,39374,40939
27099,Mower,2013,1659805,39294,42241
27099,Mower,2014,1625452,39370,41287
27099,Mower,2015,1748962,39442,44343
27099,Mower,2016,1718889,39490,43527
27099,Mower,2017,1774733,39713,44689
27099,Mower,2018,1819833,40035,45456
27099,Mower,2019,1817312,39943,45498
27099,Mower,2020,1998881,40062,49895
27099,Mower,2021,2213532,40229,55023
27099,Mower,2022,2205759,40174,54905
27099,Mower,2023,2303462,40352,57084
27099,Mower,2024,2354916,40900,57577
27101,Murray,2011,428710,8632,49665
27101,Murray,2012,431237,8576,50284
27101,Murray,2013,412303,8513,48432
27101,Murray,2014,401567,8443,47562
27101,Murray,2015,415918,8401,49508
27101,Murray,2016,372393,8316,44780
27101,Murray,2017,395396,8338,47421
27101,Murray,2018,414995,8258,50254
27101,Murray,2019,426008,8209,51895
27101,Murray,2020,504561,8166,61788
27101,Murray,2021,522696,8135,64253
27101,Murray,2022,573262,8051,71204
27101,Murray,2023,554530,8087,68571
27101,Murray,2024,562542,8044,69933
27103,Nicollet,2011,1305382,32970,39593
27103,Nicollet,2012,1400562,33028,42405
27103,Nicollet,2013,1405278,32994,42592
27103,Nicollet,2014,1424644,33390,42667
27103,Nicollet,2015,1500534,33542,44736
27103,Nicollet,2016,1494384,33762,44262
27103,Nicollet,2017,1593360,34076,46759
27103,Nicollet,2018,1652081,34229,48266
27103,Nicollet,2019,1713595,34306,49950
27103,Nicollet,2020,1834805,34498,53186
27103,Nicollet,2021,1956871,34361,56950
27103,Nicollet,2022,2033089,34381,59134
27103,Nicollet,2023,2103190,34320,61282
27103,Nicollet,2024,2196274,34493,63673
27105,Nobles,2011,861268,21717,39659
27105,Nobles,2012,879804,21916,40144
27105,Nobles,2013,865035,22058,39216
27105,Nobles,2014,908995,22040,41243
27105,Nobles,2015,947623,22173,42738
27105,Nobles,2016,871798,22394,38930
27105,Nobles,2017,919648,22238,41355
27105,Nobles,2018,945462,22396,42216
27105,Nobles,2019,964597,22384,43093
27105,Nobles,2020,1146125,22207,51611
27105,Nobles,2021,1210504,22076,54833
27105,Nobles,2022,1307680,22030,59359
27105,Nobles,2023,1323192,21921,60362
27105,Nobles,2024,1344571,21969,61203
27107,Norman,2011,259874,6819,38110
27107,Norman,2012,288181,6625,43499
27107,Norman,2013,269918,6631,40705
27107,Norman,2014,223421,6626,33719
27107,Norman,2015,230983,6676,34599
27107,Norman,2016,223714,6602,33886
27107,Norman,2017,235359,6663,35323
27107,Norman,2018,241371,6561,36789
27107,Norman,2019,242983,6481,37492
27107,Norman,2020,322395,6436,50092
27107,Norman,2021,387987,6443,60218
27107,Norman,2022,396053,6354,62331
27107,Norman,2023,349203,6318,55271
27107,Norman,2024,345402,6284,54965
27109,Olmsted,2011,6700499,146313,45796
27109,Olmsted,2012,7031284,147781,47579
27109,Olmsted,2013,7140058,150120,47562
27109,Olmsted,2014,7438165,151708,49029
27109,Olmsted,2015,7804286,153445,50860
27109,Olmsted,2016,8116470,155770,52105
27109,Olmsted,2017,8518498,157579,54059
27109,Olmsted,2018,9032231,159481,56635
27109,Olmsted,2019,9380597,161628,58038
27109,Olmsted,2020,10071650,163041,61774
27109,Olmsted,2021,10873022,163755,66398
27109,Olmsted,2022,11208282,164151,68280
27109,Olmsted,2023,11817492,165119,71570
27109,Olmsted,2024,12460643,166424,74873
27111,Otter Tail,2011,2175443,57449,37867
27111,Otter Tail,2012,2268223,57526,39430
27111,Otter Tail,2013,2333280,57935,40274
27111,Otter Tail,2014,2476438,58060,42653
27111,Otter Tail,2015,2503669,58236,42992
27111,Otter Tail,2016,2517497,58670,42909
27111,Otter Tail,2017,2647996,59176,44748
27111,Otter Tail,2018,2735517,59698,45823
27111,Otter Tail,2019,2812994,59912,46952
27111,Otter Tail,2020,3193255,60068,53161
27111,Otter Tail,2021,3412509,60206,56681
27111,Otter Tail,2022,3506574,60530,57931
27111,Otter Tail,2023,3628508,60687,59791
27111,Otter Tail,2024,3778062,60884,62053
27113,Pennington,2011,589847,14084,41881
27113,Pennington,2012,644195,14147,45536
27113,Pennington,2013,652458,14179,46016
27113,Pennington,2014,659275,14160,46559
27113,Pennington,2015,678425,14296,47456
27113,Pennington,2016,692093,14287,48442
27113,Pennington,2017,719511,14245,50510
27113,Pennington,2018,783098,14235,55012
27113,Pennington,2019,760348,14136,53788
27113,Pennington,2020,827340,13950,59308
27113,Pennington,2021,983865,13790,71346
27113,Pennington,2022,924311,13832,66824
27113,Pennington,2023,931747,13732,67852
27113,Pennington,2024,977624,13652,71610
27115,Pine,2011,874050,29556,29573
27115,Pine,2012,881049,29080,30297
27115,Pine,2013,900337,28908,31145
27115,Pine,2014,940824,28861,32598
27115,Pine,2015,973033,28778,33812
27115,Pine,2016,1002945,28548,35132
27115,Pine,2017,1044455,28781,36290
27115,Pine,2018,1088930,29020,37523
27115,Pine,2019,1129434,28948,39016
27115,Pine,2020,1240512,28891,42938
27115,Pine,2021,1349408,29410,45883
27115,Pine,2022,1333206,29458,45258
27115,Pine,2023,1398513,30124,46425
27115,Pine,2024,1475823,30319,48677
27117,Pipestone,2011,433182,9566,45284
27117,Pipestone,2012,445914,9466,47107
27117,Pipestone,2013,431749,9405,45906
27117,Pipestone,2014,465494,9456,49227
27117,Pipestone,2015,457983,9462,48402
27117,Pipestone,2016,425023,9439,45028
27117,Pipestone,2017,473640,9388,50452
27117,Pipestone,2018,486744,9378,51903
27117,Pipestone,2019,487113,9433,51639
27117,Pipestone,2020,536570,9414,56997
27117,Pipestone,2021,602960,9352,64474
27117,Pipestone,2022,664822,9320,71333
27117,Pipestone,2023,664593,9235,71965
27117,Pipestone,2024,684970,9100,75271
27119,Polk,2011,1237580,31571,39200
27119,Polk,2012,1349397,31570,42743
27119,Polk,2013,1400636,31719,44158
27119,Polk,2014,1320827,31598,41801
27119,Polk,2015,1346801,31627,42584
27119,Polk,2016,1362992,31820,42834
27119,Polk,2017,1389899,31785,43728
27119,Polk,2018,1438122,31534,45605
27119,Polk,2019,1462974,31521,46413
27119,Polk,2020,1667497,31081,53650
27119,Polk,2021,1836871,30831,59579
27119,Polk,2022,1884782,30760,61274
27119,Polk,2023,1860782,30438,61134
27119,Polk,2024,1887417,30413,62060
27121,Pope,2011,425983,10912,39038
27121,Pope,2012,475496,10896,43640
27121,Pope,2013,485854,10891,44611
27121,Pope,2014,493774,10941,45131
27121,Pope,2015,505473,10954,46145
27121,Pope,2016,495989,10999,45094
27121,Pope,2017,522117,11018,47388
27121,Pope,2018,547770,11126,49233
27121,Pope,2019,558141,11259,49573
27121,Pope,2020,641244,11330,56597
27121,Pope,2021,733253,11418,64219
27121,Pope,2022,727454,11429,63650
27121,Pope,2023,751583,11419,65819
27121,Pope,2024,770042,11495,66989
27123,Ramsey,2011,22371542,516306,43330
27123,Ramsey,2012,23312823,521903,44669
27123,Ramsey,2013,23662430,528433,44778
27123,Ramsey,2014,25040786,534499,46849
27123,Ramsey,2015,26361906,538731,48933
27123,Ramsey,2016,27149665,543890,49918
27123,Ramsey,2017,28050054,547534,51230
27123,Ramsey,2018,29289607,551876,53073
27123,Ramsey,2019,29895802,552968,54064
27123,Ramsey,2020,31894451,551739,57807
27123,Ramsey,2021,35090056,544068,64496
27123,Ramsey,2022,35548090,538430,66022
27123,Ramsey,2023,37209413,538474,69102
27123,Ramsey,2024,38900092,542015,71769
27125,Red Lake,2011,157742,4070,38757
27125,Red Lake,2012,176036,4035,43627
27125,Red Lake,2013,175275,3995,43874
27125,Red Lake,2014,169231,3949,42854
27125,Red Lake,2015,175442,3972,44170
27125,Red Lake,2016,174196,3918,44460
27125,Red Lake,2017,187827,3926,47842
27125,Red Lake,2018,196454,3875,50698
27125,Red Lake,2019,197012,3935,50067
27125,Red Lake,2020,224471,3942,56943
27125,Red Lake,2021,269963,3949,68362
27125,Red Lake,2022,279625,3888,71920
27125,Red Lake,2023,265144,3913,67760
27125,Red Lake,2024,272740,3882,70258
27127,Redwood,2011,705318,16068,43896
27127,Redwood,2012,733321,15891,46147
27127,Redwood,2013,742042,15791,46991
27127,Redwood,2014,772439,15667,49304
27127,Redwood,2015,796651,15594,51087
27127,Redwood,2016,715054,15421,46369
27127,Redwood,2017,696035,15481,44961
27127,Redwood,2018,734683,15516,47350
27127,Redwood,2019,794667,15453,51425
27127,Redwood,2020,934224,15422,60577
27127,Redwood,2021,1092876,15394,70994
27127,Redwood,2022,1159825,15362,75500
27127,Redwood,2023,1240194,15320,80953
27127,Redwood,2024,1264675,15254,82908
27129,Renville,2011,668066,15464,43201
27129,Renville,2012,748367,15348,48760
27129,Renville,2013,749783,15163,49448
27129,Renville,2014,698713,15055,46411
27129,Renville,2015,728567,14948,48740
27129,Renville,2016,672584,14777,45516
27129,Renville,2017,702577,14889,47188
27129,Renville,2018,719448,14865,48399
27129,Renville,2019,695234,14817,46921
27129,Renville,2020,819547,14686,55805
27129,Renville,2021,922891,14600,63212
27129,Renville,2022,968336,14540,66598
27129,Renville,2023,936297,14509,64532
27129,Renville,2024,952131,14453,65878
27131,Rice,2011,2274974,64459,35293
27131,Rice,2012,2376128,64440,36873
27131,Rice,2013,2398072,64648,37094
27131,Rice,2014,2508685,65006,38592
27131,Rice,2015,2605066,65341,39869
27131,Rice,2016,2638963,65868,40064
27131,Rice,2017,2768478,66205,41817
27131,Rice,2018,2896198,66591,43492
27131,Rice,2019,2977570,67024,44425
27131,Rice,2020,3196567,67100,47639
27131,Rice,2021,3579863,67344,53158
27131,Rice,2022,3623044,67696,53519
27131,Rice,2023,3765808,68420,55040
27131,Rice,2024,3945502,69025,57160
27133,Rock,2011,432602,9650,44829
27133,Rock,2012,448993,9572,46907
27133,Rock,2013,426430,9558,44615
27133,Rock,2014,458043,9554,47943
27133,Rock,2015,466314,9663,48258
27133,Rock,2016,426739,9652,44212
27133,Rock,2017,464709,9768,47575
27133,Rock,2018,471353,9737,48408
27133,Rock,2019,462972,9699,47734
27133,Rock,2020,549881,9687,56765
27133,Rock,2021,562892,9697,58048
27133,Rock,2022,616654,9596,64262
27133,Rock,2023,605861,9601,63104
27133,Rock,2024,632432,9525,66397
27135,Roseau,2011,624900,15545,40199
27135,Roseau,2012,676800,15564,43485
27135,Roseau,2013,642534,15571,41265
27135,Roseau,2014,647999,15772,41085
27135,Roseau,2015,685946,15738,43585
27135,Roseau,2016,673687,15696,42921
27135,Roseau,2017,689417,15468,44571
27135,Roseau,2018,740471,15335,48286
27135,Roseau,2019,723478,15386,47022
27135,Roseau,2020,822360,15310,53714
27135,Roseau,2021,935772,15284,61226
27135,Roseau,2022,945135,15359,61536
27135,Roseau,2023,954055,15293,62385
27135,Roseau,2024,965446,15265,63246
27137,St. Louis,2011,8006183,200621,39907
27137,St. Louis,2012,8144519,200727,40575
27137,St. Louis,2013,8052362,200980,40065
27137,St. Louis,2014,8345590,201344,41449
27137,St. Louis,2015,8535081,201154,42431
27137,St. Louis,2016,8467845,200941,42141
27137,St. Louis,2017,8753062,200937,43561
27137,St. Louis,2018,9321767,201062,46363
27137,St. Louis,2019,9577877,200571,47753
27137,St. Louis,2020,10150938,200083,50734
27137,St. Louis,2021,11183165,199522,56050
27137,St. Louis,2022,11287977,199598,56554
27137,St. Louis,2023,11795148,200618,58794
27137,St. Louis,2024,12422450,200794,61867
27139,Scott,2011,6315528,132658,47608
27139,Scott,2012,6706487,135279,49575
27139,Scott,2013,6830823,137481,49686
27139,Scott,2014,7265177,139461,52095
27139,Scott,2015,7606121,141696,53679
27139,Scott,2016,8015454,143780,55748
27139,Scott,2017,8456631,146029,57911
27139,Scott,2018,9039010,147849,61137
27139,Scott,2019,9341461,149575,62453
27139,Scott,2020,9867326,151356,65193
27139,Scott,2021,11120691,153633,72385
27139,Scott,2022,11840233,154606,76583
27139,Scott,2023,12693107,155986,81373
27139,Scott,2024,13347002,157206,84901
27141,Sherburne,2011,3361790,89120,37722
27141,Sherburne,2012,3461327,89185,38811
27141,Sherburne,2013,3579794,89670,39922
27141,Sherburne,2014,3708366,90364,41038
27141,Sherburne,2015,3905767,90769,43030
27141,Sherburne,2016,4076328,92447,44094
27141,Sherburne,2017,4333020,93599,46293
27141,Sherburne,2018,4480640,95011,47159
27141,Sherburne,2019,4740554,96241,49257
27141,Sherburne,2020,5082804,97589,52084
27141,Sherburne,2021,5582575,99220,56265
27141,Sherburne,2022,5725381,100617,56903
27141,Sherburne,2023,6018764,102313,58827
27141,Sherburne,2024,6354859,103059,61662
27143,Sibley,2011,606374,15176,39956
27143,Sibley,2012,637001,15098,42191
27143,Sibley,2013,629285,15081,41727
27143,Sibley,2014,628851,14965,42021
27143,Sibley,2015,646011,14932,43264
27143,Sibley,2016,628547,14878,42247
27143,Sibley,2017,661945,14969,44221
27143,Sibley,2018,688204,15085,45622
27143,Sibley,2019,700109,14937,46871
27143,Sibley,2020,782580,14801,52873
27143,Sibley,2021,871154,14935,58330
27143,Sibley,2022,907193,14964,60625
27143,Sibley,2023,919881,15131,60794
27143,Sibley,2024,950815,15194,62578
27145,Stearns,2011,5655580,150927,37472
27145,Stearns,2012,5905999,151118,39082
27145,Stearns,2013,6080078,151454,40145
27145,Stearns,2014,6458234,152512,42346
27145,Stearns,2015,6638559,154199,43052
27145,Stearns,2016,6663475,155053,42975
27145,Stearns,2017,7010935,155930,44962
27145,Stearns,2018,7341309,157096,46731
27145,Stearns,2019,7652511,157782,48501
27145,Stearns,2020,8473276,158488,53463
27145,Stearns,2021,9384489,159222,58940
27145,Stearns,2022,9726410,160556,60580
27145,Stearns,2023,10121011,162060,62452
27145,Stearns,2024,10649107,163997,64935
27147,Steele,2011,1413319,36672,38539
27147,Steele,2012,1459118,36497,39979
27147,Steele,2013,1503129,36628,41038
27147,Steele,2014,1497690,36830,40665
27147,Steele,2015,1535506,37031,41465
27147,Steele,2016,1542940,37151,41532
27147,Steele,2017,1648065,37370,44101
27147,Steele,2018,1685816,37415,45057
27147,Steele,2019,1727660,37396,46199
27147,Steele,2020,1875487,37381,50172
27147,Steele,2021,2093776,37432,55935
27147,Steele,2022,2099645,37470,56035
27147,Steele,2023,2166357,37476,57807
27147,Steele,2024,2284969,37434,61040
27149,Stevens,2011,444591,9698,45844
27149,Stevens,2012,560806,9717,57714
27149,Stevens,2013,514786,9728,52918
27149,Stevens,2014,515919,9830,52484
27149,Stevens,2015,465916,9846,47320
27149,Stevens,2016,432920,9757,44370
27149,Stevens,2017,440637,9655,45638
27149,Stevens,2018,441860,9688,45609
27149,Stevens,2019,454446,9752,46600
27149,Stevens,2020,536198,9664,55484
27149,Stevens,2021,592113,9687,61124
27149,Stevens,2022,624721,9692,64457
27149,Stevens,2023,562124,9834,57161
27149,Stevens,2024,597720,9819,60874
27151,Swift,2011,400230,9764,40990
27151,Swift,2012,452331,9787,46218
27151,Swift,2013,436528,9773,44667
27151,Swift,2014,454150,9773,46470
27151,Swift,2015,497742,9728,51166
27151,Swift,2016,449220,9878,45477
27151,Swift,2017,442171,9887,44722
27151,Swift,2018,446488,9868,45246
27151,Swift,2019,447147,9909,45125
27151,Swift,2020,517885,9816,52759
27151,Swift,2021,587315,9800,59930
27151,Swift,2022,685900,9774,70176
27151,Swift,2023,718080,9686,74136
27151,Swift,2024,723676,9666,74868
27153,Todd,2011,840098,24946,33677
27153,Todd,2012,886789,24758,35818
27153,Todd,2013,869537,24644,35284
27153,Todd,2014,910452,24559,37072
27153,Todd,2015,907395,24589,36902
27153,Todd,2016,894528,24731,36170
27153,Todd,2017,992190,24914,39825
27153,Todd,2018,1030682,25040,41161
27153,Todd,2019,1071245,25203,42505
27153,Todd,2020,1106448,25290,43750
27153,Todd,2021,1408913,25289,55712
27153,Todd,2022,1500342,25568,58680
27153,Todd,2023,1620793,25773,62887
27153,Todd,2024,1675174,25955,64541
27155,Traverse,2011,153073,3508,43635
27155,Traverse,2012,223308,3438,64953
27155,Traverse,2013,216903,3452,62834
27155,Traverse,2014,171070,3446,49643
27155,Traverse,2015,186386,3454,53962
27155,Traverse,2016,167791,3423,49019
27155,Traverse,2017,171839,3416,50304
27155,Traverse,2018,171671,3412,50314
27155,Traverse,2019,165747,3398,48778
27155,Traverse,2020,220696,3360,65683
27155,Traverse,2021,244795,3280,74633
27155,Traverse,2022,286079,3261,87727
27155,Traverse,2023,262609,3175,82711
27155,Traverse,2024,257327,3134,82108
27157,Wabasha,2011,853728,21581,39559
27157,Wabasha,2012,900821,21491,41916
27157,Wabasha,2013,898772,21495,41813
27157,Wabasha,2014,927174,21369,43389
27157,Wabasha,2015,930663,21274,43746
27157,Wabasha,2016,938864,21305,44068
27157,Wabasha,2017,989943,21433,46188
27157,Wabasha,2018,1022838,21407,47781
27157,Wabasha,2019,1066258,21341,49963
27157,Wabasha,2020,1195119,21399,55849
27157,Wabasha,2021,1292566,21512,60086
27157,Wabasha,2022,1316516,21654,60798
27157,Wabasha,2023,1346205,21685,62080
27157,Wabasha,2024,1417332,21574,65696
27159,Wadena,2011,428088,13689,31272
27159,Wadena,2012,445182,13676,32552
27159,Wadena,2013,457710,13739,33315
27159,Wadena,2014,475808,13719,34682
27159,Wadena,2015,495666,13827,35848
27159,Wadena,2016,497757,13747,36208
27159,Wadena,2017,515517,13869,37170
27159,Wadena,2018,538958,13996,38508
27159,Wadena,2019,548637,13951,39326
27159,Wadena,2020,616686,14120,43675
27159,Wadena,2021,675378,14146,47743
27159,Wadena,2022,685316,14284,47978
27159,Wadena,2023,718833,14293,50293
27159,Wadena,2024,759334,14437,52596
27161,Waseca,2011,769054,19238,39976
27161,Waseca,2012,808045,19269,41935
27161,Waseca,2013,811646,19173,42333
27161,Waseca,2014,820053,19110,42912
27161,Waseca,2015,854743,19148,44639
27161,Waseca,2016,788112,19064,41340
27161,Waseca,2017,788241,19020,41443
27161,Waseca,2018,779281,18992,41032
27161,Waseca,2019,785143,18938,41459
27161,Waseca,2020,890065,18955,46957
27161,Waseca,2021,1030650,18997,54253
27161,Waseca,2022,1127317,18884,59697
27161,Waseca,2023,1215673,18905,64304
27161,Waseca,2024,1276264,18684,68308
27163,Washington,2011,12444106,241768,51471
27163,Washington,2012,12910786,244333,52841
27163,Washington,2013,13423702,246887,54372
27163,Washington,2014,14360398,249736,57502
27163,Washington,2015,15173719,251910,60235
27163,Washington,2016,15650351,254356,61529
27163,Washington,2017,16587488,257690,64370
27163,Washington,2018,17330068,261215,66344
27163,Washington,2019,18261573,265058,68897
27163,Washington,2020,19104162,268400,71178
27163,Washington,2021,21060571,272904,77172
27163,Washington,2022,21876793,276530,79112
27163,Washington,2023,23237116,279398,83169
27163,Washington,2024,24482301,283960,86217
27165,Watonwan,2011,434119,11225,38674
27165,Watonwan,2012,451521,11216,40257
27165,Watonwan,2013,438871,11194,39206
27165,Watonwan,2014,422264,11171,37800
27165,Watonwan,2015,426869,11252,37937
27165,Watonwan,2016,434309,11286,38482
27165,Watonwan,2017,452865,11241,40287
27165,Watonwan,2018,473289,11338,41744
27165,Watonwan,2019,495824,11266,44011
27165,Watonwan,2020,558269,11238,49677
27165,Watonwan,2021,622465,11161,55771
27165,Watonwan,2022,645292,11245,57385
27165,Watonwan,2023,623887,11179,55809
27165,Watonwan,2024,634129,11204,56598
27167,Wilkin,2011,309445,6620,46744
27167,Wilkin,2012,364783,6671,54682
27167,Wilkin,2013,360443,6611,54522
27167,Wilkin,2014,307706,6616,46509
27167,Wilkin,2015,315993,6550,48243
27167,Wilkin,2016,312207,6552,47651
27167,Wilkin,2017,321401,6592,48756
27167,Wilkin,2018,326200,6539,49885
27167,Wilkin,2019,315635,6542,48247
27167,Wilkin,2020,378255,6480,58373
27167,Wilkin,2021,440162,6413,68636
27167,Wilkin,2022,479927,6363,75425
27167,Wilkin,2023,480825,6330,75960
27167,Wilkin,2024,459572,6268,73320
27169,Winona,2011,1979862,51251,38631
27169,Winona,2012,2180349,51158,42620
27169,Winona,2013,2069990,51066,40536
27169,Winona,2014,2201748,50715,43414
27169,Winona,2015,2260274,50402,44845
27169,Winona,2016,2313556,50368,45933
27169,Winona,2017,2351454,50156,46883
27169,Winona,2018,2379461,50159,47438
27169,Winona,2019,2418239,49855,48505
27169,Winona,2020,2721222,49672,54784
27169,Winona,2021,2901215,49819,58235
27169,Winona,2022,2828515,49585,57044
27169,Winona,2023,2918148,49846,58543
27169,Winona,2024,3046737,49973,60968
27171,Wright,2011,5027247,126424,39765
27171,Wright,2012,5255022,127608,41181
27171,Wright,2013,5390901,128720,41881
27171,Wright,2014,5704812,130479,43722
27171,Wright,2015,5958992,131811,45209
27171,Wright,2016,6182720,133323,46374
27171,Wright,2017,6476238,135360,47845
27171,Wright,2018,6885962,137700,50007
27171,Wright,2019,7262145,139919,51902
27171,Wright,2020,7851080,141875,55338
27171,Wright,2021,8836311,145209,60852
27171,Wright,2022,9187915,148218,61989
27171,Wright,2023,9759556,151452,64440
27171,Wright,2024,10291888,154593,66574
27173,Yellow Medicine,2011,474328,10284,46123
27173,Yellow Medicine,2012,479373,10148,47238
27173,Yellow Medicine,2013,457453,10067,45441
27173,Yellow Medicine,2014,448311,9963,44998
27173,Yellow Medicine,2015,504184,9811,51390
27173,Yellow Medicine,2016,462749,9861,46927
27173,Yellow Medicine,2017,468091,9799,47769
27173,Yellow Medicine,2018,491217,9750,50381
27173,Yellow Medicine,2019,535873,9673,55399
27173,Yellow Medicine,2020,582429,9490,61373
27173,Yellow Medicine,2021,620753,9437,65779
27173,Yellow Medicine,2022,687034,9484,72441
27173,Yellow Medicine,2023,731638,9471,77250
27173,Yellow Medicine,2024,732553,9373,78156
