county_fips,county_name,year,bea_real_gdp,bea_nominal_gdp,bea_real_gdp_construction
27001,Aitkin,2011,457081,400184,16904
27001,Aitkin,2012,422468,378096,19933
27001,Aitkin,2013,416890,381804,19853
27001,Aitkin,2014,392998,368247,20559
27001,Aitkin,2015,439042,421728,20799
27001,Aitkin,2016,444131,435159,27418
27001,Aitkin,2017,450099,450099,26369
27001,Aitkin,2018,467027,479256,25919
27001,Aitkin,2019,489996,517189,27190
27001,Aitkin,2020,464813,505676,26882
27001,Aitkin,2021,503357,572450,27813
27001,Aitkin,2022,473290,577431,30634
27001,Aitkin,2023,483077,620658,24401
27003,Anoka,2011,12958695,11760572,661830
27003,Anoka,2012,13266432,12302366,722567
27003,Anoka,2013,13706870,12919613,785162
27003,Anoka,2014,14235505,13605016,879638
27003,Anoka,2015,14571628,14247821,954282
27003,Anoka,2016,14878328,14719334,1030666
27003,Anoka,2017,14727190,14727190,1086132
27003,Anoka,2018,15328069,15591171,1090432
27003,Anoka,2019,15785235,16479874,1176800
27003,Anoka,2020,15300714,16380935,1162118
27003,Anoka,2021,15793419,17423436,1218865
27003,Anoka,2022,15629320,18699640,1117498
27003,Anoka,2023,15512869,19708571,1065699
27005,Becker,2011,1216175,1104357,92249
27005,Becker,2012,1292154,1201189,91450
27005,Becker,2013,1299962,1237905,87155
27005,Becker,2014,1314075,1268657,87713
27005,Becker,2015,1319300,1289187,91856
27005,Becker,2016,1401137,1373796,96759
27005,Becker,2017,1359790,1359790,94760
27005,Becker,2018,1425051,1453732,95068
27005,Becker,2019,1390867,1456572,89918
27005,Becker,2020,1368586,1471690,92857
27005,Becker,2021,1454043,1650216,100539
27005,Becker,2022,1440265,1806306,90041
27005,Becker,2023,1474589,1932549,89623
27007,Beltrami,2011,1485173,1321877,106053
27007,Beltrami,2012,1535313,1397105,108728
27007,Beltrami,2013,1555112,1448645,106822
27007,Beltrami,2014,1610196,1531584,109154
27007,Beltrami,2015,1644862,1597272,117232
27007,Beltrami,2016,1749862,1722650,119178
27007,Beltrami,2017,1683816,1683816,113698
27007,Beltrami,2018,1764875,1804546,117832
27007,Beltrami,2019,1795594,1881445,119109
27007,Beltrami,2020,1802268,1951057,111279
27007,Beltrami,2021,1872618,2125043,117485
27007,Beltrami,2022,1880788,2270541,116024
27007,Beltrami,2023,1907231,2399821,118131
27009,Benton,2011,1513792,1369642,112303
27009,Benton,2012,1549328,1435175,121747
27009,Benton,2013,1556286,1472022,122614
27009,Benton,2014,1611906,1546255,166182
27009,Benton,2015,1683936,1642224,182475
27009,Benton,2016,1795537,1771363,
27009,Benton,2017,1902500,1902500,184318
27009,Benton,2018,1827803,1852141,200618
27009,Benton,2019,1778211,1860239,226480
27009,Benton,2020,1749370,1880674,256338
27009,Benton,2021,1801291,2017759,254014
27009,Benton,2022,1796204,2217939,237566
27009,Benton,2023,1790237,2347370,244556
27011,Big Stone,2011,186024,168134,18020
27011,Big Stone,2012,238453,220952,19181
27011,Big Stone,2013,225427,218599,19046
27011,Big Stone,2014,205740,200046,19802
27011,Big Stone,2015,227497,220540,21047
27011,Big Stone,2016,214803,209703,21636
27011,Big Stone,2017,207174,207174,20128
27011,Big Stone,2018,197783,203074,17842
27011,Big Stone,2019,190667,201995,17059
27011,Big Stone,2020,220178,238645,21021
27011,Big Stone,2021,230938,274657,17149
27011,Big Stone,2022,241329,327078,16480
27011,Big Stone,2023,232892,315786,15972
27013,Blue Earth,2011,3603094,3300389,140960
27013,Blue Earth,2012,3840426,3601815,139975
27013,Blue Earth,2013,3946259,3773735,155993
27013,Blue Earth,2014,4053415,3916970,169948
27013,Blue Earth,2015,4162265,4065269,194658
27013,Blue Earth,2016,4117646,4059278,185516
27013,Blue Earth,2017,4045039,4045039,192904
27013,Blue Earth,2018,4030700,4098053,187096
27013,Blue Earth,2019,4071899,4237108,200959
27013,Blue Earth,2020,3938744,4192787,179409
27013,Blue Earth,2021,4074112,4570511,196285
27013,Blue Earth,2022,4103876,4981515,209550
27013,Blue Earth,2023,4120356,5227161,199791
27015,Brown,2011,1259246,1170290,70491
27015,Brown,2012,1279032,1223530,78064
27015,Brown,2013,1299093,1274360,76201
27015,Brown,2014,1307079,1290184,72966
27015,Brown,2015,1358644,1341043,76884
27015,Brown,2016,1478887,1454120,81989
27015,Brown,2017,1505083,1505083,70028
27015,Brown,2018,1534101,1552206,66270
27015,Brown,2019,1446993,1498843,70343
27015,Brown,2020,1351373,1427959,64504
27015,Brown,2021,1421601,1590626,73713
27015,Brown,2022,1442851,1781585,66180
27015,Brown,2023,1457954,1874601,63638
27017,Carlton,2011,1284126,1112579,79760
27017,Carlton,2012,1225385,1081572,79843
27017,Carlton,2013,1241626,1126469,102285
27017,Carlton,2014,1205115,1120717,122338
27017,Carlton,2015,1226793,1178227,93788
27017,Carlton,2016,1278416,1251575,103063
27017,Carlton,2017,1324265,1324265,108567
27017,Carlton,2018,1339278,1373338,85756
27017,Carlton,2019,1363424,1427649,83700
27017,Carlton,2020,1326485,1421596,83755
27017,Carlton,2021,1448583,1615600,99075
27017,Carlton,2022,1430547,1743775,93835
27017,Carlton,2023,1384536,1792864,80268
27019,Carver,2011,4410335,4020358,203295
27019,Carver,2012,4583092,4266130,195314
27019,Carver,2013,4703368,4439531,214116
27019,Carver,2014,4962221,4736506,240409
27019,Carver,2015,5148140,5017679,274932
27019,Carver,2016,5059174,5000047,310883
27019,Carver,2017,5349277,5349277,366112
27019,Carver,2018,5498495,5586315,367214
27019,Carver,2019,5526704,5742117,409525
27019,Carver,2020,5207051,5524377,375517
27019,Carver,2021,5645567,6187296,393939
27019,Carver,2022,5878041,6901200,366232
27019,Carver,2023,5810593,7202484,379245
27021,Cass,2011,880450,766596,54228
27021,Cass,2012,872045,777568,58732
27021,Cass,2013,873317,798624,58298
27021,Cass,2014,855406,801537,56195
27021,Cass,2015,949765,913091,58328
27021,Cass,2016,968619,948786,64361
27021,Cass,2017,992683,992683,64628
27021,Cass,2018,1015959,1041815,67397
27021,Cass,2019,996691,1050945,68349
27021,Cass,2020,942945,1022783,63404
27021,Cass,2021,1296108,1459252,309932
27021,Cass,2022,1051565,1273223,78086
27021,Cass,2023,1006463,1287189,51706
27023,Chippewa,2011,591381,539802,38547
27023,Chippewa,2012,636923,596835,36933
27023,Chippewa,2013,607828,592522,30302
27023,Chippewa,2014,553638,542915,23733
27023,Chippewa,2015,586511,575200,21983
27023,Chippewa,2016,555437,548047,30610
27023,Chippewa,2017,570349,570349,24072
27023,Chippewa,2018,557223,567747,21202
27023,Chippewa,2019,532755,556555,17988
27023,Chippewa,2020,541949,581237,18581
27023,Chippewa,2021,587587,674467,31046
27023,Chippewa,2022,588449,745073,26845
27023,Chippewa,2023,608302,787802,30854
27025,Chisago,2011,1458131,1282290,90258
27025,Chisago,2012,1307134,1177336,108977
27025,Chisago,2013,1462751,1345474,112717
27025,Chisago,2014,1450506,1360331,108469
27025,Chisago,2015,1471309,1420745,119437
27025,Chisago,2016,1519500,1497978,137927
27025,Chisago,2017,1544816,1544816,136617
27025,Chisago,2018,1592989,1626329,149346
27025,Chisago,2019,1617907,1697531,158635
27025,Chisago,2020,1548817,1674279,137005
27025,Chisago,2021,1669399,1866437,140189
27025,Chisago,2022,1691609,2029956,134496
27025,Chisago,2023,1677231,2130286,113512
27027,Clay,2011,1822081,1598442,106891
27027,Clay,2012,1966487,1774699,106717
27027,Clay,2013,1997478,1848860,104370
27027,Clay,2014,1922213,1812199,103394
27027,Clay,2015,2065545,1998306,118797
27027,Clay,2016,2034460,2001657,124418
27027,Clay,2017,1970837,1970837,123904
27027,Clay,2018,2001213,2049210,103342
27027,Clay,2019,2083993,2193335,96925
27027,Clay,2020,2039567,2205243,112693
27027,Clay,2021,2162527,2465752,141808
27027,Clay,2022,2189254,2700916,127070
27027,Clay,2023,2191911,2823407,123116
27029,Clearwater,2011,275595,241360,33076
27029,Clearwater,2012,263294,237081,33743
27029,Clearwater,2013,299979,276629,37772
27029,Clearwater,2014,358414,338062,29212
27029,Clearwater,2015,298086,290162,35040
27029,Clearwater,2016,329581,323610,37176
27029,Clearwater,2017,313494,313494,30666
27029,Clearwater,2018,296417,299602,25307
27029,Clearwater,2019,265147,275424,34765
27029,Clearwater,2020,265231,282254,39190
27029,Clearwater,2021,320329,351644,68724
27029,Clearwater,2022,292969,348139,38715
27029,Clearwater,2023,297562,372748,52514
27031,Cook,2011,333231,293643,21220
27031,Cook,2012,326041,290062,21344
27031,Cook,2013,336962,307346,21347
27031,Cook,2014,317142,300944,18742
27031,Cook,2015,325494,315302,20637
27031,Cook,2016,300136,293992,21285
27031,Cook,2017,256012,256012,21538
27031,Cook,2018,285289,293665,22016
27031,Cook,2019,266029,281704,19707
27031,Cook,2020,240250,258042,16791
27031,Cook,2021,255941,288518,17578
27031,Cook,2022,280306,339090,14335
27031,Cook,2023,290326,370753,17624
27033,Cottonwood,2011,583666,553804,23120
27033,Cottonwood,2012,582853,569442,26077
27033,Cottonwood,2013,559304,569131,24577
27033,Cottonwood,2014,563072,572614,24730
27033,Cottonwood,2015,585533,581072,25856
27033,Cottonwood,2016,597826,579284,24677
27033,Cottonwood,2017,639431,639431,21585
27033,Cottonwood,2018,651488,654738,22140
27033,Cottonwood,2019,591106,607579,24115
27033,Cottonwood,2020,650704,678714,28480
27033,Cottonwood,2021,674775,778544,23889
27033,Cottonwood,2022,686614,893242,22657
27033,Cottonwood,2023,628206,828192,23306
27035,Crow Wing,2011,2844849,2289750,166698
27035,Crow Wing,2012,2918223,2417329,187768
27035,Crow Wing,2013,2917700,2450578,190959
27035,Crow Wing,2014,3058475,2605349,201850
27035,Crow Wing,2015,3086741,2715761,213014
27035,Crow Wing,2016,2832715,2812293,220111
27035,Crow Wing,2017,2736565,2736565,225550
27035,Crow Wing,2018,2800986,2862966,213245
27035,Crow Wing,2019,2922993,3063681,233133
27035,Crow Wing,2020,2811224,3028045,254980
27035,Crow Wing,2021,2885667,3228076,274115
27035,Crow Wing,2022,2972114,3573275,243416
27035,Crow Wing,2023,3023273,3832942,234438
27037,Dakota,2011,21608394,20645485,962508
27037,Dakota,2012,22457694,21997210,1027565
27037,Dakota,2013,23352815,22751622,1197450
27037,Dakota,2014,25110560,24639100,1310756
27037,Dakota,2015,24934669,24696034,1362115
27037,Dakota,2016,25275475,24740032,1266045
27037,Dakota,2017,25137857,25137857,1325972
27037,Dakota,2018,26588271,27562007,1474750
27037,Dakota,2019,26736627,27905476,1530380
27037,Dakota,2020,25599491,26870599,1390390
27037,Dakota,2021,26554723,29378086,1513394
27037,Dakota,2022,27511865,33425395,1403628
27037,Dakota,2023,28331494,35511322,1471902
27039,Dodge,2011,713363,636186,44624
27039,Dodge,2012,745060,682032,50627
27039,Dodge,2013,752597,714522,52015
27039,Dodge,2014,668014,640891,55157
27039,Dodge,2015,679999,663699,63384
27039,Dodge,2016,707942,697520,61753
27039,Dodge,2017,716280,716280,79446
27039,Dodge,2018,733364,748379,80753
27039,Dodge,2019,745567,787075,60689
27039,Dodge,2020,705200,763256,62537
27039,Dodge,2021,807996,912577,67927
27039,Dodge,2022,792762,1009528,59566
27039,Dodge,2023,789990,1066799,55214
27041,Douglas,2011,1923820,1725490,112320
27041,Douglas,2012,2045783,1881005,124982
27041,Douglas,2013,2039042,1913918,134746
27041,Douglas,2014,1876273,1792807,132106
27041,Douglas,2015,1977855,1926597,125342
27041,Douglas,2016,2029395,2003707,134305
27041,Douglas,2017,1902245,1902245,133609
27041,Douglas,2018,1936825,1979134,128192
27041,Douglas,2019,1972695,2065398,130590
27041,Douglas,2020,1960123,2096394,128277
27041,Douglas,2021,2093918,2337922,135890
27041,Douglas,2022,2092075,2536067,135067
27041,Douglas,2023,2160645,2763137,139773
27043,Faribault,2011,617623,563156,29547
27043,Faribault,2012,636733,597590,29785
27043,Faribault,2013,635160,621521,28101
27043,Faribault,2014,551968,540929,25087
27043,Faribault,2015,526610,515362,21104
27043,Faribault,2016,501002,494003,18209
27043,Faribault,2017,451678,451678,15777
27043,Faribault,2018,454668,463466,16708
27043,Faribault,2019,480401,501906,17957
27043,Faribault,2020,489025,521846,16877
27043,Faribault,2021,550961,637985,16462
27043,Faribault,2022,570537,741689,14249
27043,Faribault,2023,549750,727963,18753
27045,Fillmore,2011,681136,626133,44738
27045,Fillmore,2012,688281,650004,44229
27045,Fillmore,2013,689870,671091,43061
27045,Fillmore,2014,690088,673829,41459
27045,Fillmore,2015,727086,707654,44690
27045,Fillmore,2016,658028,644294,47297
27045,Fillmore,2017,649680,649680,40372
27045,Fillmore,2018,594062,606824,30749
27045,Fillmore,2019,600936,631040,38367
27045,Fillmore,2020,641722,690644,41704
27045,Fillmore,2021,650393,756671,42117
27045,Fillmore,2022,664094,862030,42522
27045,Fillmore,2023,687522,914184,40752
27047,Freeborn,2011,1261159,1132564,48862
27047,Freeborn,2012,1263321,1165340,51545
27047,Freeborn,2013,1334825,1270943,50486
27047,Freeborn,2014,1227829,1180807,48506
27047,Freeborn,2015,1233596,1201219,49487
27047,Freeborn,2016,1215338,1200142,48391
27047,Freeborn,2017,1228317,1228317,48367
27047,Freeborn,2018,1191480,1215088,49766
27047,Freeborn,2019,1221002,1277949,53405
27047,Freeborn,2020,1207300,1298508,48058
27047,Freeborn,2021,1298836,1491299,54178
27047,Freeborn,2022,1320187,1667015,52170
27047,Freeborn,2023,1310807,1710994,50607
27049,Goodhue,2011,2722383,2516527,76941
27049,Goodhue,2012,2708247,2525493,94823
27049,Goodhue,2013,2896170,2767332,94412
27049,Goodhue,2014,2854811,2800051,102053
27049,Goodhue,2015,2868963,2830405,107926
27049,Goodhue,2016,2890483,2837814,112965
27049,Goodhue,2017,2884458,2884458,130841
27049,Goodhue,2018,2889850,2954119,111662
27049,Goodhue,2019,2810658,2944540,110444
27049,Goodhue,2020,2829752,3004875,104570
27049,Goodhue,2021,2925738,3363550,101884
27049,Goodhue,2022,2961812,3729874,88503
27049,Goodhue,2023,3002462,3888544,83109
27051,Grant,2011,221943,215646,23317
27051,Grant,2012,293227,292420,25133
27051,Grant,2013,293845,308313,20621
27051,Grant,2014,264825,275286,21196
27051,Grant,2015,303773,303596,19755
27051,Grant,2016,270987,264729,17009
27051,Grant,2017,243856,243856,17889
27051,Grant,2018,239095,245361,16685
27051,Grant,2019,250720,265458,15888
27051,Grant,2020,264164,284433,14538
27051,Grant,2021,275994,325688,14297
27051,Grant,2022,293292,393812,13387
27051,Grant,2023,271513,367183,11733
27053,Hennepin,2011,116773476,105385204,2449607
27053,Hennepin,2012,119702133,110267798,2567422
27053,Hennepin,2013,122999730,115205525,2953421
27053,Hennepin,2014,127017089,120977822,3238355
27053,Hennepin,2015,129763821,126286523,3727058
27053,Hennepin,2016,131546480,129872215,4112981
27053,Hennepin,2017,135026932,135026932,4493043
27053,Hennepin,2018,139272489,141931028,4544379
27053,Hennepin,2019,141683440,147265039,4647762
27053,Hennepin,2020,136966778,144392377,4342443
27053,Hennepin,2021,147248808,159074405,4352055
27053,Hennepin,2022,150433347,172963843,4185768
27053,Hennepin,2023,152558748,184181861,4518851
27055,Houston,2011,489782,450013,35324
27055,Houston,2012,519455,488486,38053
27055,Houston,2013,493995,478371,37265
27055,Houston,2014,523486,511649,37893
27055,Houston,2015,538958,526895,39363
27055,Houston,2016,532753,522041,42487
27055,Houston,2017,541530,541530,40724
27055,Houston,2018,520975,531918,38468
27055,Houston,2019,531078,555090,41587
27055,Houston,2020,546722,584701,43176
27055,Houston,2021,592154,667351,36938
27055,Houston,2022,580327,709389,34189
27055,Houston,2023,597751,752769,34326
27057,Hubbard,2011,553988,484382,36869
27057,Hubbard,2012,589119,528780,42917
27057,Hubbard,2013,600609,552286,39321
27057,Hubbard,2014,580342,546679,36884
27057,Hubbard,2015,582098,562886,36886
27057,Hubbard,2016,611849,603074,39751
27057,Hubbard,2017,674359,674359,43407
27057,Hubbard,2018,745053,759488,38679
27057,Hubbard,2019,817436,852645,41221
27057,Hubbard,2020,793096,853228,40644
27057,Hubbard,2021,826133,928409,42713
27057,Hubbard,2022,738779,879242,39104
27057,Hubbard,2023,782843,974480,34824
27059,Isanti,2011,1106470,981753,42264
27059,Isanti,2012,1022655,929801,45842
27059,Isanti,2013,1052179,974179,48555
27059,Isanti,2014,1047669,988971,53316
27059,Isanti,2015,1062173,1030672,58334
27059,Isanti,2016,1110401,1093192,66082
27059,Isanti,2017,1092329,1092329,85949
27059,Isanti,2018,1107680,1129862,81373
27059,Isanti,2019,1127369,1181010,82643
27059,Isanti,2020,1086075,1175254,91033
27059,Isanti,2021,1153049,1294907,99361
27059,Isanti,2022,1173569,1411968,84022
27059,Isanti,2023,1171098,1488584,78815
27061,Itasca,2011,2234951,2072800,123080
27061,Itasca,2012,2211242,2053289,94612
27061,Itasca,2013,2297813,2156418,94503
27061,Itasca,2014,2180643,2106099,101422
27061,Itasca,2015,2074000,2020043,126961
27061,Itasca,2016,2156334,2100139,85623
27061,Itasca,2017,2090282,2090282,74586
27061,Itasca,2018,2170772,2230581,83287
27061,Itasca,2019,2100327,2209393,98621
27061,Itasca,2020,1938425,2075866,102744
27061,Itasca,2021,2111244,2414157,98868
27061,Itasca,2022,2082826,2593104,88283
27061,Itasca,2023,2154997,2789130,104018
27063,Jackson,2011,614416,583775,22092
27063,Jackson,2012,655543,637670,23777
27063,Jackson,2013,634652,644849,20695
27063,Jackson,2014,615683,626882,16859
27063,Jackson,2015,611107,609404,14949
27063,Jackson,2016,605423,592005,15120
27063,Jackson,2017,639326,639326,12911
27063,Jackson,2018,653754,657864,13838
27063,Jackson,2019,669719,691094,14564
27063,Jackson,2020,622450,649823,13184
27063,Jackson,2021,629656,715641,16730
27063,Jackson,2022,629006,817635,9954
27063,Jackson,2023,603298,801894,9199
27065,Kanabec,2011,360069,314843,32698
27065,Kanabec,2012,361100,323357,35332
27065,Kanabec,2013,378309,346542,36486
27065,Kanabec,2014,392972,367245,50183
27065,Kanabec,2015,396950,381190,58667
27065,Kanabec,2016,418583,410454,66298
27065,Kanabec,2017,402378,402378,60016
27065,Kanabec,2018,411625,422298,53361
27065,Kanabec,2019,428955,453222,50458
27065,Kanabec,2020,411691,449944,51121
27065,Kanabec,2021,434437,492483,55503
27065,Kanabec,2022,406703,500954,43312
27065,Kanabec,2023,395004,515297,36907
27067,Kandiyohi,2011,2116125,1936042,120152
27067,Kandiyohi,2012,2213417,2079021,127129
27067,Kandiyohi,2013,2210301,2121515,125851
27067,Kandiyohi,2014,2193967,2132387,125750
27067,Kandiyohi,2015,2392157,2346937,129481
27067,Kandiyohi,2016,2364720,2337747,136843
27067,Kandiyohi,2017,2332902,2332902,133986
27067,Kandiyohi,2018,2304771,2343866,120310
27067,Kandiyohi,2019,2232170,2332931,109272
27067,Kandiyohi,2020,2137805,2295914,109108
27067,Kandiyohi,2021,2231541,2506447,114142
27067,Kandiyohi,2022,2321678,2804938,108028
27067,Kandiyohi,2023,2379249,3010112,124154
27069,Kittson,2011,194808,179110,17860
27069,Kittson,2012,247913,233983,9784
27069,Kittson,2013,240169,237844,10275
27069,Kittson,2014,188328,185728,10134
27069,Kittson,2015,210120,205474,8628
27069,Kittson,2016,181945,177990,
27069,Kittson,2017,201599,201599,5276
27069,Kittson,2018,201729,203499,4943
27069,Kittson,2019,183046,188988,4765
27069,Kittson,2020,225528,236006,4730
27069,Kittson,2021,278754,329567,5068
27069,Kittson,2022,233696,317422,4541
27069,Kittson,2023,209488,282734,6288
27071,Koochiching,2011,564493,505598,22648
27071,Koochiching,2012,548971,498315,18920
27071,Koochiching,2013,512493,478783,18394
27071,Koochiching,2014,479994,456030,20911
27071,Koochiching,2015,509352,493996,20219
27071,Koochiching,2016,540696,528832,19671
27071,Koochiching,2017,508946,508946,20714
27071,Koochiching,2018,560136,572871,29617
27071,Koochiching,2019,541872,563478,35868
27071,Koochiching,2020,483184,507137,18760
27071,Koochiching,2021,480866,530088,19125
27071,Koochiching,2022,507420,611627,15343
27071,Koochiching,2023,493045,625759,15884
27073,Lac qui Parle,2011,340521,308726,21551
27073,Lac qui Parle,2012,392303,366618,27608
27073,Lac qui Parle,2013,343815,336340,29002
27073,Lac qui Parle,2014,269515,264124,27049
27073,Lac qui Parle,2015,290628,282597,23561
27073,Lac qui Parle,2016,233887,228363,13141
27073,Lac qui Parle,2017,249974,249974,15953
27073,Lac qui Parle,2018,238532,243195,9058
27073,Lac qui Parle,2019,256985,269052,16506
27073,Lac qui Parle,2020,279866,298812,26100
27073,Lac qui Parle,2021,308705,367496,10330
27073,Lac qui Parle,2022,319833,440070,9637
27073,Lac qui Parle,2023,327047,444718,10685
27075,Lake,2011,806178,795627,
27075,Lake,2012,724719,715109,
27075,Lake,2013,717651,690254,
27075,Lake,2014,677765,654475,
27075,Lake,2015,487322,468377,
27075,Lake,2016,501852,486067,14048
27075,Lake,2017,516651,516651,12205
27075,Lake,2018,553094,569589,
27075,Lake,2019,553912,584633,
27075,Lake,2020,498487,536799,
27075,Lake,2021,482368,561462,
27075,Lake,2022,469797,599118,
27075,Lake,2023,500604,667898,
27077,Lake of the Woods,2011,144332,128788,2542
27077,Lake of the Woods,2012,146709,134478,
27077,Lake of the Woods,2013,168799,159032,
27077,Lake of the Woods,2014,181095,173581,
27077,Lake of the Woods,2015,195264,190038,
27077,Lake of the Woods,2016,198384,193263,
27077,Lake of the Woods,2017,180057,180057,
27077,Lake of the Woods,2018,193749,199059,
27077,Lake of the Woods,2019,192510,202231,
27077,Lake of the Woods,2020,193819,204512,
27077,Lake of the Woods,2021,196555,222724,
27077,Lake of the Woods,2022,186514,231552,
27077,Lake of the Woods,2023,175513,224943,
27079,Le Sueur,2011,886893,807969,46418
27079,Le Sueur,2012,914929,848152,50521
27079,Le Sueur,2013,919891,861252,49380
27079,Le Sueur,2014,979579,929156,48456
27079,Le Sueur,2015,919371,884649,54927
27079,Le Sueur,2016,983307,961823,61006
27079,Le Sueur,2017,958550,958550,67074
27079,Le Sueur,2018,988563,1013377,70888
27079,Le Sueur,2019,939479,983199,80513
27079,Le Sueur,2020,938794,996399,80364
27079,Le Sueur,2021,933506,1059759,79505
27079,Le Sueur,2022,973042,1204120,69818
27079,Le Sueur,2023,937429,1220824,63082
27081,Lincoln,2011,273321,263006,10521
27081,Lincoln,2012,286160,277781,11893
27081,Lincoln,2013,269201,272458,10769
27081,Lincoln,2014,248777,255782,9849
27081,Lincoln,2015,275968,274291,17652
27081,Lincoln,2016,242666,234605,19415
27081,Lincoln,2017,263024,263024,20833
27081,Lincoln,2018,265840,270507,17875
27081,Lincoln,2019,317214,329180,17516
27081,Lincoln,2020,330864,342648,7643
27081,Lincoln,2021,398827,476013,8725
27081,Lincoln,2022,431799,586352,9646
27081,Lincoln,2023,459743,611591,10240
27083,Lyon,2011,1412038,1292291,80866
27083,Lyon,2012,1403603,1324268,80161
27083,Lyon,2013,1455693,1409916,75034
27083,Lyon,2014,1472895,1445205,67305
27083,Lyon,2015,1618341,1591431,64359
27083,Lyon,2016,1660722,1625810,52462
27083,Lyon,2017,1581980,1581980,44875
27083,Lyon,2018,1568499,1587736,45040
27083,Lyon,2019,1582098,1631770,44724
27083,Lyon,2020,1486139,1566127,54184
27083,Lyon,2021,1548091,1744854,56535
27083,Lyon,2022,1582484,1946396,50965
27083,Lyon,2023,1577303,1992788,47456
27085,McLeod,2011,1660229,1505010,63971
27085,McLeod,2012,1628656,1505940,69706
27085,McLeod,2013,1652896,1566470,68138
27085,McLeod,2014,1733517,1658056,66287
27085,McLeod,2015,1806925,1758807,67448
27085,McLeod,2016,1879085,1845427,70784
27085,McLeod,2017,1816268,1816268,80671
27085,McLeod,2018,1844830,1881006,71848
27085,McLeod,2019,1824803,1892859,67723
27085,McLeod,2020,1719854,1797475,63442
27085,McLeod,2021,1799878,1972039,62378
27085,McLeod,2022,1806568,2196873,59400
27085,McLeod,2023,1794884,2300291,56351
27087,Mahnomen,2011,159509,141911,8905
27087,Mahnomen,2012,174478,159127,6275
27087,Mahnomen,2013,176181,167526,6459
27087,Mahnomen,2014,147787,143155,5822
27087,Mahnomen,2015,169414,166678,5760
27087,Mahnomen,2016,194891,189382,4595
27087,Mahnomen,2017,159185,159185,4596
27087,Mahnomen,2018,164200,168852,7378
27087,Mahnomen,2019,167963,177096,6118
27087,Mahnomen,2020,157195,170325,8268
27087,Mahnomen,2021,196244,229001,22317
27087,Mahnomen,2022,190589,247665,13515
27087,Mahnomen,2023,180634,238320,11209
27089,Marshall,2011,343683,298876,20077
27089,Marshall,2012,429689,384026,21843
27089,Marshall,2013,407244,380131,21055
27089,Marshall,2014,306973,288655,21180
27089,Marshall,2015,324955,313228,20202
27089,Marshall,2016,343338,334546,18311
27089,Marshall,2017,352613,352613,16732
27089,Marshall,2018,376956,383309,17013
27089,Marshall,2019,391481,409522,17946
27089,Marshall,2020,424304,449837,19343
27089,Marshall,2021,464225,556767,17586
27089,Marshall,2022,466864,650894,17429
27089,Marshall,2023,377606,525827,19297
27091,Martin,2011,1078923,1008334,34862
27091,Martin,2012,1107424,1059199,33568
27091,Martin,2013,1039790,1032757,32634
27091,Martin,2014,1075920,1070238,31402
27091,Martin,2015,1030448,1008409,34623
27091,Martin,2016,971315,947359,35306
27091,Martin,2017,1073860,1073860,30653
27091,Martin,2018,1105371,1116855,27235
27091,Martin,2019,1098397,1133153,31510
27091,Martin,2020,966275,1009460,28949
27091,Martin,2021,1070839,1232052,27509
27091,Martin,2022,1082875,1411923,23212
27091,Martin,2023,951213,1257943,21602
27093,Meeker,2011,710236,644162,41402
27093,Meeker,2012,721275,672566,43126
27093,Meeker,2013,717078,689008,42546
27093,Meeker,2014,760156,738822,51497
27093,Meeker,2015,789111,773646,56207
27093,Meeker,2016,781335,770232,56858
27093,Meeker,2017,813790,813790,53892
27093,Meeker,2018,948112,957810,52395
27093,Meeker,2019,1213943,1249963,58484
27093,Meeker,2020,1115865,1166405,62422
27093,Meeker,2021,1213240,1248303,60430
27093,Meeker,2022,1331843,1459030,56408
27093,Meeker,2023,1320546,1560101,48315
27095,Mille Lacs,2011,735226,651227,43660
27095,Mille Lacs,2012,778062,704651,46721
27095,Mille Lacs,2013,816264,755911,46177
27095,Mille Lacs,2014,817430,771072,49765
27095,Mille Lacs,2015,821271,793780,53219
27095,Mille Lacs,2016,829242,815239,55838
27095,Mille Lacs,2017,792635,792635,53183
27095,Mille Lacs,2018,810046,829865,54522
27095,Mille Lacs,2019,830110,873441,53116
27095,Mille Lacs,2020,771848,839486,56663
27095,Mille Lacs,2021,843390,949961,56585
27095,Mille Lacs,2022,844081,1011450,46855
27095,Mille Lacs,2023,850440,1076424,48115
27097,Morrison,2011,1038332,1003303,68397
27097,Morrison,2012,1056630,1046509,66406
27097,Morrison,2013,1032194,1056540,61275
27097,Morrison,2014,1104460,1130742,60198
27097,Morrison,2015,1176409,1170194,64811
27097,Morrison,2016,1297032,1254171,69483
27097,Morrison,2017,1152573,1152573,70627
27097,Morrison,2018,1174088,1189227,66949
27097,Morrison,2019,1098081,1135226,58838
27097,Morrison,2020,1106359,1169998,60126
27097,Morrison,2021,1068356,1214327,61387
27097,Morrison,2022,1153663,1446968,53422
27097,Morrison,2023,1144912,1471399,65096
27099,Mower,2011,1846489,1670920,53648
27099,Mower,2012,1906049,1770828,55317
27099,Mower,2013,1992470,1896724,50373
27099,Mower,2014,1865291,1797430,48824
27099,Mower,2015,1994420,1954332,55199
27099,Mower,2016,1978715,1963587,59615
27099,Mower,2017,1911393,1911393,50801
27099,Mower,2018,1936734,1963368,55276
27099,Mower,2019,2047931,2126214,63848
27099,Mower,2020,2054218,2181817,55956
27099,Mower,2021,2166680,2411333,49711
27099,Mower,2022,2236583,2645049,46343
27099,Mower,2023,2399286,2958506,49071
27101,Murray,2011,472772,478558,26016
27101,Murray,2012,464702,478610,28468
27101,Murray,2013,447411,482660,24713
27101,Murray,2014,439549,473455,24321
27101,Murray,2015,522089,530198,25099
27101,Murray,2016,527275,506673,21760
27101,Murray,2017,447570,447570,20406
27101,Murray,2018,486667,490269,17108
27101,Murray,2019,530253,543251,16944
27101,Murray,2020,500515,515451,14495
27101,Murray,2021,456687,534679,12545
27101,Murray,2022,471692,624914,12602
27101,Murray,2023,498861,656702,14582
27103,Nicollet,2011,1339196,1226679,38343
27103,Nicollet,2012,1356454,1270134,38638
27103,Nicollet,2013,1359068,1303646,37342
27103,Nicollet,2014,1411907,1364306,36196
27103,Nicollet,2015,1423107,1391616,46710
27103,Nicollet,2016,1402472,1387407,55531
27103,Nicollet,2017,1516684,1516684,65821
27103,Nicollet,2018,1615922,1639087,75875
27103,Nicollet,2019,1546879,1608384,60267
27103,Nicollet,2020,1447469,1543715,45953
27103,Nicollet,2021,1525940,1695032,42222
27103,Nicollet,2022,1608596,1946699,49713
27103,Nicollet,2023,1505428,1911106,47622
27105,Nobles,2011,1153119,1083113,47320
27105,Nobles,2012,1116389,1083022,50854
27105,Nobles,2013,1100353,1101104,43691
27105,Nobles,2014,1172638,1183189,38410
27105,Nobles,2015,1219920,1209724,38331
27105,Nobles,2016,1236034,1212106,36406
27105,Nobles,2017,1255787,1255787,33457
27105,Nobles,2018,1281273,1289356,36193
27105,Nobles,2019,1226565,1259152,34457
27105,Nobles,2020,1237453,1296725,30862
27105,Nobles,2021,1244840,1425143,35124
27105,Nobles,2022,1329728,1663819,29513
27105,Nobles,2023,1336911,1729327,26598
27107,Norman,2011,259030,225842,
27107,Norman,2012,287698,256851,
27107,Norman,2013,258548,241890,
27107,Norman,2014,177367,166007,
27107,Norman,2015,191729,183955,8590
27107,Norman,2016,226026,219817,7755
27107,Norman,2017,196218,196218,
27107,Norman,2018,202769,206776,
27107,Norman,2019,227972,237471,5638
27107,Norman,2020,232647,244888,6412
27107,Norman,2021,272358,327668,3935
27107,Norman,2022,261658,367246,6219
27107,Norman,2023,203798,281655,4478
27109,Olmsted,2011,9175871,8524855,303188
27109,Olmsted,2012,9448277,8929224,313304
27109,Olmsted,2013,9741624,9308645,337270
27109,Olmsted,2014,9976309,9634648,358259
27109,Olmsted,2015,10291521,10057953,397681
27109,Olmsted,2016,10542759,10437483,451716
27109,Olmsted,2017,10960398,10960398,503381
27109,Olmsted,2018,11484940,11630507,503795
27109,Olmsted,2019,11747091,12119971,501122
27109,Olmsted,2020,11496757,12134410,474698
27109,Olmsted,2021,11874789,12924855,494237
27109,Olmsted,2022,12203421,13890180,466684
27109,Olmsted,2023,12485769,14809676,422573
27111,Otter Tail,2011,2138035,1954866,145800
27111,Otter Tail,2012,2174673,2035831,157213
27111,Otter Tail,2013,2300234,2210449,153213
27111,Otter Tail,2014,2408014,2345879,152989
27111,Otter Tail,2015,2346563,2295847,156523
27111,Otter Tail,2016,2362630,2324695,157707
27111,Otter Tail,2017,2289707,2289707,150983
27111,Otter Tail,2018,2288081,2328745,143594
27111,Otter Tail,2019,2264375,2363743,143418
27111,Otter Tail,2020,2325297,2495764,140358
27111,Otter Tail,2021,2430494,2750953,153410
27111,Otter Tail,2022,2469355,3028378,142658
27111,Otter Tail,2023,2456250,3144961,128942
27113,Pennington,2011,892192,811676,27773
27113,Pennington,2012,993399,928069,26941
27113,Pennington,2013,1143638,1093017,26178
27113,Pennington,2014,1149899,1111907,25010
27113,Pennington,2015,1273283,1243803,25177
27113,Pennington,2016,1288249,1266311,22643
27113,Pennington,2017,1371850,1371850,16259
27113,Pennington,2018,1694949,1730424,49210
27113,Pennington,2019,1754089,1857141,42837
27113,Pennington,2020,1738986,1862940,13132
27113,Pennington,2021,2066259,2352438,12728
27113,Pennington,2022,2068569,2599143,12903
27113,Pennington,2023,2021991,2656541,10508
27115,Pine,2011,738834,648561,45066
27115,Pine,2012,707285,634630,47747
27115,Pine,2013,717952,660153,43635
27115,Pine,2014,717087,673039,42078
27115,Pine,2015,707023,679977,44859
27115,Pine,2016,710984,697419,48447
27115,Pine,2017,698917,698917,51676
27115,Pine,2018,720515,738473,49414
27115,Pine,2019,740038,779659,54482
27115,Pine,2020,694539,756384,48431
27115,Pine,2021,736196,832427,48285
27115,Pine,2022,718248,865133,41229
27115,Pine,2023,722077,918037,40545
27117,Pipestone,2011,553859,543404,24294
27117,Pipestone,2012,538917,539101,26070
27117,Pipestone,2013,513113,534099,27348
27117,Pipestone,2014,611072,634327,31712
27117,Pipestone,2015,598788,595128,34436
27117,Pipestone,2016,628123,604690,34874
27117,Pipestone,2017,663429,663429,33972
27117,Pipestone,2018,679711,682115,30033
27117,Pipestone,2019,683949,696931,25132
27117,Pipestone,2020,631038,648235,30380
27117,Pipestone,2021,631247,725615,29779
27117,Pipestone,2022,667752,871436,26588
27117,Pipestone,2023,681894,888039,23924
27119,Polk,2011,1285481,1137443,70901
27119,Polk,2012,1385722,1261660,70246
27119,Polk,2013,1459604,1371305,66061
27119,Polk,2014,1250496,1185954,69902
27119,Polk,2015,1269670,1232720,73964
27119,Polk,2016,1315559,1300058,80472
27119,Polk,2017,1245857,1245857,66427
27119,Polk,2018,1277289,1302192,62317
27119,Polk,2019,1333851,1397258,57348
27119,Polk,2020,1376100,1474926,64610
27119,Polk,2021,1493737,1722498,61937
27119,Polk,2022,1407573,1790091,56018
27119,Polk,2023,1338161,1764448,61809
27121,Pope,2011,434219,396805,16205
27121,Pope,2012,504306,473539,17407
27121,Pope,2013,527587,513697,17236
27121,Pope,2014,511247,500169,22361
27121,Pope,2015,518041,506742,22014
27121,Pope,2016,487023,478206,22578
27121,Pope,2017,489158,489158,17957
27121,Pope,2018,508386,518189,19851
27121,Pope,2019,510685,538364,22845
27121,Pope,2020,516981,557656,19986
27121,Pope,2021,565931,652909,24058
27121,Pope,2022,545018,710362,20463
27121,Pope,2023,552650,745213,18472
27123,Ramsey,2011,37884174,34422316,1177678
27123,Ramsey,2012,37533879,34721150,1154897
27123,Ramsey,2013,38648937,36344779,1336926
27123,Ramsey,2014,39954149,38103373,1378195
27123,Ramsey,2015,41365707,40270468,1480846
27123,Ramsey,2016,41858122,41331680,1377231
27123,Ramsey,2017,42055201,42055201,1440944
27123,Ramsey,2018,42550515,43346083,1399358
27123,Ramsey,2019,43388829,44975545,1541354
27123,Ramsey,2020,41626756,44011404,1468475
27123,Ramsey,2021,42566033,46073390,1530590
27123,Ramsey,2022,43642541,49844393,1333015
27123,Ramsey,2023,43868511,52709121,1347291
27125,Red Lake,2011,123663,117881,7334
27125,Red Lake,2012,136845,134121,7736
27125,Red Lake,2013,134866,139309,6746
27125,Red Lake,2014,117306,121127,6571
27125,Red Lake,2015,148843,148005,5963
27125,Red Lake,2016,156237,149242,6629
27125,Red Lake,2017,166604,166604,6118
27125,Red Lake,2018,176726,178123,4131
27125,Red Lake,2019,158543,162429,4064
27125,Red Lake,2020,149838,155806,
27125,Red Lake,2021,189056,223984,
27125,Red Lake,2022,177882,249031,
27125,Red Lake,2023,164380,223915,
27127,Redwood,2011,750738,716610,28023
27127,Redwood,2012,773375,759649,30972
27127,Redwood,2013,754334,773105,27277
27127,Redwood,2014,798584,814070,25895
27127,Redwood,2015,850726,844157,23645
27127,Redwood,2016,889493,859685,21419
27127,Redwood,2017,753235,753235,21094
27127,Redwood,2018,833045,840632,20102
27127,Redwood,2019,805306,827955,20383
27127,Redwood,2020,829425,866058,24219
27127,Redwood,2021,947421,1094162,23213
27127,Redwood,2022,977148,1276550,25480
27127,Redwood,2023,1072673,1404900,26536
27129,Renville,2011,695980,665849,29219
27129,Renville,2012,755002,743345,31627
27129,Renville,2013,778813,802711,28490
27129,Renville,2014,727790,743297,25867
27129,Renville,2015,760527,755456,25570
27129,Renville,2016,721698,704934,24861
27129,Renville,2017,726963,726963,21499
27129,Renville,2018,775472,781953,19903
27129,Renville,2019,647371,668960,19459
27129,Renville,2020,722082,761872,19324
27129,Renville,2021,807176,943208,19070
27129,Renville,2022,821352,1094160,17822
27129,Renville,2023,821548,1096663,16433
27131,Rice,2011,2332768,2064618,137517
27131,Rice,2012,2425182,2207811,122801
27131,Rice,2013,2497050,2319975,129544
27131,Rice,2014,2515774,2383986,126747
27131,Rice,2015,2590760,2513846,131334
27131,Rice,2016,2658671,2631366,138011
27131,Rice,2017,2735108,2735108,146492
27131,Rice,2018,2827315,2879549,137093
27131,Rice,2019,2771472,2903319,143073
27131,Rice,2020,2761663,2972175,143328
27131,Rice,2021,2850563,3198450,137222
27131,Rice,2022,2933946,3507466,122457
27131,Rice,2023,2963953,3770594,129039
27133,Rock,2011,455151,463585,16273
27133,Rock,2012,432645,453444,16874
27133,Rock,2013,447010,490510,15411
27133,Rock,2014,560027,608307,16090
27133,Rock,2015,600700,609598,15848
27133,Rock,2016,708834,676056,16279
27133,Rock,2017,697269,697269,16128
27133,Rock,2018,695416,691131,15564
27133,Rock,2019,633582,634669,18874
27133,Rock,2020,595363,598337,14819
27133,Rock,2021,564640,646070,15101
27133,Rock,2022,607703,789215,15850
27133,Rock,2023,631010,810478,17136
27135,Roseau,2011,798556,685356,9540
27135,Roseau,2012,902062,798894,9151
27135,Roseau,2013,942376,883567,9372
27135,Roseau,2014,1004942,976083,9369
27135,Roseau,2015,1404691,1370226,9466
27135,Roseau,2016,1494814,1468810,9574
27135,Roseau,2017,1352355,1352355,12344
27135,Roseau,2018,1133945,1156384,10630
27135,Roseau,2019,1095512,1129577,9837
27135,Roseau,2020,1113405,1186439,12690
27135,Roseau,2021,1306234,1510721,24320
27135,Roseau,2022,1324596,1648062,15355
27135,Roseau,2023,1399923,1748803,26252
27137,St. Louis,2011,11139222,10295087,411455
27137,St. Louis,2012,10565946,9881097,387288
27137,St. Louis,2013,10884521,10185134,390684
27137,St. Louis,2014,10636846,10071207,405311
27137,St. Louis,2015,9527620,9168756,444789
27137,St. Louis,2016,9882568,9656056,419781
27137,St. Louis,2017,9722765,9722765,396221
27137,St. Louis,2018,10202357,10445906,448665
27137,St. Louis,2019,10456813,10955397,473370
27137,St. Louis,2020,9787869,10466962,557281
27137,St. Louis,2021,10191357,11459423,498310
27137,St. Louis,2022,10353018,12486279,428808
27137,St. Louis,2023,10778638,13654242,428234
27139,Scott,2011,5203323,4762293,287280
27139,Scott,2012,5280632,4973989,350537
27139,Scott,2013,5440695,5141560,390717
27139,Scott,2014,5617836,5376551,442123
27139,Scott,2015,5760968,5615667,521746
27139,Scott,2016,6181005,6033820,673400
27139,Scott,2017,6632372,6632372,702775
27139,Scott,2018,6996957,7249615,689619
27139,Scott,2019,6933408,7283379,713523
27139,Scott,2020,6604584,7008769,765249
27139,Scott,2021,7248404,8127361,839095
27139,Scott,2022,7551021,9402349,748626
27139,Scott,2023,7763302,10126706,699037
27141,Sherburne,2011,3362274,3023075,180170
27141,Sherburne,2012,3045363,2759569,235807
27141,Sherburne,2013,3330943,3088097,240058
27141,Sherburne,2014,3562526,3419378,245469
27141,Sherburne,2015,3479881,3403683,258218
27141,Sherburne,2016,3532072,3467730,258399
27141,Sherburne,2017,3615276,3615276,283421
27141,Sherburne,2018,3560782,3649584,291959
27141,Sherburne,2019,3532990,3726937,283491
27141,Sherburne,2020,3396611,3657464,286424
27141,Sherburne,2021,3548555,4050164,306187
27141,Sherburne,2022,3622127,4505488,253906
27141,Sherburne,2023,3579179,4659078,291537
27143,Sibley,2011,462686,437699,43652
27143,Sibley,2012,472111,458587,46077
27143,Sibley,2013,459572,465898,42210
27143,Sibley,2014,456419,460836,35205
27143,Sibley,2015,472355,464037,35478
27143,Sibley,2016,429575,420634,41427
27143,Sibley,2017,450002,450002,31197
27143,Sibley,2018,434281,440038,24289
27143,Sibley,2019,409672,425475,23453
27143,Sibley,2020,413647,439609,22926
27143,Sibley,2021,447942,519398,22343
27143,Sibley,2022,471082,611512,21817
27143,Sibley,2023,476521,624241,23085
27145,Stearns,2011,7566901,6856099,429107
27145,Stearns,2012,7565321,7021892,497766
27145,Stearns,2013,7921443,7507509,514397
27145,Stearns,2014,8262869,7945067,490506
27145,Stearns,2015,8344432,8127671,526056
27145,Stearns,2016,8602804,8458675,553182
27145,Stearns,2017,8678706,8678706,618418
27145,Stearns,2018,8847934,9018109,576677
27145,Stearns,2019,8792635,9180419,551876
27145,Stearns,2020,8615642,9204168,555129
27145,Stearns,2021,8827667,9882295,633226
27145,Stearns,2022,9314590,11294889,585988
27145,Stearns,2023,9244685,11758290,531453
27147,Steele,2011,2009772,1805898,52356
27147,Steele,2012,2098155,1933181,55353
27147,Steele,2013,2219218,2092272,52117
27147,Steele,2014,2194551,2093838,51359
27147,Steele,2015,2193262,2147022,49813
27147,Steele,2016,2193147,2186022,57621
27147,Steele,2017,2273348,2273348,78373
27147,Steele,2018,2255303,2293765,60656
27147,Steele,2019,2282133,2377722,55558
27147,Steele,2020,2143115,2300163,65551
27147,Steele,2021,2239876,2477352,66326
27147,Steele,2022,2186845,2632489,54651
27147,Steele,2023,2142544,2731324,54726
27149,Stevens,2011,545881,520139,19372
27149,Stevens,2012,667641,654645,22528
27149,Stevens,2013,626548,642062,22961
27149,Stevens,2014,667901,678067,23061
27149,Stevens,2015,594918,588670,23364
27149,Stevens,2016,569830,557485,23938
27149,Stevens,2017,589883,589883,23177
27149,Stevens,2018,595713,599863,22827
27149,Stevens,2019,589924,608116,25193
27149,Stevens,2020,624757,656554,24560
27149,Stevens,2021,615689,700212,23905
27149,Stevens,2022,625536,801866,20784
27149,Stevens,2023,537110,708694,21072
27151,Swift,2011,473636,447090,21517
27151,Swift,2012,525552,508192,22203
27151,Swift,2013,491328,493694,20219
27151,Swift,2014,514571,519042,19554
27151,Swift,2015,567163,561787,20420
27151,Swift,2016,531246,517188,17930
27151,Swift,2017,519790,519790,16688
27151,Swift,2018,509664,516323,17027
27151,Swift,2019,453624,472554,16440
27151,Swift,2020,475177,502985,14157
27151,Swift,2021,508021,584958,15146
27151,Swift,2022,577828,754779,12330
27151,Swift,2023,602502,802855,13661
27153,Todd,2011,729591,680953,27776
27153,Todd,2012,781188,750302,29562
27153,Todd,2013,768403,755189,30531
27153,Todd,2014,797899,790833,30081
27153,Todd,2015,796301,787209,28582
27153,Todd,2016,784319,774078,29184
27153,Todd,2017,819678,819678,27260
27153,Todd,2018,843488,850512,27099
27153,Todd,2019,840299,870210,27581
27153,Todd,2020,757376,809149,30048
27153,Todd,2021,785619,881171,27405
27153,Todd,2022,830237,997257,36615
27153,Todd,2023,823582,1044053,32172
27155,Traverse,2011,137684,144475,4054
27155,Traverse,2012,224113,241792,3963
27155,Traverse,2013,215906,249283,3626
27155,Traverse,2014,157585,176301,3360
27155,Traverse,2015,224720,231243,3519
27155,Traverse,2016,247882,235708,3695
27155,Traverse,2017,173760,173760,2577
27155,Traverse,2018,172953,173548,2785
27155,Traverse,2019,139201,142618,
27155,Traverse,2020,198160,204894,2665
27155,Traverse,2021,192998,236932,2713
27155,Traverse,2022,215800,315986,3588
27155,Traverse,2023,221622,308316,4384
27157,Wabasha,2011,749339,682037,45561
27157,Wabasha,2012,767021,718502,42371
27157,Wabasha,2013,754006,726787,39039
27157,Wabasha,2014,789920,768157,38680
27157,Wabasha,2015,773742,757241,38170
27157,Wabasha,2016,734123,722177,32255
27157,Wabasha,2017,775734,775734,32484
27157,Wabasha,2018,743653,753568,32624
27157,Wabasha,2019,736385,765827,35290
27157,Wabasha,2020,763038,812027,34724
27157,Wabasha,2021,790004,891705,35181
27157,Wabasha,2022,777208,969496,33722
27157,Wabasha,2023,757799,986171,29487
27159,Wadena,2011,475397,427937,25796
27159,Wadena,2012,489201,451942,28036
27159,Wadena,2013,491022,466542,26413
27159,Wadena,2014,488771,471320,28541
27159,Wadena,2015,514668,501053,25582
27159,Wadena,2016,534749,522532,28100
27159,Wadena,2017,499121,499121,29321
27159,Wadena,2018,510276,521927,31840
27159,Wadena,2019,513423,539092,31234
27159,Wadena,2020,506970,547639,28287
27159,Wadena,2021,518910,594883,28034
27159,Wadena,2022,525256,654885,21844
27159,Wadena,2023,542288,700687,22875
27161,Waseca,2011,801852,778229,27511
27161,Waseca,2012,839575,828794,32417
27161,Waseca,2013,864809,874329,27300
27161,Waseca,2014,932013,938150,25423
27161,Waseca,2015,976887,971856,37149
27161,Waseca,2016,871388,859660,30961
27161,Waseca,2017,785964,785964,32316
27161,Waseca,2018,751341,758278,30931
27161,Waseca,2019,691859,712431,27082
27161,Waseca,2020,707641,746310,37119
27161,Waseca,2021,770215,858518,27585
27161,Waseca,2022,874371,1056471,28981
27161,Waseca,2023,906195,1131427,26237
27163,Washington,2011,9202930,8425606,310873
27163,Washington,2012,9261231,8727911,356057
27163,Washington,2013,9705631,9186121,416969
27163,Washington,2014,10098945,9706899,423243
27163,Washington,2015,10528018,10262463,480886
27163,Washington,2016,10727639,10437553,529403
27163,Washington,2017,11240735,11240735,591605
27163,Washington,2018,11444127,11908308,637478
27163,Washington,2019,11859027,12431128,652269
27163,Washington,2020,11525162,12131695,644735
27163,Washington,2021,11860871,13563981,752353
27163,Washington,2022,12378485,15854483,693197
27163,Washington,2023,12573931,16425586,704516
27165,Watonwan,2011,467537,420873,18162
27165,Watonwan,2012,449249,417933,19654
27165,Watonwan,2013,430450,414957,18884
27165,Watonwan,2014,410427,398356,17879
27165,Watonwan,2015,410686,399901,17428
27165,Watonwan,2016,403389,398482,23467
27165,Watonwan,2017,434499,434499,22351
27165,Watonwan,2018,443183,447105,22518
27165,Watonwan,2019,452616,467812,21021
27165,Watonwan,2020,428771,452730,21166
27165,Watonwan,2021,470881,538385,23676
27165,Watonwan,2022,475716,600482,20980
27165,Watonwan,2023,447683,583956,18371
27167,Wilkin,2011,302365,266604,8025
27167,Wilkin,2012,376352,340877,7887
27167,Wilkin,2013,375019,355106,7595
27167,Wilkin,2014,288651,274413,8455
27167,Wilkin,2015,283755,274449,9715
27167,Wilkin,2016,317909,309360,9215
27167,Wilkin,2017,276186,276186,7051
27167,Wilkin,2018,268877,275318,6628
27167,Wilkin,2019,291825,307583,7180
27167,Wilkin,2020,286144,306944,7554
27167,Wilkin,2021,328591,387668,6691
27167,Wilkin,2022,343438,459456,6517
27167,Wilkin,2023,346034,464408,6196
27169,Winona,2011,2239269,2079733,67811
27169,Winona,2012,2291776,2169146,67103
27169,Winona,2013,2219652,2134508,58900
27169,Winona,2014,2331136,2258014,59806
27169,Winona,2015,2316305,2267094,62817
27169,Winona,2016,2291636,2259746,71048
27169,Winona,2017,2344556,2344556,68115
27169,Winona,2018,2333808,2374085,71637
27169,Winona,2019,2337387,2423058,80952
27169,Winona,2020,2334515,2457320,73591
27169,Winona,2021,2364004,2599999,71128
27169,Winona,2022,2344007,2776573,62509
27169,Winona,2023,2253603,2795437,62241
27171,Wright,2011,4057414,3591067,440040
27171,Wright,2012,4277625,3859585,466489
27171,Wright,2013,4242888,3917380,471899
27171,Wright,2014,4386987,4158108,473540
27171,Wright,2015,4540848,4409489,488061
27171,Wright,2016,4755986,4682198,506032
27171,Wright,2017,4693623,4693623,531215
27171,Wright,2018,4835905,4951651,520223
27171,Wright,2019,4958965,5229522,533030
27171,Wright,2020,5011302,5425945,576471
27171,Wright,2021,5284861,6021499,624753
27171,Wright,2022,5196131,6456400,540689
27171,Wright,2023,5252494,6866171,514373
27173,Yellow Medicine,2011,507740,488979,37223
27173,Yellow Medicine,2012,490664,485265,34811
27173,Yellow Medicine,2013,494929,509289,31130
27173,Yellow Medicine,2014,478426,492031,30730
27173,Yellow Medicine,2015,613460,613581,28318
27173,Yellow Medicine,2016,532630,520534,27174
27173,Yellow Medicine,2017,447659,447659,24387
27173,Yellow Medicine,2018,448569,460421,24373
27173,Yellow Medicine,2019,499592,528036,20807
27173,Yellow Medicine,2020,510237,547987,17634
27173,Yellow Medicine,2021,503061,588156,17696
27173,Yellow Medicine,2022,558925,733438,14793
27173,Yellow Medicine,2023,600129,800707,14857
