county_fips,state_name,county_name,pop_total,year,npopchg,net_mig_census,pop_growth_rate
27001,Minnesota,Aitkin County,15708,2020,19,45,
27001,Minnesota,Aitkin County,15954,2021,246,425,1.5660809778456741
27001,Minnesota,Aitkin County,16148,2022,194,307,1.2159959884668448
27001,Minnesota,Aitkin County,16131,2023,-17,89,-0.10527619519444809
27001,Minnesota,Aitkin County,16283,2024,152,294,0.9422850412249772
27001,Minnesota,Aitkin County,16252,2025,-31,115,-0.19038260762758163
27003,Minnesota,Anoka County,364474,2020,589,111,
27003,Minnesota,Anoka County,367557,2021,3083,1440,0.8458765234282906
27003,Minnesota,Anoka County,369468,2022,1911,798,0.5199193594462859
27003,Minnesota,Anoka County,373182,2023,3714,2386,1.0052291402773639
27003,Minnesota,Anoka County,377855,2024,4673,3329,1.2522040184146155
27003,Minnesota,Anoka County,381605,2025,3750,2373,0.9924441915549531
27005,Minnesota,Becker County,35184,2020,19,-5,
27005,Minnesota,Becker County,35322,2021,138,185,0.392223738062758
27005,Minnesota,Becker County,35355,2022,33,127,0.09342619330727775
27005,Minnesota,Becker County,35282,2023,-73,-16,-0.20647716023193263
27005,Minnesota,Becker County,35385,2024,103,161,0.2919335638569276
27005,Minnesota,Becker County,35497,2025,112,156,0.3165182987141524
27007,Minnesota,Beltrami County,46232,2020,12,-7,
27007,Minnesota,Beltrami County,46473,2021,241,112,0.5212839591624885
27007,Minnesota,Beltrami County,46687,2022,214,256,0.4604824306586597
27007,Minnesota,Beltrami County,46570,2023,-117,-118,-0.25060509349498217
27007,Minnesota,Beltrami County,46779,2024,209,156,0.4487867726003847
27007,Minnesota,Beltrami County,47055,2025,276,219,0.5900083370743214
27009,Minnesota,Benton County,41355,2020,-22,-40,
27009,Minnesota,Benton County,41545,2021,190,97,0.4594365856607441
27009,Minnesota,Benton County,41533,2022,-12,-40,-0.02888434227945602
27009,Minnesota,Benton County,41580,2023,47,-70,0.11316302699058145
27009,Minnesota,Benton County,41769,2024,189,96,0.454545454545463
27009,Minnesota,Benton County,41744,2025,-25,-132,-0.059853001029475106
27011,Minnesota,Big Stone County,5158,2020,-10,-7,
27011,Minnesota,Big Stone County,5167,2021,9,21,0.1744862349748022
27011,Minnesota,Big Stone County,5144,2022,-23,7,-0.44513257209212176
27011,Minnesota,Big Stone County,5098,2023,-46,-20,-0.8942457231726264
27011,Minnesota,Big Stone County,5079,2024,-19,8,-0.3726951745782636
27011,Minnesota,Big Stone County,5054,2025,-25,-2,-0.4922228785193883
27013,Minnesota,Blue Earth County,69202,2020,85,16,
27013,Minnesota,Blue Earth County,69387,2021,185,-22,0.2673333140660761
27013,Minnesota,Blue Earth County,70108,2022,721,644,1.0390995431420968
27013,Minnesota,Blue Earth County,70328,2023,220,78,0.31380156330234055
27013,Minnesota,Blue Earth County,70200,2024,-128,-197,-0.18200432260265798
27013,Minnesota,Blue Earth County,70634,2025,434,374,0.6182336182336101
27015,Minnesota,Brown County,25908,2020,-7,-10,
27015,Minnesota,Brown County,25904,2021,-4,33,-0.015439246564763476
27015,Minnesota,Brown County,25703,2022,-201,-115,-0.775941939468805
27015,Minnesota,Brown County,25628,2023,-75,-29,-0.29179473213243323
27015,Minnesota,Brown County,25571,2024,-57,9,-0.2224129857967827
27015,Minnesota,Brown County,25517,2025,-54,16,-0.21117672363224482
27017,Minnesota,Carlton County,36190,2020,-10,-23,
27017,Minnesota,Carlton County,36455,2021,265,341,0.732246476927334
27017,Minnesota,Carlton County,36738,2022,283,421,0.7762995473871825
27017,Minnesota,Carlton County,36694,2023,-44,114,-0.11976699874789443
27017,Minnesota,Carlton County,36725,2024,31,149,0.08448247669918807
27017,Minnesota,Carlton County,36711,2025,-14,104,-0.0381211708645357
27019,Minnesota,Carver County,107308,2020,389,241,
27019,Minnesota,Carver County,108911,2021,1603,1054,1.4938308420620938
27019,Minnesota,Carver County,110174,2022,1263,814,1.159662476701162
27019,Minnesota,Carver County,111076,2023,902,401,0.8187049576125149
27019,Minnesota,Carver County,112595,2024,1519,994,1.36753214015628
27019,Minnesota,Carver County,114379,2025,1784,1261,1.584439806385718
27021,Minnesota,Cass County,30152,2020,75,110,
27021,Minnesota,Cass County,30660,2021,508,664,1.6847970283894842
27021,Minnesota,Cass County,31246,2022,586,720,1.9112850619700028
27021,Minnesota,Cass County,31344,2023,98,262,0.3136401459386873
27021,Minnesota,Cass County,31424,2024,80,224,0.2552322613578406
27021,Minnesota,Cass County,31430,2025,6,159,0.019093686354376693
27023,Minnesota,Chippewa County,12606,2020,3,-2,
27023,Minnesota,Chippewa County,12376,2021,-230,-178,-1.8245280025384725
27023,Minnesota,Chippewa County,12358,2022,-18,-22,-0.14544279250161551
27023,Minnesota,Chippewa County,12313,2023,-45,-45,-0.3641365916814965
27023,Minnesota,Chippewa County,12394,2024,81,63,0.6578413059368238
27023,Minnesota,Chippewa County,12406,2025,12,1,0.09682104243988743
27025,Minnesota,Chisago County,56723,2020,99,25,
27025,Minnesota,Chisago County,57577,2021,854,786,1.505562117659509
27025,Minnesota,Chisago County,57998,2022,421,411,0.7311947479028191
27025,Minnesota,Chisago County,58647,2023,649,551,1.1190041035897824
27025,Minnesota,Chisago County,58947,2024,300,252,0.5115351168857751
27025,Minnesota,Chisago County,59142,2025,195,130,0.3308056389638159
27027,Minnesota,Clay County,65358,2020,40,-43,
27027,Minnesota,Clay County,65675,2021,317,11,0.48502096147373663
27027,Minnesota,Clay County,66133,2022,458,244,0.6973734297677892
27027,Minnesota,Clay County,66581,2023,448,232,0.677422769267988
27027,Minnesota,Clay County,67339,2024,758,744,1.138462924858441
27027,Minnesota,Clay County,67734,2025,395,218,0.5865842973611146
27029,Minnesota,Clearwater County,8565,2020,50,41,
27029,Minnesota,Clearwater County,8572,2021,7,19,0.08172796263865578
27029,Minnesota,Clearwater County,8638,2022,66,95,0.7699486700886604
27029,Minnesota,Clearwater County,8698,2023,60,44,0.6946052326927576
27029,Minnesota,Clearwater County,8655,2024,-43,-62,-0.49436652103932444
27029,Minnesota,Clearwater County,8647,2025,-8,-29,-0.09243212016175617
27031,Minnesota,Cook County,5598,2020,-4,2,
27031,Minnesota,Cook County,5626,2021,28,54,0.5001786352268667
27031,Minnesota,Cook County,5718,2022,92,106,1.6352648418058946
27031,Minnesota,Cook County,5620,2023,-98,-80,-1.7138859741168244
27031,Minnesota,Cook County,5537,2024,-83,-70,-1.4768683274021366
27031,Minnesota,Cook County,5522,2025,-15,-1,-0.270904822105833
27033,Minnesota,Cottonwood County,11517,2020,3,7,
27033,Minnesota,Cottonwood County,11592,2021,75,106,0.6512112529304614
27033,Minnesota,Cottonwood County,11409,2022,-183,-183,-1.5786749482401663
27033,Minnesota,Cottonwood County,11427,2023,18,13,0.15777018143570132
27033,Minnesota,Cottonwood County,11407,2024,-20,-19,-0.1750240658090485
27033,Minnesota,Cottonwood County,11405,2025,-2,-15,-0.017533093714383607
27035,Minnesota,Crow Wing County,66284,2020,163,156,
27035,Minnesota,Crow Wing County,67380,2021,1096,1274,1.6534910385613388
27035,Minnesota,Crow Wing County,67877,2022,497,733,0.7376075986939679
27035,Minnesota,Crow Wing County,68339,2023,462,556,0.6806429276485337
27035,Minnesota,Crow Wing County,68667,2024,328,439,0.47996019842257986
27035,Minnesota,Crow Wing County,69132,2025,465,574,0.6771811787321447
27037,Minnesota,Dakota County,440419,2020,533,11,
27037,Minnesota,Dakota County,442829,2021,2410,368,0.5472061832028086
27037,Minnesota,Dakota County,444023,2022,1194,-542,0.2696300377798222
27037,Minnesota,Dakota County,448612,2023,4589,3084,1.0335050211362828
27037,Minnesota,Dakota County,453755,2024,5143,3670,1.1464249730279263
27037,Minnesota,Dakota County,457710,2025,3955,2393,0.8716157397714586
27039,Minnesota,Dodge County,20895,2020,23,-13,
27039,Minnesota,Dodge County,20969,2021,74,-28,0.35415171093562403
27039,Minnesota,Dodge County,21044,2022,75,-20,0.3576708474414714
27039,Minnesota,Dodge County,21141,2023,97,-15,0.46093898498384966
27039,Minnesota,Dodge County,21281,2024,140,22,0.6622203301641427
27039,Minnesota,Dodge County,21376,2025,95,-27,0.44640759362812865
27041,Minnesota,Douglas County,39095,2020,91,91,
27041,Minnesota,Douglas County,39312,2021,217,302,0.555058191584612
27041,Minnesota,Douglas County,39662,2022,350,462,0.8903133903133797
27041,Minnesota,Douglas County,39873,2023,211,294,0.5319953607987538
27041,Minnesota,Douglas County,39953,2024,80,169,0.20063702254657922
27041,Minnesota,Douglas County,40120,2025,167,255,0.41799113958902456
27043,Minnesota,Faribault County,13899,2020,-19,-9,
27043,Minnesota,Faribault County,13909,2021,10,87,0.07194762213109662
27043,Minnesota,Faribault County,13959,2022,50,99,0.35947947372205746
27043,Minnesota,Faribault County,13936,2023,-23,6,-0.16476824987463612
27043,Minnesota,Faribault County,13906,2024,-30,12,-0.21526980482204916
27043,Minnesota,Faribault County,13888,2025,-18,25,-0.12944052926794347
27045,Minnesota,Fillmore County,21235,2020,11,9,
27045,Minnesota,Fillmore County,21333,2021,98,84,0.46150223687309033
27045,Minnesota,Fillmore County,21467,2022,134,157,0.6281348146064847
27045,Minnesota,Fillmore County,21497,2023,30,70,0.13974938277356852
27045,Minnesota,Fillmore County,21488,2024,-9,43,-0.041866306926552355
27045,Minnesota,Fillmore County,21540,2025,52,90,0.24199553239017124
27047,Minnesota,Freeborn County,30899,2020,3,4,
27047,Minnesota,Freeborn County,30815,2021,-84,-16,-0.27185345804071614
27047,Minnesota,Freeborn County,30696,2022,-119,14,-0.3861755638487785
27047,Minnesota,Freeborn County,30469,2023,-227,-82,-0.7395100338806304
27047,Minnesota,Freeborn County,30430,2024,-39,65,-0.12799894975220605
27047,Minnesota,Freeborn County,30440,2025,10,96,0.0328623069339562
27049,Minnesota,Goodhue County,47594,2020,6,-13,
27049,Minnesota,Goodhue County,48091,2021,497,548,1.0442492751187027
27049,Minnesota,Goodhue County,48103,2022,12,166,0.024952693851232333
27049,Minnesota,Goodhue County,48168,2023,65,75,0.13512670727398035
27049,Minnesota,Goodhue County,48149,2024,-19,-12,-0.03944527487128591
27049,Minnesota,Goodhue County,48195,2025,46,52,0.09553677127249749
27051,Minnesota,Grant County,6093,2020,18,13,
27051,Minnesota,Grant County,6146,2021,53,79,0.8698506482849089
27051,Minnesota,Grant County,6147,2022,1,4,0.01627074520011984
27051,Minnesota,Grant County,6161,2023,14,40,0.22775337563039066
27051,Minnesota,Grant County,6139,2024,-22,-11,-0.35708488881674993
27051,Minnesota,Grant County,6085,2025,-54,-45,-0.8796220882879902
27053,Minnesota,Hennepin County,1281663,2020,97,-1215,
27053,Minnesota,Hennepin County,1267341,2021,-14322,-18450,-1.117454432249354
27053,Minnesota,Hennepin County,1262045,2022,-5296,-9513,-0.4178827955538367
27053,Minnesota,Hennepin County,1263745,2023,1700,-2633,0.13470201141798643
27053,Minnesota,Hennepin County,1277084,2024,13339,9239,1.0555135727539966
27053,Minnesota,Hennepin County,1284784,2025,7700,3397,0.6029360637201719
27055,Minnesota,Houston County,18843,2020,5,-9,
27055,Minnesota,Houston County,18822,2021,-21,6,-0.11144722177997002
27055,Minnesota,Houston County,18740,2022,-82,-1,-0.43566039740728923
27055,Minnesota,Houston County,18682,2023,-58,7,-0.309498399146213
27055,Minnesota,Houston County,18535,2024,-147,-16,-0.7868536559254902
27055,Minnesota,Houston County,18400,2025,-135,-25,-0.7283517669274375
27057,Minnesota,Hubbard County,21395,2020,45,50,
27057,Minnesota,Hubbard County,21747,2021,352,407,1.6452442159383018
27057,Minnesota,Hubbard County,21919,2022,172,233,0.7909136892444879
27057,Minnesota,Hubbard County,22062,2023,143,181,0.6524020256398533
27057,Minnesota,Hubbard County,22115,2024,53,99,0.24023207324812557
27057,Minnesota,Hubbard County,22369,2025,254,303,1.1485417137689247
27059,Minnesota,Isanti County,41385,2020,257,250,
27059,Minnesota,Isanti County,41955,2021,570,514,1.3773106197897844
27059,Minnesota,Isanti County,42709,2022,754,711,1.797163627696352
27059,Minnesota,Isanti County,43198,2023,489,427,1.144957737245078
27059,Minnesota,Isanti County,43657,2024,459,403,1.0625491920922325
27059,Minnesota,Isanti County,44386,2025,729,682,1.6698353070527139
27061,Minnesota,Itasca County,45022,2020,26,38,
27061,Minnesota,Itasca County,45112,2021,90,286,0.19990227000132865
27061,Minnesota,Itasca County,45296,2022,184,450,0.40787373647810377
27061,Minnesota,Itasca County,45487,2023,191,389,0.42167078770751765
27061,Minnesota,Itasca County,45452,2024,-35,114,-0.07694506122628564
27061,Minnesota,Itasca County,45404,2025,-48,97,-0.10560591393118379
27063,Minnesota,Jackson County,9990,2020,2,-3,
27063,Minnesota,Jackson County,10005,2021,15,34,0.15015015015014122
27063,Minnesota,Jackson County,9900,2022,-105,-95,-1.0494752623688153
27063,Minnesota,Jackson County,9898,2023,-2,22,-0.020202020202020332
27063,Minnesota,Jackson County,9873,2024,-25,-5,-0.2525762780359653
27063,Minnesota,Jackson County,9857,2025,-16,-7,-0.16205813835713512
27065,Minnesota,Kanabec County,16054,2020,23,21,
27065,Minnesota,Kanabec County,16177,2021,123,195,0.7661641958390364
27065,Minnesota,Kanabec County,16465,2022,288,328,1.7803053718241868
27065,Minnesota,Kanabec County,16650,2023,185,194,1.1235955056179803
27065,Minnesota,Kanabec County,16624,2024,-26,-8,-0.15615615615615086
27065,Minnesota,Kanabec County,16628,2025,4,22,0.024061597690083758
27067,Minnesota,Kandiyohi County,43727,2020,-6,-70,
27067,Minnesota,Kandiyohi County,43813,2021,86,15,0.1966748233356963
27067,Minnesota,Kandiyohi County,44016,2022,203,104,0.4633328007668913
27067,Minnesota,Kandiyohi County,44387,2023,371,293,0.8428753180661497
27067,Minnesota,Kandiyohi County,44774,2024,387,301,0.8718769008944083
27067,Minnesota,Kandiyohi County,44720,2025,-54,-125,-0.12060570867020726
27069,Minnesota,Kittson County,4187,2020,-19,-12,
27069,Minnesota,Kittson County,4157,2021,-30,9,-0.7165034631000711
27069,Minnesota,Kittson County,4054,2022,-103,-67,-2.477748376232858
27069,Minnesota,Kittson County,4036,2023,-18,16,-0.44400592007893813
27069,Minnesota,Kittson County,4029,2024,-7,8,-0.1734390485629289
27069,Minnesota,Kittson County,4031,2025,2,12,0.049640109208248795
27071,Minnesota,Koochiching County,12027,2020,-34,-15,
27071,Minnesota,Koochiching County,11946,2021,-81,2,-0.6734846595160882
27071,Minnesota,Koochiching County,11847,2022,-99,-1,-0.8287292817679592
27071,Minnesota,Koochiching County,11744,2023,-103,-15,-0.8694184181649356
27071,Minnesota,Koochiching County,11594,2024,-150,-72,-1.2772479564032713
27071,Minnesota,Koochiching County,11587,2025,-7,72,-0.06037605658099077
27073,Minnesota,Lac qui Parle County,6692,2020,-21,-17,
27073,Minnesota,Lac qui Parle County,6693,2021,1,43,0.014943215780038877
27073,Minnesota,Lac qui Parle County,6676,2022,-17,-2,-0.2539967129837173
27073,Minnesota,Lac qui Parle County,6674,2023,-2,27,-0.02995805871779389
27073,Minnesota,Lac qui Parle County,6655,2024,-19,6,-0.2846868444710826
27073,Minnesota,Lac qui Parle County,6704,2025,49,70,0.7362885048835421
27075,Minnesota,Lake County,10923,2020,9,14,
27075,Minnesota,Lake County,11020,2021,97,168,0.8880344227776282
27075,Minnesota,Lake County,10933,2022,-87,7,-0.7894736842105288
27075,Minnesota,Lake County,10884,2023,-49,30,-0.448184395865725
27075,Minnesota,Lake County,10754,2024,-130,-67,-1.1944138184491027
27075,Minnesota,Lake County,10746,2025,-8,58,-0.07439092430723271
27077,Minnesota,Lake of the Woods County,3770,2020,-2,5,
27077,Minnesota,Lake of the Woods County,3832,2021,62,75,1.644562334217503
27077,Minnesota,Lake of the Woods County,3898,2022,66,64,1.7223382045929103
27077,Minnesota,Lake of the Woods County,3792,2023,-106,-96,-2.719343252950235
27077,Minnesota,Lake of the Woods County,3780,2024,-12,-1,-0.31645569620253333
27077,Minnesota,Lake of the Woods County,3770,2025,-10,2,-0.2645502645502673
27079,Minnesota,Le Sueur County,28633,2020,-30,-38,
27079,Minnesota,Le Sueur County,28902,2021,269,238,0.9394754304473896
27079,Minnesota,Le Sueur County,29175,2022,273,257,0.9445713099439423
27079,Minnesota,Le Sueur County,29289,2023,114,74,0.39074550128535
27079,Minnesota,Le Sueur County,29433,2024,144,107,0.4916521560995646
27079,Minnesota,Le Sueur County,29453,2025,20,-8,0.0679509394217348
27081,Minnesota,Lincoln County,5623,2020,-15,-8,
27081,Minnesota,Lincoln County,5576,2021,-47,-41,-0.8358527476436062
27081,Minnesota,Lincoln County,5606,2022,30,46,0.538020086083213
27081,Minnesota,Lincoln County,5584,2023,-22,-3,-0.39243667499108126
27081,Minnesota,Lincoln County,5591,2024,7,9,0.12535816618910456
27081,Minnesota,Lincoln County,5583,2025,-8,-16,-0.1430871042747306
27083,Minnesota,Lyon County,25429,2020,-94,-104,
27083,Minnesota,Lyon County,25500,2021,71,14,0.2792087773801466
27083,Minnesota,Lyon County,25521,2022,21,-93,0.08235294117646674
27083,Minnesota,Lyon County,25587,2023,66,-25,0.2586105560127061
27083,Minnesota,Lyon County,25785,2024,198,169,0.7738304607808555
27083,Minnesota,Lyon County,25684,2025,-101,-146,-0.3917006011246893
27085,Minnesota,McLeod County,36743,2020,-17,-28,
27085,Minnesota,McLeod County,36813,2021,70,89,0.19051247856733955
27085,Minnesota,McLeod County,36776,2022,-37,32,-0.10050797272702638
27085,Minnesota,McLeod County,36861,2023,85,91,0.2311289971720587
27085,Minnesota,McLeod County,36823,2024,-38,-15,-0.1030899867068169
27085,Minnesota,McLeod County,36631,2025,-192,-170,-0.5214132471553112
27087,Minnesota,Mahnomen County,5373,2020,-29,-24,
27087,Minnesota,Mahnomen County,5384,2021,11,22,0.20472734040573037
27087,Minnesota,Mahnomen County,5320,2022,-64,-35,-1.1887072808320909
27087,Minnesota,Mahnomen County,5307,2023,-13,-30,-0.2443609022556359
27087,Minnesota,Mahnomen County,5241,2024,-66,-59,-1.2436404748445429
27087,Minnesota,Mahnomen County,5153,2025,-88,-85,-1.6790688799847353
27089,Minnesota,Marshall County,9025,2020,-6,-6,
27089,Minnesota,Marshall County,8998,2021,-27,-42,-0.2991689750692528
27089,Minnesota,Marshall County,8873,2022,-125,-113,-1.3891975994665517
27089,Minnesota,Marshall County,8828,2023,-45,-70,-0.507156542319398
27089,Minnesota,Marshall County,8788,2024,-40,-40,-0.45310376076121983
27089,Minnesota,Marshall County,8798,2025,10,-2,0.11379153390986829
27091,Minnesota,Martin County,19998,2020,-40,-34,
27091,Minnesota,Martin County,19941,2021,-57,-27,-0.2850285028502819
27091,Minnesota,Martin County,19696,2022,-245,-164,-1.2286244421042092
27091,Minnesota,Martin County,19727,2023,31,97,0.15739236393175204
27091,Minnesota,Martin County,19564,2024,-163,-91,-0.8262787043138875
27091,Minnesota,Martin County,19440,2025,-124,-48,-0.6338172152933974
27093,Minnesota,Meeker County,23430,2020,34,33,
27093,Minnesota,Meeker County,23403,2021,-27,-27,-0.11523687580025088
27093,Minnesota,Meeker County,23545,2022,142,171,0.6067598171174637
27093,Minnesota,Meeker County,23522,2023,-23,-34,-0.0976852834996822
27093,Minnesota,Meeker County,23522,2024,0,5,0.0
27093,Minnesota,Meeker County,23603,2025,81,90,0.3443584729189597
27095,Minnesota,Mille Lacs County,26475,2020,-6,-4,
27095,Minnesota,Mille Lacs County,26919,2021,444,542,1.6770538243626065
27095,Minnesota,Mille Lacs County,27287,2022,368,455,1.3670641554292429
27095,Minnesota,Mille Lacs County,27466,2023,179,206,0.6559900318833245
27095,Minnesota,Mille Lacs County,27680,2024,214,235,0.7791451248816639
27095,Minnesota,Mille Lacs County,27753,2025,73,90,0.26372832369943033
27097,Minnesota,Morrison County,33991,2020,-12,-24,
27097,Minnesota,Morrison County,34069,2021,78,127,0.22947250742844094
27097,Minnesota,Morrison County,34278,2022,209,259,0.6134609175496797
27097,Minnesota,Morrison County,34328,2023,50,79,0.1458661532178107
27097,Minnesota,Morrison County,34494,2024,166,171,0.48357026334187037
27097,Minnesota,Morrison County,34620,2025,126,124,0.3652809184205852
27099,Minnesota,Mower County,40068,2020,25,-18,
27099,Minnesota,Mower County,40232,2021,164,83,0.409304182889092
27099,Minnesota,Mower County,40094,2022,-138,-143,-0.34301053887453303
27099,Minnesota,Mower County,40207,2023,113,41,0.28183768144860455
27099,Minnesota,Mower County,40684,2024,477,405,1.186360583977919
27099,Minnesota,Mower County,40971,2025,287,205,0.705437026841027
27101,Minnesota,Murray County,8177,2020,-2,-8,
27101,Minnesota,Murray County,8146,2021,-31,-19,-0.3791121438180278
27101,Minnesota,Murray County,8061,2022,-85,-53,-1.0434569113675463
27101,Minnesota,Murray County,8090,2023,29,55,0.35975685398834667
27101,Minnesota,Murray County,8027,2024,-63,-46,-0.7787391841780011
27101,Minnesota,Murray County,7942,2025,-85,-67,-1.0589261243303838
27103,Minnesota,Nicollet County,34504,2020,46,35,
27103,Minnesota,Nicollet County,34370,2021,-134,-185,-0.38836076976582756
27103,Minnesota,Nicollet County,34500,2022,130,124,0.378236834448642
27103,Minnesota,Nicollet County,34021,2023,-479,-478,-1.388405797101444
27103,Minnesota,Nicollet County,34239,2024,218,203,0.6407806942770655
27103,Minnesota,Nicollet County,34273,2025,34,20,0.0993019655948002
27105,Minnesota,Nobles County,22201,2020,-83,-111,
27105,Minnesota,Nobles County,22073,2021,-128,-281,-0.576550605828563
27105,Minnesota,Nobles County,22106,2022,33,-162,0.1495039188148306
27105,Minnesota,Nobles County,22065,2023,-41,-209,-0.1854700081425853
27105,Minnesota,Nobles County,22242,2024,177,28,0.8021753908905582
27105,Minnesota,Nobles County,22338,2025,96,-69,0.4316158618829169
27107,Minnesota,Norman County,6438,2020,-7,-9,
27107,Minnesota,Norman County,6445,2021,7,14,0.10872941907424938
27107,Minnesota,Norman County,6356,2022,-89,-53,-1.3809154383242817
27107,Minnesota,Norman County,6335,2023,-21,-7,-0.3303964757709221
27107,Minnesota,Norman County,6301,2024,-34,7,-0.5367008681925856
27107,Minnesota,Norman County,6336,2025,35,63,0.5554673861291937
27109,Minnesota,Olmsted County,163055,2020,200,-31,
27109,Minnesota,Olmsted County,163717,2021,662,-182,0.40599797614302435
27109,Minnesota,Olmsted County,163908,2022,191,-342,0.11666473243463482
27109,Minnesota,Olmsted County,164841,2023,933,329,0.5692217585474779
27109,Minnesota,Olmsted County,165777,2024,936,322,0.567819899175559
27109,Minnesota,Olmsted County,166731,2025,954,287,0.5754718688358418
27111,Minnesota,Otter Tail County,60098,2020,4,32,
27111,Minnesota,Otter Tail County,60245,2021,147,303,0.24460048587306993
27111,Minnesota,Otter Tail County,60594,2022,349,531,0.57930118682048
27111,Minnesota,Otter Tail County,60754,2023,160,343,0.2640525464567389
27111,Minnesota,Otter Tail County,60958,2024,204,411,0.3357803601409026
27111,Minnesota,Otter Tail County,61041,2025,83,274,0.1361593228124347
27113,Minnesota,Pennington County,13942,2020,-45,-46,
27113,Minnesota,Pennington County,13786,2021,-156,-136,-1.1189212451585107
27113,Minnesota,Pennington County,13826,2022,40,50,0.29014942695488877
27113,Minnesota,Pennington County,13734,2023,-92,-81,-0.6654129900188099
27113,Minnesota,Pennington County,13750,2024,16,8,0.11649919906799866
27113,Minnesota,Pennington County,13686,2025,-64,-80,-0.4654545454545467
27115,Minnesota,Pine County,28886,2020,11,29,
27115,Minnesota,Pine County,29080,2021,194,250,0.6716056221006683
27115,Minnesota,Pine County,29793,2022,713,826,2.45185694635488
27115,Minnesota,Pine County,30190,2023,397,453,1.3325277749806963
27115,Minnesota,Pine County,30398,2024,208,301,0.688969857568722
27115,Minnesota,Pine County,30472,2025,74,170,0.24343706822818056
27117,Minnesota,Pipestone County,9418,2020,-2,-15,
27117,Minnesota,Pipestone County,9359,2021,-59,-64,-0.6264599702696994
27117,Minnesota,Pipestone County,9334,2022,-25,-7,-0.2671225558286139
27117,Minnesota,Pipestone County,9289,2023,-45,-47,-0.4821084208270876
27117,Minnesota,Pipestone County,9251,2024,-38,-26,-0.4090860157175191
27117,Minnesota,Pipestone County,9260,2025,9,14,0.0972867798075816
27119,Minnesota,Polk County,31099,2020,-104,-105,
27119,Minnesota,Polk County,30861,2021,-238,-220,-0.7652979195472476
27119,Minnesota,Polk County,30815,2022,-46,8,-0.1490554421438084
27119,Minnesota,Polk County,30563,2023,-252,-211,-0.8177835469738715
27119,Minnesota,Polk County,30683,2024,120,179,0.39263161338873864
27119,Minnesota,Polk County,30545,2025,-138,-125,-0.4497604536714106
27121,Minnesota,Pope County,11327,2020,19,22,
27121,Minnesota,Pope County,11415,2021,88,102,0.7769047408846097
27121,Minnesota,Pope County,11421,2022,6,38,0.05256241787121585
27121,Minnesota,Pope County,11407,2023,-14,1,-0.12258121005166434
27121,Minnesota,Pope County,11464,2024,57,88,0.499693170860005
27121,Minnesota,Pope County,11420,2025,-44,-13,-0.38381018841591175
27123,Minnesota,Ramsey County,551733,2020,-629,-1160,
27123,Minnesota,Ramsey County,543343,2021,-8390,-9617,-1.520663074349371
27123,Minnesota,Ramsey County,538375,2022,-4968,-6710,-0.9143395608299021
27123,Minnesota,Ramsey County,537716,2023,-659,-2217,-0.12240538657998234
27123,Minnesota,Ramsey County,540713,2024,2997,1492,0.5573574154386307
27123,Minnesota,Ramsey County,541623,2025,910,-616,0.16829630506387527
27125,Minnesota,Red Lake County,3937,2020,4,1,
27125,Minnesota,Red Lake County,3946,2021,9,-12,0.2286004572009226
27125,Minnesota,Red Lake County,3883,2022,-63,-73,-1.5965534718702434
27125,Minnesota,Red Lake County,3915,2023,32,29,0.8241050733968525
27125,Minnesota,Red Lake County,3894,2024,-21,-25,-0.5363984674329525
27125,Minnesota,Red Lake County,3940,2025,46,39,1.1813045711350778
27127,Minnesota,Redwood County,15417,2020,-9,-25,
27127,Minnesota,Redwood County,15392,2021,-25,-13,-0.16215865602905444
27127,Minnesota,Redwood County,15365,2022,-27,-19,-0.1754158004158013
27127,Minnesota,Redwood County,15326,2023,-39,-75,-0.2538236251220294
27127,Minnesota,Redwood County,15238,2024,-88,-113,-0.574187654965419
27127,Minnesota,Redwood County,15265,2025,27,5,0.17718860742879095
27129,Minnesota,Renville County,14691,2020,-32,-27,
27129,Minnesota,Renville County,14605,2021,-86,-36,-0.5853924171261293
27129,Minnesota,Renville County,14537,2022,-68,-48,-0.4655939746662119
27129,Minnesota,Renville County,14462,2023,-75,-53,-0.5159248813372819
27129,Minnesota,Renville County,14417,2024,-45,-29,-0.311160282118661
27129,Minnesota,Renville County,14356,2025,-61,-43,-0.4231116043559635
27131,Minnesota,Rice County,67105,2020,12,-35,
27131,Minnesota,Rice County,67359,2021,254,187,0.3785112882795705
27131,Minnesota,Rice County,67991,2022,632,582,0.9382562092667746
27131,Minnesota,Rice County,68585,2023,594,512,0.8736450412554664
27131,Minnesota,Rice County,69545,2024,960,861,1.3997229714952208
27131,Minnesota,Rice County,69939,2025,394,283,0.566539650585951
27133,Minnesota,Rock County,9685,2020,-12,0,
27133,Minnesota,Rock County,9700,2021,15,31,0.15487867836860847
27133,Minnesota,Rock County,9603,2022,-97,-87,-1.0000000000000009
27133,Minnesota,Rock County,9621,2023,18,61,0.18744142455482393
27133,Minnesota,Rock County,9563,2024,-58,-26,-0.6028479368049067
27133,Minnesota,Rock County,9524,2025,-39,-8,-0.40782181323851807
27135,Minnesota,Roseau County,15298,2020,-28,-20,
27135,Minnesota,Roseau County,15273,2021,-25,-11,-0.1634200549091358
27135,Minnesota,Roseau County,15347,2022,74,67,0.48451515746743556
27135,Minnesota,Roseau County,15280,2023,-67,-92,-0.43656740731087273
27135,Minnesota,Roseau County,15249,2024,-31,-54,-0.20287958115182692
27135,Minnesota,Roseau County,15246,2025,-3,-31,-0.01967342120794413
27137,Minnesota,St. Louis County,200067,2020,-160,-58,
27137,Minnesota,St. Louis County,199340,2021,-727,-291,-0.36337826828012343
27137,Minnesota,St. Louis County,200567,2022,1227,1778,0.6155312531353374
27137,Minnesota,St. Louis County,200669,2023,102,674,0.050855823739692774
27137,Minnesota,St. Louis County,200630,2024,-39,571,-0.019434989958588833
27137,Minnesota,St. Louis County,200518,2025,-112,501,-0.05582415391516271
27139,Minnesota,Scott County,151361,2020,431,181,
27139,Minnesota,Scott County,153494,2021,2133,1216,1.4092137340530275
27139,Minnesota,Scott County,154819,2022,1325,673,0.863225924140365
27139,Minnesota,Scott County,156145,2023,1326,545,0.8564840232788029
27139,Minnesota,Scott County,157454,2024,1309,625,0.8383233532934131
27139,Minnesota,Scott County,159017,2025,1563,869,0.9926708753032587
27141,Minnesota,Sherburne County,97588,2020,399,212,
27141,Minnesota,Sherburne County,99225,2021,1637,1211,1.67746034348486
27141,Minnesota,Sherburne County,100972,2022,1747,1329,1.7606449987402462
27141,Minnesota,Sherburne County,102388,2023,1416,896,1.4023689735768397
27141,Minnesota,Sherburne County,103156,2024,768,282,0.7500879009258998
27141,Minnesota,Sherburne County,104194,2025,1038,538,1.00624297180969
27143,Minnesota,Sibley County,14820,2020,-26,-43,
27143,Minnesota,Sibley County,14965,2021,145,111,0.9784075573549211
27143,Minnesota,Sibley County,14986,2022,21,3,0.14032743067156073
27143,Minnesota,Sibley County,15179,2023,193,157,1.287868677432269
27143,Minnesota,Sibley County,15290,2024,111,52,0.7312734699255641
27143,Minnesota,Sibley County,15356,2025,66,10,0.4316546762589857
27145,Minnesota,Stearns County,158456,2020,174,-69,
27145,Minnesota,Stearns County,159112,2021,656,-6,0.4139950522542568
27145,Minnesota,Stearns County,160119,2022,1007,319,0.6328875257680222
27145,Minnesota,Stearns County,161805,2023,1686,932,1.0529668559009275
27145,Minnesota,Stearns County,163113,2024,1308,548,0.8083804579586573
27145,Minnesota,Stearns County,164110,2025,997,189,0.6112327037084642
27147,Minnesota,Steele County,37388,2020,-21,-30,
27147,Minnesota,Steele County,37441,2021,53,-18,0.141756713383967
27147,Minnesota,Steele County,37471,2022,30,0,0.08012606500895636
27147,Minnesota,Steele County,37462,2023,-9,-20,-0.024018574364170764
27147,Minnesota,Steele County,37453,2024,-9,-32,-0.024024344669260067
27147,Minnesota,Steele County,37464,2025,11,-21,0.029370143913709512
27149,Minnesota,Stevens County,9672,2020,-5,-23,
27149,Minnesota,Stevens County,9692,2021,20,-1,0.20678246484697738
27149,Minnesota,Stevens County,9777,2022,85,34,0.8770119686339228
27149,Minnesota,Stevens County,9921,2023,144,88,1.4728444308069966
27149,Minnesota,Stevens County,9828,2024,-93,-115,-0.9374055034774731
27149,Minnesota,Stevens County,9747,2025,-81,-100,-0.8241758241758212
27151,Minnesota,Swift County,9801,2020,-30,-32,
27151,Minnesota,Swift County,9787,2021,-14,-11,-0.14284256708498866
27151,Minnesota,Swift County,9760,2022,-27,-14,-0.27587616225605016
27151,Minnesota,Swift County,9687,2023,-73,-88,-0.7479508196721274
27151,Minnesota,Swift County,9721,2024,34,18,0.35098585733457366
27151,Minnesota,Swift County,9763,2025,42,31,0.4320543153996548
27153,Minnesota,Todd County,25291,2020,26,-14,
27153,Minnesota,Todd County,25290,2021,-1,-50,-0.003953975722592595
27153,Minnesota,Todd County,25571,2022,281,233,1.1111111111111072
27153,Minnesota,Todd County,25794,2023,223,99,0.8720816549998123
27153,Minnesota,Todd County,25965,2024,171,113,0.6629448709002173
27153,Minnesota,Todd County,26060,2025,95,27,0.36587714230695845
27155,Minnesota,Traverse County,3359,2020,-4,-9,
27155,Minnesota,Traverse County,3280,2021,-79,-51,-2.3518904435844035
27155,Minnesota,Traverse County,3260,2022,-20,9,-0.6097560975609762
27155,Minnesota,Traverse County,3176,2023,-84,-70,-2.5766871165644134
27155,Minnesota,Traverse County,3152,2024,-24,-9,-0.7556675062972307
27155,Minnesota,Traverse County,3130,2025,-22,-11,-0.6979695431472033
27157,Minnesota,Wabasha County,21394,2020,22,20,
27157,Minnesota,Wabasha County,21508,2021,114,99,0.5328596802841812
27157,Minnesota,Wabasha County,21650,2022,142,139,0.6602194532266958
27157,Minnesota,Wabasha County,21664,2023,14,41,0.06466512702079097
27157,Minnesota,Wabasha County,21554,2024,-110,-72,-0.5077548005908428
27157,Minnesota,Wabasha County,21537,2025,-17,21,-0.07887167115152582
27159,Minnesota,Wadena County,14124,2020,54,41,
27159,Minnesota,Wadena County,14146,2021,22,48,0.15576323987538387
27159,Minnesota,Wadena County,14270,2022,124,133,0.8765728827937247
27159,Minnesota,Wadena County,14240,2023,-30,28,-0.21023125437982237
27159,Minnesota,Wadena County,14355,2024,115,168,0.8075842696629199
27159,Minnesota,Wadena County,14388,2025,33,88,0.22988505747125743
27161,Minnesota,Waseca County,18973,2020,-1,-14,
27161,Minnesota,Waseca County,19015,2021,42,18,0.22136720602961013
27161,Minnesota,Waseca County,18967,2022,-48,4,-0.2524322902971332
27161,Minnesota,Waseca County,19043,2023,76,76,0.400695945589713
27161,Minnesota,Waseca County,18672,2024,-371,-356,-1.9482224439426599
27161,Minnesota,Waseca County,18688,2025,16,38,0.08568980291345785
27163,Minnesota,Washington County,268397,2020,832,541,
27163,Minnesota,Washington County,272698,2021,4301,3521,1.6024769278345063
27163,Minnesota,Washington County,276249,2022,3551,3021,1.302173099912718
27163,Minnesota,Washington County,278890,2023,2641,1986,0.956021560259046
27163,Minnesota,Washington County,282994,2024,4104,3551,1.4715479221198313
27163,Minnesota,Washington County,286895,2025,3901,3327,1.3784744552888029
27165,Minnesota,Watonwan County,11236,2020,-18,-28,
27165,Minnesota,Watonwan County,11158,2021,-78,-91,-0.6941972232111127
27165,Minnesota,Watonwan County,11243,2022,85,16,0.7617852661767399
27165,Minnesota,Watonwan County,11237,2023,-6,-65,-0.05336653917993317
27165,Minnesota,Watonwan County,11365,2024,128,49,1.139094064252033
27165,Minnesota,Watonwan County,11459,2025,94,14,0.8271007479102588
27167,Minnesota,Wilkin County,6477,2020,-30,-12,
27167,Minnesota,Wilkin County,6412,2021,-65,-41,-1.0035510267098924
27167,Minnesota,Wilkin County,6361,2022,-51,-26,-0.795383655645665
27167,Minnesota,Wilkin County,6350,2023,-11,4,-0.17292878478226692
27167,Minnesota,Wilkin County,6319,2024,-31,-12,-0.4881889763779568
27167,Minnesota,Wilkin County,6288,2025,-31,-23,-0.4905839531571421
27169,Minnesota,Winona County,49656,2020,-20,-43,
27169,Minnesota,Winona County,49794,2021,138,71,0.2779120347994102
27169,Minnesota,Winona County,49798,2022,4,67,0.008033096356996339
27169,Minnesota,Winona County,49904,2023,106,115,0.2128599542150278
27169,Minnesota,Winona County,50343,2024,439,482,0.8796890028855309
27169,Minnesota,Winona County,50523,2025,180,205,0.357547226029431
27171,Minnesota,Wright County,141876,2020,539,243,
27171,Minnesota,Wright County,145245,2021,3369,2640,2.374608813329959
27171,Minnesota,Wright County,148220,2022,2975,2184,2.048263279286733
27171,Minnesota,Wright County,151374,2023,3154,2269,2.127917959789505
27171,Minnesota,Wright County,154612,2024,3238,2378,2.1390727601833914
27171,Minnesota,Wright County,157559,2025,2947,2067,1.9060616252296159
27173,Minnesota,Yellow Medicine County,9498,2020,-27,-32,
27173,Minnesota,Yellow Medicine County,9444,2021,-54,-61,-0.5685407454200875
27173,Minnesota,Yellow Medicine County,9485,2022,41,69,0.43413807708598817
27173,Minnesota,Yellow Medicine County,9536,2023,51,1,0.5376910911966348
27173,Minnesota,Yellow Medicine County,9477,2024,-59,-91,-0.6187080536912748
27173,Minnesota,Yellow Medicine County,9477,2025,0,-39,0.0
