county_fips,county_name,year,fhfa_annual_change,fhfa_hpi,fhfa_hpi_1990base,fhfa_hpi_2000base,state_abbr
27001,Aitkin,2011,-5.28,160.99,,127.84,MN
27001,Aitkin,2012,-2.81,156.47,,124.26,MN
27001,Aitkin,2013,-2.21,153.01,,121.51,MN
27001,Aitkin,2014,.11,153.18,,121.64,MN
27001,Aitkin,2015,4.11,159.47,,126.64,MN
27001,Aitkin,2016,-1.3,157.4,,124.99,MN
27001,Aitkin,2017,5.17,165.54,,131.45,MN
27001,Aitkin,2018,3.23,170.88,,135.7,MN
27001,Aitkin,2019,5.67,180.58,,143.4,MN
27001,Aitkin,2020,3.24,186.42,,148.04,MN
27001,Aitkin,2021,11.52,207.89,,165.08,MN
27001,Aitkin,2022,20.19,249.87,,198.42,MN
27001,Aitkin,2023,9.4,273.37,,217.08,MN
27003,Anoka,2011,-8.18,396.18,169.93,106.07,MN
27003,Anoka,2012,-2.22,387.39,166.16,103.71,MN
27003,Anoka,2013,7.18,415.19,178.08,111.16,MN
27003,Anoka,2014,8.33,449.79,192.93,120.42,MN
27003,Anoka,2015,4.46,469.86,201.54,125.79,MN
27003,Anoka,2016,6.07,498.38,213.77,133.43,MN
27003,Anoka,2017,7.09,533.71,228.92,142.89,MN
27003,Anoka,2018,6.85,570.25,244.6,152.67,MN
27003,Anoka,2019,4.51,595.96,255.62,159.55,MN
27003,Anoka,2020,3.23,615.1900000000001,263.87,164.7,MN
27003,Anoka,2021,11.65,686.88,294.62,183.9,MN
27003,Anoka,2022,11.73,767.48,329.19,205.47,MN
27003,Anoka,2023,3.55,794.6900000000001,340.86,212.76,MN
27005,Becker,2011,-2.12,344.81,284,159.92,MN
27005,Becker,2012,-.38,343.51,282.93,159.31,MN
27005,Becker,2013,.87,346.51,285.4,160.71,MN
27005,Becker,2014,4.46,361.97,298.13,167.88,MN
27005,Becker,2015,3.16,373.41,307.56,173.18,MN
27005,Becker,2016,4.11,388.74,320.18,180.29,MN
27005,Becker,2017,5.14,408.72,336.64,189.56,MN
27005,Becker,2018,4.38,426.61,351.37,197.86,MN
27005,Becker,2019,5.2,448.79,369.65,208.15,MN
27005,Becker,2020,.63,451.6,371.96,209.45,MN
27005,Becker,2021,8.140000000000001,488.35,402.23,226.49,MN
27005,Becker,2022,15.06,561.88,462.79,260.59,MN
27005,Becker,2023,3.54,581.75,479.16,269.81,MN
27007,Beltrami,2011,.45,260.68,255.58,148.6,MN
27007,Beltrami,2012,-.92,258.28,253.22,147.23,MN
27007,Beltrami,2013,.92,260.64,255.54,148.58,MN
27007,Beltrami,2014,.65,262.34,257.21,149.55,MN
27007,Beltrami,2015,.96,264.87,259.68,150.99,MN
27007,Beltrami,2016,2.86,272.43,267.1,155.3,MN
27007,Beltrami,2017,2.19,278.41,272.96,158.71,MN
27007,Beltrami,2018,4.23,290.18,284.5,165.42,MN
27007,Beltrami,2019,5.83,307.1,301.09,175.06,MN
27007,Beltrami,2020,1.8,312.62,306.5,178.21,MN
27007,Beltrami,2021,10.27,344.71,337.96,196.5,MN
27007,Beltrami,2022,15.96,399.73,391.91,227.87,MN
27007,Beltrami,2023,4.42,417.38,409.22,237.93,MN
27009,Benton,2011,-4.57,204.98,194.08,118.22,MN
27009,Benton,2012,-1.41,202.08,191.34,116.55,MN
27009,Benton,2013,1.35,204.81,193.92,118.12,MN
27009,Benton,2014,3.74,212.48,201.18,122.54,MN
27009,Benton,2015,3.23,219.33,207.67,126.5,MN
27009,Benton,2016,4.22,228.58,216.43,131.83,MN
27009,Benton,2017,6.47,243.38,230.44,140.36,MN
27009,Benton,2018,5.97,257.9,244.19,148.74,MN
27009,Benton,2019,2.73,264.93,250.84,152.79,MN
27009,Benton,2020,3.56,274.37,259.78,158.24,MN
27009,Benton,2021,9.93,301.61,285.57,173.94,MN
27009,Benton,2022,14.11,344.17,325.87,198.49,MN
27009,Benton,2023,6.32,365.92,346.47,211.04,MN
27011,Big Stone,2011,2.88,138.29,,,MN
27011,Big Stone,2012,-1.99,135.54,,,MN
27011,Big Stone,2013,-.34,135.08,,,MN
27011,Big Stone,2014,11.31,150.36,,,MN
27011,Big Stone,2015,-6.66,140.34,,,MN
27011,Big Stone,2016,4.11,146.11,,,MN
27011,Big Stone,2017,4.93,153.32,,,MN
27011,Big Stone,2018,8.19,165.88,,,MN
27011,Big Stone,2019,2,169.21,,,MN
27011,Big Stone,2020,.57,170.17,,,MN
27011,Big Stone,2021,10.23,187.58,,,MN
27011,Big Stone,2022,16.57,218.66,,,MN
27011,Big Stone,2023,13.32,247.79,,,MN
27013,Blue Earth,2011,-3.6,324.74,199.47,120.86,MN
27013,Blue Earth,2012,1.16,328.52,201.79,122.26,MN
27013,Blue Earth,2013,1.37,333.01,204.55,123.94,MN
27013,Blue Earth,2014,3.26,343.88,211.23,127.98,MN
27013,Blue Earth,2015,2.25,351.63,215.99,130.86,MN
27013,Blue Earth,2016,3.83,365.09,224.26,135.87,MN
27013,Blue Earth,2017,5.59,385.5,236.8,143.47,MN
27013,Blue Earth,2018,5.9,408.24,250.76,151.93,MN
27013,Blue Earth,2019,2.67,419.16,257.47,156,MN
27013,Blue Earth,2020,1.98,427.46,262.57,159.09,MN
27013,Blue Earth,2021,8.539999999999999,463.97,285,172.67,MN
27013,Blue Earth,2022,12.33,521.1900000000001,320.14,193.97,MN
27013,Blue Earth,2023,6.83,556.77,342,207.21,MN
27015,Brown,2011,-2.98,305.44,196.87,120.15,MN
27015,Brown,2012,.8,307.89,198.45,121.12,MN
27015,Brown,2013,1.88,313.68,202.19,123.4,MN
27015,Brown,2014,-.38,312.47,201.41,122.92,MN
27015,Brown,2015,3.82,324.41,209.1,127.62,MN
27015,Brown,2016,2.07,331.11,213.42,130.25,MN
27015,Brown,2017,4.94,347.46,223.96,136.69,MN
27015,Brown,2018,3.03,357.99,230.75,140.83,MN
27015,Brown,2019,5.02,375.97,242.34,147.9,MN
27015,Brown,2020,1.11,380.13,245.02,149.54,MN
27015,Brown,2021,8.449999999999999,412.25,265.72,162.18,MN
27015,Brown,2022,11.29,458.79,295.72,180.48,MN
27015,Brown,2023,5.66,484.77,312.47,190.7,MN
27017,Carlton,2011,-1.99,301.15,246.9,140.92,MN
27017,Carlton,2012,-3.43,290.82,238.42,136.08,MN
27017,Carlton,2013,.99,293.69,240.78,137.42,MN
27017,Carlton,2014,1.7,298.66,244.86,139.75,MN
27017,Carlton,2015,4.43,311.9,255.71,145.94,MN
27017,Carlton,2016,2.34,319.21,261.7,149.37,MN
27017,Carlton,2017,2.93,328.55,269.36,153.74,MN
27017,Carlton,2018,6.84,351.02,287.79,164.25,MN
27017,Carlton,2019,4.45,366.65,300.6,171.57,MN
27017,Carlton,2020,2.97,377.56,309.54,176.67,MN
27017,Carlton,2021,11.26,420.06,344.39,196.56,MN
27017,Carlton,2022,14.35,480.36,393.82,224.77,MN
27017,Carlton,2023,13.03,542.9400000000001,445.13,254.05,MN
27019,Carver,2011,-6.69,388.16,188.92,115.46,MN
27019,Carver,2012,-.6,385.84,187.79,114.77,MN
27019,Carver,2013,4.22,402.12,195.71,119.61,MN
27019,Carver,2014,6.01,426.27,207.46,126.79,MN
27019,Carver,2015,3.71,442.1,215.17,131.5,MN
27019,Carver,2016,4.06,460.07,223.91,136.85,MN
27019,Carver,2017,5.48,485.3,236.19,144.35,MN
27019,Carver,2018,5.17,510.38,248.4,151.81,MN
27019,Carver,2019,3.15,526.4400000000001,256.22,156.59,MN
27019,Carver,2020,2.27,538.38,262.03,160.14,MN
27019,Carver,2021,9.470000000000001,589.39,286.85,175.32,MN
27019,Carver,2022,12.9,665.4400000000001,323.87,197.94,MN
27019,Carver,2023,3.43,688.28,334.99,204.73,MN
27021,Cass,2011,-4.59,154.84,,137.15,MN
27021,Cass,2012,-1.55,152.45,,135.03,MN
27021,Cass,2013,-1.77,149.75,,132.64,MN
27021,Cass,2014,.74,150.85,,133.62,MN
27021,Cass,2015,3.52,156.16,,138.32,MN
27021,Cass,2016,1.47,158.46,,140.36,MN
27021,Cass,2017,2.77,162.86,,144.25,MN
27021,Cass,2018,6.36,173.21,,153.43,MN
27021,Cass,2019,3.69,179.6,,159.08,MN
27021,Cass,2020,2.94,184.88,,163.76,MN
27021,Cass,2021,10.87,204.98,,181.56,MN
27021,Cass,2022,18.04,241.96,,214.32,MN
27021,Cass,2023,11.66,270.18,,239.31,MN
27023,Chippewa,2011,-1.97,193.41,,123.67,MN
27023,Chippewa,2012,.53,194.44,,124.33,MN
27023,Chippewa,2013,.97,196.32,,125.53,MN
27023,Chippewa,2014,3.74,203.67,,130.23,MN
27023,Chippewa,2015,-.2,203.27,,129.97,MN
27023,Chippewa,2016,5.68,214.8,,137.35,MN
27023,Chippewa,2017,-1.13,212.37,,135.8,MN
27023,Chippewa,2018,5.12,223.26,,142.75,MN
27023,Chippewa,2019,6.26,237.23,,151.69,MN
27023,Chippewa,2020,1.39,240.52,,153.79,MN
27023,Chippewa,2021,13.53,273.07,,174.6,MN
27023,Chippewa,2022,15.44,315.22,,201.56,MN
27023,Chippewa,2023,13.06,356.38,,227.87,MN
27025,Chisago,2011,-8.07,275.4,183.78,103.91,MN
27025,Chisago,2012,-3.21,266.57,177.88,100.58,MN
27025,Chisago,2013,4.8,279.35,186.41,105.4,MN
27025,Chisago,2014,7.17,299.39,199.79,112.97,MN
27025,Chisago,2015,6.05,317.52,211.88,119.8,MN
27025,Chisago,2016,6.52,338.23,225.71,127.62,MN
27025,Chisago,2017,7.33,363.03,242.25,136.98,MN
27025,Chisago,2018,7.91,391.76,261.43,147.82,MN
27025,Chisago,2019,4.04,407.58,271.98,153.79,MN
27025,Chisago,2020,4.14,424.46,283.25,160.16,MN
27025,Chisago,2021,12.32,476.77,318.15,179.89,MN
27025,Chisago,2022,13.63,541.76,361.53,204.42,MN
27025,Chisago,2023,4.59,566.6,378.1,213.79,MN
27027,Clay,2011,-3.3,268.38,199.25,141.35,MN
27027,Clay,2012,2.62,275.4,204.47,145.04,MN
27027,Clay,2013,3.54,285.15,211.71,150.18,MN
27027,Clay,2014,7.3,305.97,227.16,161.15,MN
27027,Clay,2015,6.25,325.09,241.36,171.21,MN
27027,Clay,2016,5.86,344.14,255.5,181.25,MN
27027,Clay,2017,3.51,356.22,264.47,187.61,MN
27027,Clay,2018,2.8,366.2,271.88,192.87,MN
27027,Clay,2019,1.23,370.69,275.21,195.23,MN
27027,Clay,2020,.75,373.47,277.28,196.7,MN
27027,Clay,2021,7.18,400.3,297.2,210.82,MN
27027,Clay,2022,10.84,443.68,329.41,233.67,MN
27027,Clay,2023,5.52,468.16,347.58,246.57,MN
27029,Clearwater,2011,-.55,96.56,,,MN
27029,Clearwater,2012,-.91,95.68000000000001,,,MN
27029,Clearwater,2013,5.21,100.66,,,MN
27029,Clearwater,2014,9.5,110.23,,,MN
27029,Clearwater,2015,-2.82,107.12,,,MN
27029,Clearwater,2016,-1.84,105.15,,,MN
27029,Clearwater,2017,7.36,112.89,,,MN
27029,Clearwater,2018,5.04,118.57,,,MN
27029,Clearwater,2019,4,123.32,,,MN
27029,Clearwater,2020,1.02,124.57,,,MN
27029,Clearwater,2021,7.32,133.69,,,MN
27029,Clearwater,2022,15.76,154.77,,,MN
27029,Clearwater,2023,-2.19,151.37,,,MN
27031,Cook,2011,-4.25,169.16,,160.38,MN
27031,Cook,2012,-2.46,165,,156.45,MN
27031,Cook,2013,-.72,163.82,,155.33,MN
27031,Cook,2014,5.58,172.97,,164,MN
27031,Cook,2015,-3.82,166.36,,157.73,MN
27031,Cook,2016,-.41,165.69,,157.09,MN
27031,Cook,2017,7.22,177.64,,168.43,MN
27031,Cook,2018,-1.65,174.71,,165.65,MN
27031,Cook,2019,2.38,178.86,,169.58,MN
27031,Cook,2020,3.96,185.94,,176.3,MN
27031,Cook,2021,11.82,207.92,,197.13,MN
27031,Cook,2022,18.11,245.57,,232.83,MN
27031,Cook,2023,9.630000000000001,269.22,,255.25,MN
27033,Cottonwood,2011,-.32,195.54,,134.3,MN
27033,Cottonwood,2012,-.24,195.08,,133.98,MN
27033,Cottonwood,2013,2.63,200.22,,137.51,MN
27033,Cottonwood,2014,-3.03,194.15,,133.34,MN
27033,Cottonwood,2015,10.94,215.38,,147.92,MN
27033,Cottonwood,2016,5.53,227.28,,156.1,MN
27033,Cottonwood,2017,-1.09,224.8,,154.39,MN
27033,Cottonwood,2018,6.47,239.34,,164.37,MN
27033,Cottonwood,2019,3.61,247.98,,170.31,MN
27033,Cottonwood,2020,2.42,253.98,,174.43,MN
27033,Cottonwood,2021,11.66,283.6,,194.77,MN
27033,Cottonwood,2022,17.18,332.33,,228.25,MN
27033,Cottonwood,2023,-2.5,324.02,,222.54,MN
27035,Crow Wing,2011,-5.3,312.39,231.37,124.83,MN
27035,Crow Wing,2012,-3.25,302.22,223.84,120.77,MN
27035,Crow Wing,2013,1.89,307.93,228.07,123.04,MN
27035,Crow Wing,2014,1.59,312.81,231.68,125,MN
27035,Crow Wing,2015,2.53,320.73,237.55,128.16,MN
27035,Crow Wing,2016,4.02,333.62,247.1,133.31,MN
27035,Crow Wing,2017,5.48,351.9,260.63,140.62,MN
27035,Crow Wing,2018,5.08,369.78,273.88,147.76,MN
27035,Crow Wing,2019,5.7,390.85,289.48,156.18,MN
27035,Crow Wing,2020,1.71,397.54,294.44,158.85,MN
27035,Crow Wing,2021,13.06,449.47,332.9,179.6,MN
27035,Crow Wing,2022,18.12,530.93,393.23,212.15,MN
27035,Crow Wing,2023,7.35,569.97,422.15,227.75,MN
27037,Dakota,2011,-6.81,418.65,176.66,111.59,MN
27037,Dakota,2012,-.97,414.58,174.94,110.51,MN
27037,Dakota,2013,5.52,437.47,184.6,116.61,MN
27037,Dakota,2014,7.8,471.58,199,125.7,MN
27037,Dakota,2015,3.33,487.27,205.62,129.88,MN
27037,Dakota,2016,4.2,507.72,214.24,135.33,MN
27037,Dakota,2017,5.78,537.05,226.62,143.15,MN
27037,Dakota,2018,4.93,563.55,237.8,150.22,MN
27037,Dakota,2019,4.35,588.0599999999999,248.15,156.75,MN
27037,Dakota,2020,2.92,605.23,255.39,161.32,MN
27037,Dakota,2021,9.869999999999999,664.96,280.6,177.25,MN
27037,Dakota,2022,12.14,745.68,314.66,198.76,MN
27037,Dakota,2023,3.04,768.3200000000001,324.21,204.8,MN
27039,Dodge,2011,-2.24,211.15,189.71,116.66,MN
27039,Dodge,2012,.39,211.98,190.45,117.12,MN
27039,Dodge,2013,3.03,218.4,196.23,120.67,MN
27039,Dodge,2014,2.43,223.72,201,123.61,MN
27039,Dodge,2015,1.63,227.38,204.29,125.63,MN
27039,Dodge,2016,6.55,242.27,217.67,133.86,MN
27039,Dodge,2017,5.85,256.44,230.4,141.68,MN
27039,Dodge,2018,9.01,279.55,251.17,154.45,MN
27039,Dodge,2019,3.71,289.91,260.48,160.18,MN
27039,Dodge,2020,3.53,300.15,269.67,165.83,MN
27039,Dodge,2021,9.16,327.65,294.38,181.03,MN
27039,Dodge,2022,13.06,370.45,332.83,204.67,MN
27039,Dodge,2023,3.38,382.99,344.1,211.6,MN
27041,Douglas,2011,-3.6,329.59,270.66,141.45,MN
27041,Douglas,2012,-1.69,324.01,266.08,139.05,MN
27041,Douglas,2013,2.92,333.45,273.84,143.11,MN
27041,Douglas,2014,2.01,340.14,279.33,145.98,MN
27041,Douglas,2015,3.73,352.83,289.75,151.42,MN
27041,Douglas,2016,3.66,365.75,300.36,156.97,MN
27041,Douglas,2017,3.78,379.58,311.72,162.9,MN
27041,Douglas,2018,5.31,399.74,328.27,171.55,MN
27041,Douglas,2019,3.42,413.39,339.48,177.41,MN
27041,Douglas,2020,1.84,420.99,345.73,180.68,MN
27041,Douglas,2021,10.98,467.24,383.7,200.52,MN
27041,Douglas,2022,18.39,553.15,454.26,237.39,MN
27041,Douglas,2023,7.67,595.59,489.11,255.61,MN
27043,Faribault,2011,1.96,174.42,,121.3,MN
27043,Faribault,2012,-2.63,169.83,,118.1,MN
27043,Faribault,2013,2.42,173.94,,120.96,MN
27043,Faribault,2014,.16,174.22,,121.16,MN
27043,Faribault,2015,4.01,181.22,,126.02,MN
27043,Faribault,2016,-1.26,178.94,,124.44,MN
27043,Faribault,2017,2.56,183.53,,127.63,MN
27043,Faribault,2018,6.99,196.36,,136.55,MN
27043,Faribault,2019,7.14,210.37,,146.29,MN
27043,Faribault,2020,-1.77,206.65,,143.71,MN
27043,Faribault,2021,10.69,228.73,,159.06,MN
27043,Faribault,2022,20.13,274.78,,191.09,MN
27043,Faribault,2023,2.15,280.7,,195.21,MN
27045,Fillmore,2011,-2.94,187.49,,116.66,MN
27045,Fillmore,2012,-.08,187.34,,116.56,MN
27045,Fillmore,2013,.38,188.06,,117.01,MN
27045,Fillmore,2014,.59,189.17,,117.7,MN
27045,Fillmore,2015,4.28,197.25,,122.73,MN
27045,Fillmore,2016,3.21,203.58,,126.67,MN
27045,Fillmore,2017,5.55,214.87,,133.7,MN
27045,Fillmore,2018,5.28,226.21,,140.75,MN
27045,Fillmore,2019,4.57,236.55,,147.18,MN
27045,Fillmore,2020,6.09,250.95,,156.15,MN
27045,Fillmore,2021,7.22,269.07,,167.42,MN
27045,Fillmore,2022,14.25,307.43,,191.29,MN
27045,Fillmore,2023,10.03,338.26,,210.47,MN
27047,Freeborn,2011,-4.54,203.46,179.47,111.33,MN
27047,Freeborn,2012,-.46,202.52,178.64,110.81,MN
27047,Freeborn,2013,.53,203.6,179.6,111.4,MN
27047,Freeborn,2014,.1,203.81,179.78,111.52,MN
27047,Freeborn,2015,3.09,210.11,185.33,114.96,MN
27047,Freeborn,2016,1.78,213.85,188.63,117.01,MN
27047,Freeborn,2017,5.79,226.23,199.55,123.78,MN
27047,Freeborn,2018,6.11,240.05,211.75,131.35,MN
27047,Freeborn,2019,5,252.06,222.34,137.92,MN
27047,Freeborn,2020,2.68,258.83,228.31,141.62,MN
27047,Freeborn,2021,7.61,278.52,245.68,152.39,MN
27047,Freeborn,2022,15.31,321.15,283.28,175.72,MN
27047,Freeborn,2023,1.59,326.26,287.79,178.52,MN
27049,Goodhue,2011,-4.68,281.81,202.05,115.75,MN
27049,Goodhue,2012,-2.29,275.37,197.43,113.11,MN
27049,Goodhue,2013,2.73,282.89,202.82,116.2,MN
27049,Goodhue,2014,3.55,292.93,210.02,120.32,MN
27049,Goodhue,2015,2.47,300.18,215.22,123.3,MN
27049,Goodhue,2016,5.28,316.01,226.58,129.8,MN
27049,Goodhue,2017,5.74,334.17,239.59,137.26,MN
27049,Goodhue,2018,5.78,353.48,253.44,145.19,MN
27049,Goodhue,2019,5.15,371.68,266.49,152.67,MN
27049,Goodhue,2020,2.1,379.48,272.08,155.87,MN
27049,Goodhue,2021,10.4,418.96,300.39,172.09,MN
27049,Goodhue,2022,13.83,476.89,341.92,195.88,MN
27049,Goodhue,2023,4.5,498.33,357.29,204.69,MN
27051,Grant,2011,.07,138.06,,118.4,MN
27051,Grant,2012,1.22,139.74,,119.84,MN
27051,Grant,2013,-1.76,137.28,,117.72,MN
27051,Grant,2014,-.13,137.1,,117.57,MN
27051,Grant,2015,6.2,145.59,,124.86,MN
27051,Grant,2016,.98,147.01,,126.07,MN
27051,Grant,2017,-4.78,139.98,,120.04,MN
27051,Grant,2018,16.25,162.73,,139.55,MN
27051,Grant,2019,1.37,164.96,,141.47,MN
27051,Grant,2020,4.29,172.04,,147.53,MN
27051,Grant,2021,5.61,181.69,,155.81,MN
27051,Grant,2022,20.65,219.2,,187.98,MN
27051,Grant,2023,9.890000000000001,240.87,,206.56,MN
27053,Hennepin,2011,-6.07,527.77,200.38,120.84,MN
27053,Hennepin,2012,-.63,524.4400000000001,199.12,120.08,MN
27053,Hennepin,2013,5.05,550.93,209.18,126.14,MN
27053,Hennepin,2014,6.57,587.12,222.92,134.43,MN
27053,Hennepin,2015,3.36,606.86,230.41,138.95,MN
27053,Hennepin,2016,4.99,637.15,241.91,145.88,MN
27053,Hennepin,2017,6.54,678.8099999999999,257.73,155.42,MN
27053,Hennepin,2018,6.23,721.0700000000001,273.77,165.1,MN
27053,Hennepin,2019,4.03,750.12,284.8,171.75,MN
27053,Hennepin,2020,2.91,771.9400000000001,293.09,176.75,MN
27053,Hennepin,2021,8.529999999999999,837.8,318.1,191.83,MN
27053,Hennepin,2022,10.34,924.45,350.99,211.66,MN
27053,Hennepin,2023,2.47,947.3099999999999,359.67,216.9,MN
27055,Houston,2011,-1.8,238.66,216.2,134.61,MN
27055,Houston,2012,-.47,237.53,215.17,133.97,MN
27055,Houston,2013,2.48,243.42,220.52,137.29,MN
27055,Houston,2014,4.61,254.65,230.68,143.63,MN
27055,Houston,2015,1.01,257.22,233.01,145.08,MN
27055,Houston,2016,2.44,263.49,238.69,148.61,MN
27055,Houston,2017,6.46,280.52,254.12,158.22,MN
27055,Houston,2018,2.68,288.04,260.93,162.46,MN
27055,Houston,2019,4.15,300,271.77,169.21,MN
27055,Houston,2020,2.54,307.64,278.69,173.51,MN
27055,Houston,2021,9.140000000000001,335.76,304.16,189.38,MN
27055,Houston,2022,12.27,376.94,341.47,212.6,MN
27055,Houston,2023,10.79,417.6,378.3,235.53,MN
27057,Hubbard,2011,-1.54,142.55,,142.55,MN
27057,Hubbard,2012,-2.99,138.3,,138.3,MN
27057,Hubbard,2013,.03,138.34,,138.34,MN
27057,Hubbard,2014,1.28,140.11,,140.11,MN
27057,Hubbard,2015,2.46,143.56,,143.56,MN
27057,Hubbard,2016,3.44,148.5,,148.5,MN
27057,Hubbard,2017,.22,148.83,,148.83,MN
27057,Hubbard,2018,7.02,159.27,,159.27,MN
27057,Hubbard,2019,5,167.23,,167.23,MN
27057,Hubbard,2020,2.26,171.01,,171.01,MN
27057,Hubbard,2021,11.67,190.97,,190.97,MN
27057,Hubbard,2022,16.08,221.68,,221.68,MN
27057,Hubbard,2023,8.73,241.02,,241.02,MN
27059,Isanti,2011,-6.83,175.64,,104.4,MN
27059,Isanti,2012,-4.68,167.42,,99.52,MN
27059,Isanti,2013,4.32,174.66,,103.82,MN
27059,Isanti,2014,9.58,191.39,,113.77,MN
27059,Isanti,2015,7,204.79,,121.73,MN
27059,Isanti,2016,7.25,219.65,,130.56,MN
27059,Isanti,2017,6.68,234.32,,139.28,MN
27059,Isanti,2018,7.86,252.74,,150.23,MN
27059,Isanti,2019,5.34,266.24,,158.26,MN
27059,Isanti,2020,3.04,274.35,,163.07,MN
27059,Isanti,2021,12.05,307.41,,182.73,MN
27059,Isanti,2022,13.24,348.13,,206.93,MN
27059,Isanti,2023,5.51,367.3,,218.33,MN
27061,Itasca,2011,-1.84,343.92,236.35,147.47,MN
27061,Itasca,2012,-.73,341.41,234.63,146.39,MN
27061,Itasca,2013,.47,343.02,235.74,147.08,MN
27061,Itasca,2014,-1.07,339.35,233.22,145.51,MN
27061,Itasca,2015,.9399999999999999,342.55,235.41,146.88,MN
27061,Itasca,2016,1.26,346.85,238.37,148.72,MN
27061,Itasca,2017,1.77,352.98,242.58,151.35,MN
27061,Itasca,2018,3.23,364.38,250.42,156.24,MN
27061,Itasca,2019,2.68,374.16,257.14,160.43,MN
27061,Itasca,2020,3.71,388.03,266.67,166.38,MN
27061,Itasca,2021,9.44,424.66,291.84,182.09,MN
27061,Itasca,2022,15.85,491.95,338.09,210.94,MN
27061,Itasca,2023,8.08,531.6900000000001,365.4,227.98,MN
27063,Jackson,2011,-1.34,138.33,,142.13,MN
27063,Jackson,2012,-.22,138.03,,141.82,MN
27063,Jackson,2013,4.35,144.03,,147.98,MN
27063,Jackson,2014,4.06,149.88,,154,MN
27063,Jackson,2015,.16,150.12,,154.25,MN
27063,Jackson,2016,8.94,163.54,,168.03,MN
27063,Jackson,2017,3.51,169.28,,173.93,MN
27063,Jackson,2018,-.1,169.12,,173.76,MN
27063,Jackson,2019,1.48,171.62,,176.34,MN
27063,Jackson,2020,2.78,176.39,,181.24,MN
27063,Jackson,2021,9.25,192.71,,198.01,MN
27063,Jackson,2022,14.53,220.72,,226.79,MN
27063,Jackson,2023,3.68,228.83,,235.12,MN
27065,Kanabec,2011,-7.82,156.92,,114.39,MN
27065,Kanabec,2012,-5.2,148.75,,108.44,MN
27065,Kanabec,2013,-.18,148.48,,108.24,MN
27065,Kanabec,2014,.38,149.04,,108.65,MN
27065,Kanabec,2015,6.36,158.53,,115.56,MN
27065,Kanabec,2016,8.5,172.01,,125.39,MN
27065,Kanabec,2017,6.55,183.27,,133.6,MN
27065,Kanabec,2018,10.09,201.76,,147.07,MN
27065,Kanabec,2019,3.26,208.32,,151.86,MN
27065,Kanabec,2020,5.19,219.13,,159.74,MN
27065,Kanabec,2021,9.720000000000001,240.42,,175.26,MN
27065,Kanabec,2022,13.42,272.68,,198.78,MN
27065,Kanabec,2023,10.96,302.56,,220.56,MN
27067,Kandiyohi,2011,-3.58,298.31,206.37,136.88,MN
27067,Kandiyohi,2012,.51,299.83,207.42,137.57,MN
27067,Kandiyohi,2013,1.85,305.38,211.26,140.12,MN
27067,Kandiyohi,2014,-.21,304.74,210.82,139.83,MN
27067,Kandiyohi,2015,1.58,309.56,214.15,142.04,MN
27067,Kandiyohi,2016,3.67,320.92,222.01,147.25,MN
27067,Kandiyohi,2017,2.57,329.18,227.72,151.04,MN
27067,Kandiyohi,2018,3.78,341.61,236.32,156.75,MN
27067,Kandiyohi,2019,3.65,354.09,244.96,162.47,MN
27067,Kandiyohi,2020,1.84,360.62,249.47,165.47,MN
27067,Kandiyohi,2021,9.09,393.41,272.15,180.51,MN
27067,Kandiyohi,2022,14.86,451.87,312.59,207.33,MN
27067,Kandiyohi,2023,6.98,483.43,334.43,221.81,MN
27069,Kittson,2011,3.07,115.9,,,MN
27069,Kittson,2012,6.1,122.97,,,MN
27069,Kittson,2013,-5.7,115.96,,,MN
27069,Kittson,2014,27.64,148.01,,,MN
27069,Kittson,2015,-14.59,126.41,,,MN
27069,Kittson,2016,10.02,139.08,,,MN
27069,Kittson,2017,3.08,143.37,,,MN
27069,Kittson,2018,15.31,165.31,,,MN
27069,Kittson,2019,2.68,169.74,,,MN
27069,Kittson,2020,2.13,173.36,,,MN
27069,Kittson,2021,-.89,171.81,,,MN
27069,Kittson,2022,31.2,225.43,,,MN
27069,Kittson,2023,-9.01,205.11,,,MN
27071,Koochiching,2011,-.05,159.73,,138.08,MN
27071,Koochiching,2012,1.01,161.34,,139.47,MN
27071,Koochiching,2013,2.18,164.85,,142.5,MN
27071,Koochiching,2014,-5.12,156.4,,135.2,MN
27071,Koochiching,2015,7.46,168.06,,145.28,MN
27071,Koochiching,2016,.89,169.56,,146.58,MN
27071,Koochiching,2017,-1.17,167.58,,144.86,MN
27071,Koochiching,2018,7.1,179.47,,155.14,MN
27071,Koochiching,2019,1.94,182.96,,158.16,MN
27071,Koochiching,2020,-.15,182.69,,157.92,MN
27071,Koochiching,2021,13.91,208.1,,179.89,MN
27071,Koochiching,2022,18.14,245.84,,212.52,MN
27071,Koochiching,2023,-5.33,232.74,,201.19,MN
27073,Lac Qui Parle,2011,-4.19,119.63,,,MN
27073,Lac Qui Parle,2012,-7.27,110.94,,,MN
27073,Lac Qui Parle,2013,11.1,123.26,,,MN
27073,Lac Qui Parle,2014,2.18,125.95,,,MN
27073,Lac Qui Parle,2015,15.19,145.08,,,MN
27073,Lac Qui Parle,2016,-6.3,135.94,,,MN
27073,Lac Qui Parle,2017,7.28,145.84,,,MN
27073,Lac Qui Parle,2018,9.59,159.83,,,MN
27073,Lac Qui Parle,2019,.9,161.27,,,MN
27073,Lac Qui Parle,2020,7.17,172.83,,,MN
27073,Lac Qui Parle,2021,8.109999999999999,186.85,,,MN
27073,Lac Qui Parle,2022,13.61,212.28,,,MN
27073,Lac Qui Parle,2023,4.79,222.44,,,MN
27075,Lake,2011,-3.06,243.12,,146.32,MN
27075,Lake,2012,1.49,246.74,,148.5,MN
27075,Lake,2013,-1.45,243.16,,146.35,MN
27075,Lake,2014,2.45,249.13,,149.94,MN
27075,Lake,2015,-.77,247.21,,148.78,MN
27075,Lake,2016,0,247.21,,148.78,MN
27075,Lake,2017,7.83,266.58,,160.44,MN
27075,Lake,2018,4.09,277.48,,167,MN
27075,Lake,2019,9.56,304.01,,182.97,MN
27075,Lake,2020,-.44,302.66,,182.15,MN
27075,Lake,2021,18.08,357.37,,215.08,MN
27075,Lake,2022,16.24,415.4,,250.01,MN
27075,Lake,2023,4.39,433.62,,260.97,MN
27077,Lake of the Woods,2011,1.23,133.93,,,MN
27077,Lake of the Woods,2012,4.07,139.38,,,MN
27077,Lake of the Woods,2013,2.44,142.78,,,MN
27077,Lake of the Woods,2014,1.51,144.93,,,MN
27077,Lake of the Woods,2015,1.86,147.62,,,MN
27077,Lake of the Woods,2016,6.01,156.49,,,MN
27077,Lake of the Woods,2017,3.06,161.29,,,MN
27077,Lake of the Woods,2018,4.51,168.57,,,MN
27077,Lake of the Woods,2019,4.27,175.76,,,MN
27077,Lake of the Woods,2020,3.21,181.4,,,MN
27077,Lake of the Woods,2021,2.72,186.33,,,MN
27077,Lake of the Woods,2022,26.47,235.66,,,MN
27077,Lake of the Woods,2023,2.46,241.46,,,MN
27079,Le Sueur,2011,-4.42,304.46,194.88,114.87,MN
27079,Le Sueur,2012,-1.41,300.18,192.13,113.26,MN
27079,Le Sueur,2013,4.22,312.83,200.23,118.03,MN
27079,Le Sueur,2014,1.96,318.97,204.16,120.35,MN
27079,Le Sueur,2015,4.16,332.25,212.67,125.36,MN
27079,Le Sueur,2016,5.06,349.08,223.43,131.71,MN
27079,Le Sueur,2017,3.97,362.93,232.3,136.93,MN
27079,Le Sueur,2018,7.41,389.83,249.52,147.08,MN
27079,Le Sueur,2019,4.57,407.65,260.93,153.81,MN
27079,Le Sueur,2020,1.68,414.49,265.31,156.39,MN
27079,Le Sueur,2021,10.75,459.05,293.83,173.2,MN
27079,Le Sueur,2022,12.5,516.42,330.54,194.84,MN
27079,Le Sueur,2023,7.18,553.52,354.29,208.84,MN
27081,Lincoln,2011,.5,120.37,,,MN
27081,Lincoln,2012,-4.32,115.17,,,MN
27081,Lincoln,2013,2.12,117.61,,,MN
27081,Lincoln,2014,7.05,125.9,,,MN
27081,Lincoln,2015,1.09,127.28,,,MN
27081,Lincoln,2016,5.97,134.87,,,MN
27081,Lincoln,2017,2.67,138.47,,,MN
27081,Lincoln,2018,2.26,141.6,,,MN
27081,Lincoln,2019,-3.89,136.08,,,MN
27081,Lincoln,2020,4.31,141.94,,,MN
27081,Lincoln,2021,12.69,159.96,,,MN
27081,Lincoln,2022,22,195.16,,,MN
27081,Lincoln,2023,14.55,223.56,,,MN
27083,Lyon,2011,-1.75,262.05,203.23,123.26,MN
27083,Lyon,2012,1.05,264.81,205.38,124.56,MN
27083,Lyon,2013,.55,266.27,206.51,125.25,MN
27083,Lyon,2014,3.08,274.47,212.87,129.11,MN
27083,Lyon,2015,2.01,279.99,217.14,131.7,MN
27083,Lyon,2016,3.82,290.69,225.45,136.74,MN
27083,Lyon,2017,1.13,293.99,228,138.29,MN
27083,Lyon,2018,2.73,302,234.22,142.06,MN
27083,Lyon,2019,2.29,308.91,239.57,145.3,MN
27083,Lyon,2020,2.87,317.76,246.44,149.47,MN
27083,Lyon,2021,9.720000000000001,348.66,270.4,164,MN
27083,Lyon,2022,9.859999999999999,383.04,297.07,180.18,MN
27083,Lyon,2023,5.48,404.05,313.36,190.06,MN
27085,McLeod,2011,-5.31,197.11,174.78,109.97,MN
27085,McLeod,2012,-.86,195.41,173.27,109.02,MN
27085,McLeod,2013,1.25,197.86,175.45,110.39,MN
27085,McLeod,2014,4.61,206.98,183.53,115.48,MN
27085,McLeod,2015,3.46,214.14,189.88,119.47,MN
27085,McLeod,2016,5.4,225.71,200.15,125.93,MN
27085,McLeod,2017,6.17,239.64,212.49,133.69,MN
27085,McLeod,2018,7.48,257.57,228.39,143.7,MN
27085,McLeod,2019,3.66,267,236.75,148.96,MN
27085,McLeod,2020,3.28,275.75,244.51,153.84,MN
27085,McLeod,2021,10.13,303.68,269.28,169.43,MN
27085,McLeod,2022,13.02,343.22,304.34,191.48,MN
27085,McLeod,2023,7.85,370.15,328.22,206.51,MN
27087,Mahnomen,2011,2.13,110.16,,,MN
27087,Mahnomen,2012,-.02,110.13,,,MN
27087,Mahnomen,2013,-.18,109.93,,,MN
27087,Mahnomen,2014,8.98,119.8,,,MN
27087,Mahnomen,2015,-.48,119.22,,,MN
27087,Mahnomen,2016,1.68,121.22,,,MN
27087,Mahnomen,2017,-5.21,114.9,,,MN
27087,Mahnomen,2018,10.61,127.1,,,MN
27087,Mahnomen,2019,5.13,133.62,,,MN
27087,Mahnomen,2020,1.16,135.16,,,MN
27087,Mahnomen,2021,2.08,137.97,,,MN
27087,Mahnomen,2022,24.16,171.3,,,MN
27087,Mahnomen,2023,,,,,MN
27089,Marshall,2011,3.34,139.24,,,MN
27089,Marshall,2012,-.79,138.15,,,MN
27089,Marshall,2013,-.18,137.9,,,MN
27089,Marshall,2014,14.79,158.28,,,MN
27089,Marshall,2015,9.640000000000001,173.54,,,MN
27089,Marshall,2016,-4.49,165.75,,,MN
27089,Marshall,2017,10.04,182.39,,,MN
27089,Marshall,2018,-4.95,173.37,,,MN
27089,Marshall,2019,7.52,186.4,,,MN
27089,Marshall,2020,3.18,192.32,,,MN
27089,Marshall,2021,11.4,214.25,,,MN
27089,Marshall,2022,7.7,230.76,,,MN
27089,Marshall,2023,8.539999999999999,250.46,,,MN
27091,Martin,2011,.16,283.23,194.96,127.77,MN
27091,Martin,2012,.92,285.82,196.74,128.94,MN
27091,Martin,2013,-1.64,281.13,193.51,126.82,MN
27091,Martin,2014,4.01,292.41,201.27,131.91,MN
27091,Martin,2015,1.3,296.22,203.9,133.63,MN
27091,Martin,2016,4.73,310.22,213.54,139.95,MN
27091,Martin,2017,4.48,324.13,223.11,146.22,MN
27091,Martin,2018,5.62,342.35,235.65,154.44,MN
27091,Martin,2019,2.57,351.15,241.71,158.41,MN
27091,Martin,2020,3.3,362.74,249.69,163.64,MN
27091,Martin,2021,8.67,394.17,271.32,177.82,MN
27091,Martin,2022,11.84,440.84,303.45,198.88,MN
27091,Martin,2023,5.26,464.03,319.41,209.34,MN
27093,Meeker,2011,-1.81,217.55,224.41,120.18,MN
27093,Meeker,2012,-1.65,213.97,220.71,118.21,MN
27093,Meeker,2013,.9,215.89,222.7,119.27,MN
27093,Meeker,2014,7.88,232.91,240.25,128.67,MN
27093,Meeker,2015,-.23,232.38,239.71,128.38,MN
27093,Meeker,2016,4.53,242.9,250.56,134.19,MN
27093,Meeker,2017,5.12,255.34,263.39,141.06,MN
27093,Meeker,2018,5.41,269.15,277.63,148.69,MN
27093,Meeker,2019,4.28,280.66,289.51,155.05,MN
27093,Meeker,2020,4.28,292.67,301.89,161.68,MN
27093,Meeker,2021,10.31,322.86,333.03,178.36,MN
27093,Meeker,2022,14.79,370.61,382.29,204.74,MN
27093,Meeker,2023,11.83,414.46,427.52,228.96,MN
27095,Mille Lacs,2011,-4.96,175.31,,107.19,MN
27095,Mille Lacs,2012,-2.03,171.75,,105.01,MN
27095,Mille Lacs,2013,3.51,177.78,,108.7,MN
27095,Mille Lacs,2014,7.43,190.98,,116.77,MN
27095,Mille Lacs,2015,3.14,196.97,,120.44,MN
27095,Mille Lacs,2016,8.32,213.37,,130.46,MN
27095,Mille Lacs,2017,4.53,223.04,,136.37,MN
27095,Mille Lacs,2018,7.31,239.34,,146.34,MN
27095,Mille Lacs,2019,9.220000000000001,261.41,,159.84,MN
27095,Mille Lacs,2020,1.67,265.78,,162.51,MN
27095,Mille Lacs,2021,13.14,300.71,,183.86,MN
27095,Mille Lacs,2022,16.1,349.11,,213.46,MN
27095,Mille Lacs,2023,4.79,365.82,,223.68,MN
27097,Morrison,2011,-7,214.74,,126.3,MN
27097,Morrison,2012,-1.66,211.17,,124.2,MN
27097,Morrison,2013,2.65,216.76,,127.49,MN
27097,Morrison,2014,2.06,221.23,,130.12,MN
27097,Morrison,2015,1.83,225.27,,132.49,MN
27097,Morrison,2016,6.53,239.98,,141.15,MN
27097,Morrison,2017,5.57,253.36,,149.02,MN
27097,Morrison,2018,4.76,265.43,,156.12,MN
27097,Morrison,2019,5.87,281,,165.28,MN
27097,Morrison,2020,3.23,290.07,,170.61,MN
27097,Morrison,2021,8.699999999999999,315.32,,185.46,MN
27097,Morrison,2022,18.13,372.48,,219.08,MN
27097,Morrison,2023,5.7,393.7,,231.56,MN
27099,Mower,2011,-3.43,289.53,177.42,111.47,MN
27099,Mower,2012,-.86,287.05,175.9,110.51,MN
27099,Mower,2013,1.34,290.89,178.26,111.99,MN
27099,Mower,2014,.52,292.39,179.18,112.57,MN
27099,Mower,2015,3.82,303.56,186.02,116.87,MN
27099,Mower,2016,2.25,310.38,190.2,119.5,MN
27099,Mower,2017,4.68,324.92,199.11,125.09,MN
27099,Mower,2018,7.86,350.44,214.75,134.92,MN
27099,Mower,2019,3.89,364.07,223.1,140.16,MN
27099,Mower,2020,3.09,375.31,229.99,144.49,MN
27099,Mower,2021,12.87,423.63,259.6,163.09,MN
27099,Mower,2022,14.68,485.83,297.72,187.04,MN
27099,Mower,2023,5.38,511.96,313.73,197.1,MN
27101,Murray,2011,-.79,173.98,,147.11,MN
27101,Murray,2012,-2.6,169.46,,143.29,MN
27101,Murray,2013,2.88,174.34,,147.42,MN
27101,Murray,2014,7.79,187.93,,158.91,MN
27101,Murray,2015,1.44,190.64,,161.2,MN
27101,Murray,2016,-5.51,180.13,,152.31,MN
27101,Murray,2017,19.36,215.01,,181.8,MN
27101,Murray,2018,-1.44,211.92,,179.19,MN
27101,Murray,2019,7.96,228.8,,193.46,MN
27101,Murray,2020,-3.34,221.15,,187,MN
27101,Murray,2021,10.33,244,,206.32,MN
27101,Murray,2022,13.09,275.95,,233.34,MN
27101,Murray,2023,15.62,319.04,,269.77,MN
27103,Nicollet,2011,-2.35,265,203.26,123.35,MN
27103,Nicollet,2012,-.17,264.55,202.91,123.14,MN
27103,Nicollet,2013,2.11,270.13,207.19,125.73,MN
27103,Nicollet,2014,2.51,276.91,212.39,128.89,MN
27103,Nicollet,2015,4.63,289.73,222.22,134.85,MN
27103,Nicollet,2016,3.16,298.88,229.25,139.12,MN
27103,Nicollet,2017,4.58,312.56,239.74,145.48,MN
27103,Nicollet,2018,3.66,324.01,248.52,150.81,MN
27103,Nicollet,2019,4.7,339.23,260.19,157.89,MN
27103,Nicollet,2020,.87,342.19,262.47,159.28,MN
27103,Nicollet,2021,7.33,367.27,281.7,170.95,MN
27103,Nicollet,2022,14.4,420.15,322.26,195.56,MN
27103,Nicollet,2023,7.88,453.26,347.66,210.97,MN
27105,Nobles,2011,-1.08,207.5,181.94,139.97,MN
27105,Nobles,2012,5.41,218.72,191.77,147.54,MN
27105,Nobles,2013,3.22,225.77,197.95,152.29,MN
27105,Nobles,2014,2.21,230.75,202.32,155.66,MN
27105,Nobles,2015,-.29,230.07,201.73,155.2,MN
27105,Nobles,2016,5.55,242.84,212.92,163.81,MN
27105,Nobles,2017,2.7,249.39,218.67,168.23,MN
27105,Nobles,2018,11.7,278.58,244.26,187.92,MN
27105,Nobles,2019,3.72,288.94,253.34,194.91,MN
27105,Nobles,2020,-.9,286.34,251.06,193.15,MN
27105,Nobles,2021,11.07,318.03,278.85,214.53,MN
27105,Nobles,2022,15.35,366.85,321.66,247.47,MN
27105,Nobles,2023,12.83,413.93,362.94,279.22,MN
27107,Norman,2011,-5.03,116.93,,,MN
27107,Norman,2012,1.64,118.84,,,MN
27107,Norman,2013,5.73,125.65,,,MN
27107,Norman,2014,-3.39,121.38,,,MN
27107,Norman,2015,3.48,125.61,,,MN
27107,Norman,2016,8.43,136.19,,,MN
27107,Norman,2017,6.13,144.54,,,MN
27107,Norman,2018,9.08,157.67,,,MN
27107,Norman,2019,7.17,168.96,,,MN
27107,Norman,2020,-2.3,165.08,,,MN
27107,Norman,2021,11.11,183.42,,,MN
27107,Norman,2022,8.92,199.78,,,MN
27107,Norman,2023,8.77,217.31,,,MN
27109,Olmsted,2011,-2.42,433.85,171.42,113.97,MN
27109,Olmsted,2012,.17,434.58,171.71,114.16,MN
27109,Olmsted,2013,2.15,443.92,175.4,116.61,MN
27109,Olmsted,2014,3.25,458.35,181.1,120.4,MN
27109,Olmsted,2015,3.78,475.68,187.95,124.96,MN
27109,Olmsted,2016,6.41,506.18,200,132.97,MN
27109,Olmsted,2017,7.9,546.16,215.8,143.47,MN
27109,Olmsted,2018,5.57,576.59,227.82,151.46,MN
27109,Olmsted,2019,4.31,601.4400000000001,237.64,157.99,MN
27109,Olmsted,2020,3.25,621.01,245.37,163.13,MN
27109,Olmsted,2021,10.95,688.99,272.23,180.99,MN
27109,Olmsted,2022,11.75,769.96,304.22,202.26,MN
27109,Olmsted,2023,4.31,803.11,317.32,210.97,MN
27111,Otter Tail,2011,-2.17,351.09,228.54,141.19,MN
27111,Otter Tail,2012,-1.1,347.24,226.04,139.64,MN
27111,Otter Tail,2013,2.01,354.21,230.58,142.44,MN
27111,Otter Tail,2014,1.62,359.95,234.31,144.75,MN
27111,Otter Tail,2015,2.91,370.44,241.14,148.97,MN
27111,Otter Tail,2016,4.65,387.66,252.35,155.9,MN
27111,Otter Tail,2017,4.99,406.99,264.93,163.67,MN
27111,Otter Tail,2018,3.47,421.12,274.13,169.35,MN
27111,Otter Tail,2019,4.34,439.38,286.02,176.69,MN
27111,Otter Tail,2020,1.55,446.18,290.44,179.43,MN
27111,Otter Tail,2021,8.050000000000001,482.1,313.83,193.87,MN
27111,Otter Tail,2022,13.77,548.5,357.05,220.57,MN
27111,Otter Tail,2023,8.68,596.13,388.05,239.73,MN
27113,Pennington,2011,.66,228.45,,140.47,MN
27113,Pennington,2012,3.11,235.55,,144.84,MN
27113,Pennington,2013,10.5,260.3,,160.05,MN
27113,Pennington,2014,2.84,267.69,,164.6,MN
27113,Pennington,2015,5.68,282.89,,173.94,MN
27113,Pennington,2016,4.53,295.71,,181.83,MN
27113,Pennington,2017,-.18,295.17,,181.49,MN
27113,Pennington,2018,2.12,301.42,,185.33,MN
27113,Pennington,2019,3.17,310.98,,191.21,MN
27113,Pennington,2020,3.57,322.08,,198.04,MN
27113,Pennington,2021,5.09,338.47,,208.12,MN
27113,Pennington,2022,11.13,376.16,,231.29,MN
27113,Pennington,2023,-2.26,367.64,,226.06,MN
27115,Pine,2011,-7.99,194.51,,113.4,MN
27115,Pine,2012,-1.71,191.19,,111.46,MN
27115,Pine,2013,-2.14,187.09,,109.07,MN
27115,Pine,2014,3.62,193.86,,113.02,MN
27115,Pine,2015,4.46,202.51,,118.06,MN
27115,Pine,2016,4.63,211.88,,123.52,MN
27115,Pine,2017,6.07,224.74,,131.02,MN
27115,Pine,2018,9.06,245.11,,142.9,MN
27115,Pine,2019,2.67,251.66,,146.72,MN
27115,Pine,2020,6.12,267.07,,155.7,MN
27115,Pine,2021,13.38,302.79,,176.52,MN
27115,Pine,2022,13.98,345.12,,201.2,MN
27115,Pine,2023,4.42,360.37,,210.1,MN
27117,Pipestone,2011,-.5600000000000001,214.33,183.93,134.54,MN
27117,Pipestone,2012,4,222.9,191.29,139.92,MN
27117,Pipestone,2013,5.57,235.32,201.94,147.71,MN
27117,Pipestone,2014,-4.75,224.15,192.36,140.7,MN
27117,Pipestone,2015,4.86,235.03,201.69,147.53,MN
27117,Pipestone,2016,11.2,261.36,224.29,164.06,MN
27117,Pipestone,2017,-1.91,256.36,220,160.92,MN
27117,Pipestone,2018,9.720000000000001,281.28,241.38,176.56,MN
27117,Pipestone,2019,-1.22,277.83,238.43,174.4,MN
27117,Pipestone,2020,3.37,287.19,246.45,180.27,MN
27117,Pipestone,2021,9.34,314,269.46,197.1,MN
27117,Pipestone,2022,14.17,358.5,307.65,225.04,MN
27117,Pipestone,2023,11.9,401.18,344.28,251.83,MN
27119,Polk,2011,.41,232.6,204.53,144.04,MN
27119,Polk,2012,1.86,236.91,208.33,146.71,MN
27119,Polk,2013,5.76,250.57,220.34,155.17,MN
27119,Polk,2014,8.5,271.87,239.06,168.36,MN
27119,Polk,2015,2.97,279.95,246.17,173.36,MN
27119,Polk,2016,6.34,297.69,261.77,184.35,MN
27119,Polk,2017,.23,298.38,262.38,184.78,MN
27119,Polk,2018,.26,299.17,263.07,185.27,MN
27119,Polk,2019,5.02,314.19,276.28,194.57,MN
27119,Polk,2020,.86,316.9,278.67,196.25,MN
27119,Polk,2021,5.54,334.46,294.1,207.12,MN
27119,Polk,2022,13,377.93,332.33,234.04,MN
27119,Polk,2023,2.78,388.42,341.55,240.54,MN
27121,Pope,2011,-.77,171.84,,148.23,MN
27121,Pope,2012,-1.97,168.46,,145.32,MN
27121,Pope,2013,.41,169.15,,145.91,MN
27121,Pope,2014,2.37,173.16,,149.38,MN
27121,Pope,2015,7.91,186.85,,161.19,MN
27121,Pope,2016,-1.91,183.29,,158.11,MN
27121,Pope,2017,7.58,197.19,,170.1,MN
27121,Pope,2018,3.23,203.56,,175.6,MN
27121,Pope,2019,4.91,213.56,,184.22,MN
27121,Pope,2020,1.98,217.79,,187.87,MN
27121,Pope,2021,9.19,237.8,,205.13,MN
27121,Pope,2022,14.56,272.43,,235.01,MN
27121,Pope,2023,5.52,287.46,,247.97,MN
27123,Ramsey,2011,-7.25,477.72,193.83,117.25,MN
27123,Ramsey,2012,-1.86,468.81,190.21,115.07,MN
27123,Ramsey,2013,4.37,489.32,198.54,120.1,MN
27123,Ramsey,2014,6.72,522.2,211.88,128.17,MN
27123,Ramsey,2015,3.22,538.99,218.69,132.29,MN
27123,Ramsey,2016,5.53,568.77,230.77,139.6,MN
27123,Ramsey,2017,6.42,605.3099999999999,245.6,148.57,MN
27123,Ramsey,2018,6.97,647.52,262.72,158.93,MN
27123,Ramsey,2019,4.35,675.68,274.15,165.84,MN
27123,Ramsey,2020,3.51,699.4,283.77,171.66,MN
27123,Ramsey,2021,8.720000000000001,760.42,308.53,186.64,MN
27123,Ramsey,2022,10.04,836.8,339.52,205.39,MN
27123,Ramsey,2023,3.5,866.11,351.41,212.58,MN
27125,Red Lake,2011,1.17,116.84,,,MN
27125,Red Lake,2012,-1.77,114.77,,,MN
27125,Red Lake,2013,9.74,125.95,,,MN
27125,Red Lake,2014,1.14,127.38,,,MN
27125,Red Lake,2015,8.17,137.79,,,MN
27125,Red Lake,2016,-8.029999999999999,126.72,,,MN
27125,Red Lake,2017,17.19,148.51,,,MN
27125,Red Lake,2018,-1.26,146.64,,,MN
27125,Red Lake,2019,2.35,150.09,,,MN
27125,Red Lake,2020,4.36,156.64,,,MN
27125,Red Lake,2021,10.33,172.83,,,MN
27125,Red Lake,2022,2.28,176.77,,,MN
27125,Red Lake,2023,,,,,MN
27127,Redwood,2011,.79,167.55,,122.79,MN
27127,Redwood,2012,-5.31,158.66,,116.27,MN
27127,Redwood,2013,7.6,170.72,,125.11,MN
27127,Redwood,2014,-1.03,168.96,,123.82,MN
27127,Redwood,2015,2.53,173.23,,126.95,MN
27127,Redwood,2016,2.76,178,,130.45,MN
27127,Redwood,2017,11.93,199.24,,146.01,MN
27127,Redwood,2018,3.19,205.59,,150.67,MN
27127,Redwood,2019,2.49,210.7,,154.41,MN
27127,Redwood,2020,1.94,214.79,,157.41,MN
27127,Redwood,2021,6.93,229.67,,168.32,MN
27127,Redwood,2022,14.15,262.18,,192.14,MN
27127,Redwood,2023,4.06,272.81,,199.93,MN
27129,Renville,2011,-3.45,160.59,,122.79,MN
27129,Renville,2012,1.71,163.33,,124.88,MN
27129,Renville,2013,-1.61,160.69,,122.87,MN
27129,Renville,2014,4.03,167.16,,127.82,MN
27129,Renville,2015,2.16,170.76,,130.57,MN
27129,Renville,2016,3.91,177.44,,135.67,MN
27129,Renville,2017,2.59,182.03,,139.19,MN
27129,Renville,2018,4.9,190.96,,146.01,MN
27129,Renville,2019,8.279999999999999,206.78,,158.11,MN
27129,Renville,2020,-1.28,204.12,,156.08,MN
27129,Renville,2021,13.24,231.15,,176.74,MN
27129,Renville,2022,15.42,266.79,,204,MN
27129,Renville,2023,2.55,273.61,,209.21,MN
27131,Rice,2011,-4.95,237.69,192.34,107.98,MN
27131,Rice,2012,-4.05,228.07,184.56,103.61,MN
27131,Rice,2013,5.85,241.42,195.36,109.67,MN
27131,Rice,2014,3.9,250.85,202.98,113.95,MN
27131,Rice,2015,5.45,264.51,214.04,120.16,MN
27131,Rice,2016,5.55,279.21,225.93,126.83,MN
27131,Rice,2017,5.95,295.82,239.38,134.38,MN
27131,Rice,2018,5.37,311.7,252.23,141.6,MN
27131,Rice,2019,4.06,324.37,262.48,147.35,MN
27131,Rice,2020,2.79,333.43,269.81,151.46,MN
27131,Rice,2021,11.05,370.28,299.63,168.21,MN
27131,Rice,2022,11.26,411.98,333.37,187.15,MN
27131,Rice,2023,6.18,437.42,353.96,198.71,MN
27133,Rock,2011,-.39,283.71,242.61,140.05,MN
27133,Rock,2012,.58,285.34,244,140.86,MN
27133,Rock,2013,1.3,289.04,247.16,142.68,MN
27133,Rock,2014,5.18,304.01,259.96,150.07,MN
27133,Rock,2015,5.08,319.45,273.17,157.69,MN
27133,Rock,2016,1.42,323.98,277.04,159.93,MN
27133,Rock,2017,7.04,346.78,296.54,171.18,MN
27133,Rock,2018,9,378,323.24,186.6,MN
27133,Rock,2019,2.48,387.37,331.25,191.22,MN
27133,Rock,2020,3.2,399.76,341.85,197.34,MN
27133,Rock,2021,4.77,418.84,358.16,206.76,MN
27133,Rock,2022,18.34,495.64,423.84,244.67,MN
27133,Rock,2023,9.619999999999999,543.3099999999999,464.6,268.2,MN
27135,Roseau,2011,-.01,131.4,,125.41,MN
27135,Roseau,2012,.13,131.56,,125.57,MN
27135,Roseau,2013,6.36,139.93,,133.56,MN
27135,Roseau,2014,1.2,141.61,,135.16,MN
27135,Roseau,2015,7.16,151.75,,144.84,MN
27135,Roseau,2016,1.1,153.42,,146.43,MN
27135,Roseau,2017,5.88,162.44,,155.04,MN
27135,Roseau,2018,2.1,165.85,,158.3,MN
27135,Roseau,2019,5.83,175.51,,167.52,MN
27135,Roseau,2020,.65,176.65,,168.6,MN
27135,Roseau,2021,9.82,193.99,,185.16,MN
27135,Roseau,2022,15.12,223.32,,213.15,MN
27135,Roseau,2023,5.74,236.14,,225.38,MN
27137,Saint Louis,2011,-3.28,551.99,239.26,139.81,MN
27137,Saint Louis,2012,-1.47,543.88,235.74,137.75,MN
27137,Saint Louis,2013,1.4,551.48,239.04,139.68,MN
27137,Saint Louis,2014,2.7,566.35,245.48,143.44,MN
27137,Saint Louis,2015,2.23,578.96,250.95,146.64,MN
27137,Saint Louis,2016,2.14,591.36,256.32,149.78,MN
27137,Saint Louis,2017,4.72,619.26,268.42,156.84,MN
27137,Saint Louis,2018,4.47,646.95,280.42,163.86,MN
27137,Saint Louis,2019,3.87,671.99,291.27,170.2,MN
27137,Saint Louis,2020,2.5,688.78,298.55,174.45,MN
27137,Saint Louis,2021,9.890000000000001,756.9,328.08,191.7,MN
27137,Saint Louis,2022,14.42,866.01,375.37,219.34,MN
27137,Saint Louis,2023,9.119999999999999,945,409.61,239.35,MN
27139,Scott,2011,-6.06,388.06,188.76,109.53,MN
27139,Scott,2012,.17,388.71,189.08,109.71,MN
27139,Scott,2013,5.95,411.83,200.32,116.23,MN
27139,Scott,2014,7.28,441.79,214.9,124.69,MN
27139,Scott,2015,2.96,454.86,221.26,128.38,MN
27139,Scott,2016,4.73,476.4,231.73,134.46,MN
27139,Scott,2017,5,500.2,243.31,141.18,MN
27139,Scott,2018,5.35,526.96,256.33,148.73,MN
27139,Scott,2019,3.47,545.23,265.21,153.88,MN
27139,Scott,2020,2.85,560.77,272.77,158.27,MN
27139,Scott,2021,9.710000000000001,615.22,299.26,173.64,MN
27139,Scott,2022,13.59,698.84,339.93,197.24,MN
27139,Scott,2023,3.41,722.65,351.51,203.96,MN
27141,Sherburne,2011,-6.98,267.85,174.59,102.24,MN
27141,Sherburne,2012,-3.9,257.39,167.77,98.25,MN
27141,Sherburne,2013,6.23,273.42,178.22,104.37,MN
27141,Sherburne,2014,9.050000000000001,298.16,194.34,113.81,MN
27141,Sherburne,2015,4.97,312.97,204,119.47,MN
27141,Sherburne,2016,6.14,332.19,216.52,126.8,MN
27141,Sherburne,2017,7.89,358.41,233.61,136.81,MN
27141,Sherburne,2018,5.57,378.36,246.62,144.43,MN
27141,Sherburne,2019,5.41,398.81,259.95,152.23,MN
27141,Sherburne,2020,3.43,412.51,268.88,157.46,MN
27141,Sherburne,2021,11.88,461.52,300.82,176.17,MN
27141,Sherburne,2022,14.37,527.84,344.05,201.49,MN
27141,Sherburne,2023,4.18,549.92,358.44,209.91,MN
27143,Sibley,2011,-5.57,178.34,,113.64,MN
27143,Sibley,2012,-4.9,169.6,,108.07,MN
27143,Sibley,2013,2.39,173.65,,110.65,MN
27143,Sibley,2014,1.98,177.09,,112.84,MN
27143,Sibley,2015,6.27,188.19,,119.91,MN
27143,Sibley,2016,9.630000000000001,206.31,,131.46,MN
27143,Sibley,2017,3.71,213.96,,136.33,MN
27143,Sibley,2018,4.01,222.53,,141.8,MN
27143,Sibley,2019,6.57,237.15,,151.11,MN
27143,Sibley,2020,4.25,247.24,,157.54,MN
27143,Sibley,2021,7.65,266.15,,169.59,MN
27143,Sibley,2022,11.92,297.87,,189.8,MN
27143,Sibley,2023,2.33,304.8,,194.22,MN
27145,Stearns,2011,-4.23,309.03,193.97,123.22,MN
27145,Stearns,2012,-2.4,301.6,189.3,120.26,MN
27145,Stearns,2013,.92,304.39,191.05,121.37,MN
27145,Stearns,2014,3.63,315.44,197.99,125.78,MN
27145,Stearns,2015,2.65,323.81,203.24,129.12,MN
27145,Stearns,2016,3.64,335.6,210.64,133.82,MN
27145,Stearns,2017,5.32,353.46,221.85,140.94,MN
27145,Stearns,2018,5.19,371.8,233.36,148.25,MN
27145,Stearns,2019,4.4,388.15,243.62,154.77,MN
27145,Stearns,2020,2.38,397.4,249.43,158.46,MN
27145,Stearns,2021,10.27,438.21,275.04,174.73,MN
27145,Stearns,2022,13.63,497.94,312.54,198.55,MN
27145,Stearns,2023,7.33,534.45,335.45,213.1,MN
27147,Steele,2011,-6.71,206.31,174.05,111.47,MN
27147,Steele,2012,-1.64,202.92,171.19,109.64,MN
27147,Steele,2013,3.2,209.41,176.67,113.14,MN
27147,Steele,2014,2.38,214.39,180.87,115.83,MN
27147,Steele,2015,1.15,216.84,182.94,117.16,MN
27147,Steele,2016,6.69,231.34,195.17,125,MN
27147,Steele,2017,5.75,244.64,206.39,132.18,MN
27147,Steele,2018,5.13,257.2,216.98,138.97,MN
27147,Steele,2019,3.71,266.73,225.03,144.12,MN
27147,Steele,2020,3.44,275.91,232.77,149.08,MN
27147,Steele,2021,11.2,306.81,258.84,165.77,MN
27147,Steele,2022,12.5,345.17,291.2,186.5,MN
27147,Steele,2023,7.44,370.85,312.87,200.37,MN
27149,Stevens,2011,-3.81,241.96,221.33,136.66,MN
27149,Stevens,2012,2.54,248.11,226.96,140.13,MN
27149,Stevens,2013,.36,249.01,227.78,140.64,MN
27149,Stevens,2014,3.67,258.16,236.15,145.81,MN
27149,Stevens,2015,7.96,278.7,254.94,157.41,MN
27149,Stevens,2016,-2.45,271.87,248.69,153.56,MN
27149,Stevens,2017,4.2,283.3,259.15,160.01,MN
27149,Stevens,2018,1.79,288.37,263.79,162.87,MN
27149,Stevens,2019,2.37,295.21,270.04,166.74,MN
27149,Stevens,2020,2.92,303.83,277.93,171.61,MN
27149,Stevens,2021,6.09,322.34,294.86,182.06,MN
27149,Stevens,2022,18.33,381.43,348.91,215.43,MN
27149,Stevens,2023,-1.09,377.26,345.1,213.08,MN
27151,Swift,2011,-2.3,202.21,,136.26,MN
27151,Swift,2012,-1.78,198.62,,133.84,MN
27151,Swift,2013,4.94,208.42,,140.45,MN
27151,Swift,2014,4.26,217.31,,146.43,MN
27151,Swift,2015,-4.13,208.33,,140.38,MN
27151,Swift,2016,-2.71,202.68,,136.58,MN
27151,Swift,2017,-2.4,197.82,,133.3,MN
27151,Swift,2018,8.27,214.18,,144.32,MN
27151,Swift,2019,5.93,226.88,,152.88,MN
27151,Swift,2020,3.99,235.93,,158.98,MN
27151,Swift,2021,8.58,256.18,,172.62,MN
27151,Swift,2022,20.99,309.96,,208.87,MN
27151,Swift,2023,-5.3,293.54,,197.8,MN
27153,Todd,2011,-5.51,155.11,,139.52,MN
27153,Todd,2012,-1.01,153.54,,138.1,MN
27153,Todd,2013,.84,154.82,,139.26,MN
27153,Todd,2014,-1.74,152.13,,136.84,MN
27153,Todd,2015,5.93,161.15,,144.94,MN
27153,Todd,2016,3.58,166.91,,150.13,MN
27153,Todd,2017,1.55,169.49,,152.45,MN
27153,Todd,2018,6.89,181.16,,162.95,MN
27153,Todd,2019,4.88,190.01,,170.9,MN
27153,Todd,2020,5.65,200.75,,180.57,MN
27153,Todd,2021,8.6,218.01,,196.09,MN
27153,Todd,2022,18.78,258.95,,232.92,MN
27153,Todd,2023,5.15,272.3,,244.92,MN
27155,Traverse,2011,-1.79,121.59,,,MN
27155,Traverse,2012,-3.56,117.26,,,MN
27155,Traverse,2013,3.66,121.55,,,MN
27155,Traverse,2014,14.61,139.3,,,MN
27155,Traverse,2015,-5.71,131.35,,,MN
27155,Traverse,2016,16.94,153.6,,,MN
27155,Traverse,2017,2.66,157.68,,,MN
27155,Traverse,2018,-4.49,150.6,,,MN
27155,Traverse,2019,.11,150.78,,,MN
27155,Traverse,2020,7.36,161.87,,,MN
27155,Traverse,2021,8.35,175.39,,,MN
27155,Traverse,2022,5.35,184.77,,,MN
27155,Traverse,2023,,,,,MN
27157,Wabasha,2011,-3.92,250.27,242.76,121.2,MN
27157,Wabasha,2012,.11,250.55,243.03,121.33,MN
27157,Wabasha,2013,3.49,259.29,251.51,125.57,MN
27157,Wabasha,2014,.58,260.78,252.96,126.29,MN
27157,Wabasha,2015,2.11,266.28,258.3,128.95,MN
27157,Wabasha,2016,6.54,283.7,275.19,137.39,MN
27157,Wabasha,2017,4.35,296.05,287.18,143.37,MN
27157,Wabasha,2018,5.29,311.73,302.38,150.96,MN
27157,Wabasha,2019,3.18,321.63,311.98,155.75,MN
27157,Wabasha,2020,4.56,336.3,326.21,162.86,MN
27157,Wabasha,2021,8.33,364.31,353.39,176.42,MN
27157,Wabasha,2022,17.1,426.62,413.82,206.6,MN
27157,Wabasha,2023,5.86,451.62,438.08,218.71,MN
27159,Wadena,2011,-3.21,157.26,,138.6,MN
27159,Wadena,2012,-4.33,150.46,,132.6,MN
27159,Wadena,2013,-.49,149.72,,131.95,MN
27159,Wadena,2014,4.84,156.96,,138.33,MN
27159,Wadena,2015,2.41,160.75,,141.67,MN
27159,Wadena,2016,-2.94,156.02,,137.51,MN
27159,Wadena,2017,5.36,164.38,,144.88,MN
27159,Wadena,2018,3.92,170.82,,150.55,MN
27159,Wadena,2019,10.68,189.07,,166.63,MN
27159,Wadena,2020,1.99,192.84,,169.95,MN
27159,Wadena,2021,9.48,211.13,,186.07,MN
27159,Wadena,2022,19.18,251.61,,221.76,MN
27159,Wadena,2023,.33,252.45,,222.49,MN
27161,Waseca,2011,-2.06,305.48,202.41,118.93,MN
27161,Waseca,2012,.53,307.12,203.49,119.56,MN
27161,Waseca,2013,-1.47,302.59,200.49,117.8,MN
27161,Waseca,2014,2.55,310.3,205.6,120.8,MN
27161,Waseca,2015,5.38,327,216.66,127.3,MN
27161,Waseca,2016,3.18,337.41,223.56,131.36,MN
27161,Waseca,2017,5.08,354.54,234.91,138.02,MN
27161,Waseca,2018,4.83,371.65,246.25,144.69,MN
27161,Waseca,2019,5.73,392.93,260.35,152.97,MN
27161,Waseca,2020,-.91,389.35,257.97,151.58,MN
27161,Waseca,2021,12.13,436.57,289.26,169.96,MN
27161,Waseca,2022,10.61,482.89,319.96,187.99,MN
27161,Waseca,2023,9.82,530.29,351.36,206.45,MN
27163,Washington,2011,-5.17,468.74,184.87,113.8,MN
27163,Washington,2012,-1.43,462.02,182.22,112.17,MN
27163,Washington,2013,4.75,483.94,190.87,117.5,MN
27163,Washington,2014,7.5,520.22,205.18,126.3,MN
27163,Washington,2015,3.29,537.33,211.93,130.46,MN
27163,Washington,2016,4.15,559.62,220.72,135.87,MN
27163,Washington,2017,5.94,592.85,233.83,143.94,MN
27163,Washington,2018,5.95,628.13,247.74,152.5,MN
27163,Washington,2019,4.06,653.6,257.79,158.69,MN
27163,Washington,2020,2.74,671.52,264.86,163.04,MN
27163,Washington,2021,9.93,738.2,291.15,179.23,MN
27163,Washington,2022,12.55,830.84,327.69,201.72,MN
27163,Washington,2023,3.41,859.1900000000001,338.87,208.6,MN
27165,Watonwan,2011,-4.72,165.03,,117.66,MN
27165,Watonwan,2012,.13,165.25,,117.82,MN
27165,Watonwan,2013,0,165.25,,117.82,MN
27165,Watonwan,2014,4.41,172.54,,123.01,MN
27165,Watonwan,2015,.86,174.02,,124.07,MN
27165,Watonwan,2016,1.85,177.23,,126.36,MN
27165,Watonwan,2017,-1.25,175.01,,124.78,MN
27165,Watonwan,2018,10.1,192.69,,137.38,MN
27165,Watonwan,2019,5.47,203.23,,144.89,MN
27165,Watonwan,2020,-1.45,200.29,,142.79,MN
27165,Watonwan,2021,13.06,226.44,,161.44,MN
27165,Watonwan,2022,10.33,249.84,,178.13,MN
27165,Watonwan,2023,11.46,278.46,,198.53,MN
27167,Wilkin,2011,4.74,172.64,,132.03,MN
27167,Wilkin,2012,-.01,172.63,,132.02,MN
27167,Wilkin,2013,2.67,177.25,,135.55,MN
27167,Wilkin,2014,6.4,188.6,,144.22,MN
27167,Wilkin,2015,-.73,187.22,,143.17,MN
27167,Wilkin,2016,13.62,212.72,,162.67,MN
27167,Wilkin,2017,1.97,216.91,,165.87,MN
27167,Wilkin,2018,-4.14,207.92,,159,MN
27167,Wilkin,2019,10.75,230.26,,176.09,MN
27167,Wilkin,2020,-1.71,226.33,,173.08,MN
27167,Wilkin,2021,16.27,263.14,,201.23,MN
27167,Wilkin,2022,14.79,302.06,,230.99,MN
27167,Wilkin,2023,1.94,307.9,,235.46,MN
27169,Winona,2011,-3.02,454.25,208.6,121.32,MN
27169,Winona,2012,-.8,450.6,206.93,120.35,MN
27169,Winona,2013,.26,451.79,207.47,120.66,MN
27169,Winona,2014,.55,454.28,208.61,121.33,MN
27169,Winona,2015,2.5,465.63,213.83,124.36,MN
27169,Winona,2016,3.14,480.26,220.54,128.27,MN
27169,Winona,2017,4.67,502.71,230.85,134.26,MN
27169,Winona,2018,4.21,523.89,240.58,139.92,MN
27169,Winona,2019,3.71,543.3200000000001,249.5,145.11,MN
27169,Winona,2020,1.74,552.79,253.85,147.64,MN
27169,Winona,2021,9.65,606.11,278.34,161.88,MN
27169,Winona,2022,10.69,670.88,308.08,179.18,MN
27169,Winona,2023,9.66,735.67,337.83,196.48,MN
27171,Wright,2011,-6.68,261.97,178.54,105.9,MN
27171,Wright,2012,-1.83,257.18,175.28,103.96,MN
27171,Wright,2013,6.35,273.51,186.4,110.56,MN
27171,Wright,2014,8.34,296.33,201.96,119.79,MN
27171,Wright,2015,4.21,308.81,210.47,124.83,MN
27171,Wright,2016,5.7,326.41,222.46,131.95,MN
27171,Wright,2017,6.87,348.82,237.73,141.01,MN
27171,Wright,2018,5.81,369.1,251.55,149.2,MN
27171,Wright,2019,4.44,385.49,262.73,155.83,MN
27171,Wright,2020,2.77,396.18,270.01,160.15,MN
27171,Wright,2021,11.01,439.8,299.74,177.78,MN
27171,Wright,2022,12.54,494.93,337.31,200.07,MN
27171,Wright,2023,4.52,517.28,352.55,209.1,MN
27173,Yellow Medicine,2011,-.89,199.51,,124.65,MN
27173,Yellow Medicine,2012,-2.94,193.64,,120.98,MN
27173,Yellow Medicine,2013,4.59,202.53,,126.53,MN
27173,Yellow Medicine,2014,9.140000000000001,221.04,,138.1,MN
27173,Yellow Medicine,2015,-1.47,217.78,,136.06,MN
27173,Yellow Medicine,2016,4.67,227.95,,142.41,MN
27173,Yellow Medicine,2017,.23,228.47,,142.74,MN
27173,Yellow Medicine,2018,1.63,232.18,,145.06,MN
27173,Yellow Medicine,2019,4.54,242.73,,151.65,MN
27173,Yellow Medicine,2020,3.72,251.76,,157.29,MN
27173,Yellow Medicine,2021,2.94,259.16,,161.91,MN
27173,Yellow Medicine,2022,20.17,311.43,,194.57,MN
27173,Yellow Medicine,2023,10.06,342.75,,214.14,MN
