county_fips,county_name,year,nass_corn_planted_acres,nass_corn_grain_harv_acres,nass_corn_grain_yield_buac,nass_corn_silage_harv_acres,nass_corn_silage_yield_tonac,nass_soy_planted_acres,nass_soy_harv_acres,nass_soy_yield_buac,nass_swheat_planted_acres,nass_swheat_harv_acres,nass_swheat_yield_buac,nass_corn_grain_harv_acres_cv,nass_corn_grain_yield_buac_cv,nass_corn_planted_acres_cv,nass_corn_silage_harv_acres_cv,nass_corn_silage_yield_tonac_cv,nass_soy_harv_acres_cv,nass_soy_planted_acres_cv,nass_soy_yield_buac_cv,nass_swheat_harv_acres_cv,nass_swheat_planted_acres_cv,nass_swheat_yield_buac_cv
27001,Aitkin,2011,,,,180,11.5,6200,6200,30.8,,,,,,,,,,,,,,
27001,Aitkin,2012,,,,,,9100,8000,28.4,,,,,,,,,,,,,,
27001,Aitkin,2013,3000,2200,74.2,,,,,,,,,,,,,,,,,,,
27001,Aitkin,2014,2000,950,81.59999999999999,,,,,,,,,,,,,,,,,,,
27001,Aitkin,2015,,,,,,6100,6000,32,,,,,,,,,,,,,,
27001,Aitkin,2016,1400,650,113.5,650,16.5,,,,,,,,,,,,,,,,,
27001,Aitkin,2017,,,,690,14.5,7700,7470,30.5,,,,,,,,,,,,,,
27001,Aitkin,2018,1000,500,90.40000000000001,,,5900,5840,28.6,,,,,,,,,,,,,,
27001,Aitkin,2019,,,,610,14.5,,,,,,,,,,,,,,,,,
27001,Aitkin,2020,2000,690,134.6,1300,17,8300,7650,38.6,,,,3,5.5,2.9,3.2,10,1.2,1.1,8.300000000000001,,,
27001,Aitkin,2021,1700,800,94.5,880,8.5,,,,,,,7.2,4.6,7.2,7.5,14.8,,,,,,
27001,Aitkin,2022,2100,820,143.9,1080,14.5,4800,4760,27.7,,,,2,8.4,1.8,2,11.9,.8,.8,8.800000000000001,,,
27001,Aitkin,2023,2300,700,129.9,1230,9,8900,8740,31.7,,,,2.3,10.9,2.9,2.9,10.3,1.6,1.5,11,,,
27003,Anoka,2011,6900,6700,117.2,190,8.9,,,,,,,,,,,,,,,,,
27003,Anoka,2012,8800,8300,129.8,,,3600,3580,35.5,,,,,,,,,,,,,,
27003,Anoka,2013,8500,7700,104.9,,,3400,3330,22,,,,,,,,,,,,,,
27003,Anoka,2014,6800,6420,109,310,13,,,,,,,,,,,,,,,,,
27003,Anoka,2015,7500,7410,132.1,,,4100,4000,42.5,,,,,,,,,,,,,,
27003,Anoka,2016,6900,6730,166.7,,,3800,3800,50,,,,,,,,,,,,,,
27003,Anoka,2017,6300,6140,153.3,,,4100,4090,35.5,,,,,,,,,,,,,,
27003,Anoka,2018,5300,5060,144.7,,,5100,5030,31.6,,,,,,,,,,,,,,
27003,Anoka,2020,5600,5270,152.4,280,19,3300,3240,45.7,,,,1.3,4.4,1.1,4.3,10.8,3,3,7.2,,,
27003,Anoka,2021,5400,4100,111.7,,,3400,3370,34.4,,,,1.7,10,1.6,,,1.3,1.1,12.5,,,
27003,Anoka,2022,4500,4310,152.4,,,3700,3670,45.5,,,,1,4.3,.9,,,1.1,1,5.7,,,
27003,Anoka,2023,,,,,,2700,2630,39.9,,,,,,,,,3.2,3.2,7.8,,,
27005,Becker,2011,48200,42400,121.5,5570,18,86400,86100,33.3,43200,42000,43,,,,,,,,,,,
27005,Becker,2012,63300,56300,139.3,,,88100,87600,35,,,,,,,,,,,,,,
27005,Becker,2013,68000,62600,128.1,5000,14.5,83900,83100,34.8,24000,23600,51.7,,,,,,,,,,,
27005,Becker,2014,54800,49400,116.2,5050,15,92200,91500,32.3,,,,,,,,,,,,,,
27005,Becker,2016,64400,54700,165.6,9200,21,75100,74600,44.8,,,,,,,,,,,,,,
27005,Becker,2017,,,,,,84000,83400,38,29700,29000,59.1,,,,,,,,,,,
27005,Becker,2018,57800,53500,181.3,3870,23,77000,76400,44.5,37100,36200,57.9,,,,,,,,,,,
27005,Becker,2019,66800,58300,160,7400,20.5,73000,72400,35.2,31300,30500,53.4,,,,,,,,,,,
27005,Becker,2020,56800,51800,154.6,4500,20,72400,71800,39.1,34700,33000,62.1,.8,3.5,.4,.8,6.6,.5,.2,2.9,1.1,0,3.2
27005,Becker,2021,76800,64100,152,,,77500,76800,38.1,21400,20500,56.4,.6,4.9,.2,,,.5,.1,4.8,1.1,0,5.6
27005,Becker,2022,69100,63400,163,4760,21,76000,75400,43.3,24600,23800,60,.5,3.1,.2,.5,8.1,.4,.2,5.1,.7,.3,5.8
27005,Becker,2023,83200,77500,167.7,5180,18.5,69900,69300,38.6,22600,21900,60.3,.5,2.8,.1,1.2,9.6,.7,.2,2.9,.5,0,6.1
27007,Beltrami,2013,5600,3000,126.7,,,,,,,,,,,,,,,,,,,
27007,Beltrami,2016,4600,1870,150.3,,,,,,11400,10800,52.3,,,,,,,,,,,
27007,Beltrami,2019,,,,,,21700,21400,32.8,,,,,,,,,,,,,,
27007,Beltrami,2020,4800,2130,121.6,2630,15,24100,23900,36.1,14100,13400,53.8,1.3,8.699999999999999,1.1,1.3,2.8,.8,.7,5.8,1.4,.4,6.1
27007,Beltrami,2021,7200,1570,78.3,,,27300,26300,26,12200,11400,39.2,2,12.2,2,,,.6,.3,11.3,1,0,12
27007,Beltrami,2022,4800,3030,128.7,,,22200,22000,35.6,9400,9110,60.7,.9,8,.6,,,.5,.3,5,.8,.4,4.6
27007,Beltrami,2023,,,,,,28200,27900,34.4,13000,12600,55.4,,,,,,.8,.3,6.1,.6,.1,11.3
27009,Benton,2011,53800,39000,108.8,,,34100,33900,33.7,1000,900,33.1,,,,,,,,,,,
27009,Benton,2012,63500,58600,153.2,,,31200,31000,40.6,900,880,41.8,,,,,,,,,,,
27009,Benton,2013,62500,52900,94.7,,,26800,26400,25.5,,,,,,,,,,,,,,
27009,Benton,2014,70100,39400,90.3,,,19900,19800,27,,,,,,,,,,,,,,
27009,Benton,2015,59700,48100,167.3,,,33100,32900,47.3,,,,,,,,,,,,,,
27009,Benton,2016,58800,51400,169.3,,,34700,33400,49.4,,,,,,,,,,,,,,
27009,Benton,2017,53400,44100,153.9,,,36100,35900,40.6,600,590,43.6,,,,,,,,,,,
27009,Benton,2018,53900,41800,183,,,37600,36600,45.6,,,,,,,,,,,,,,
27009,Benton,2019,48400,44700,154.6,,,,,,,,,,,,,,,,,,,
27009,Benton,2020,52400,43900,186.2,8080,21.5,37300,37000,52.8,,,,.8,2.9,.4,.7,5.3,4,4,3.4,,,
27009,Benton,2021,55700,38100,131.3,16000,14.5,33400,33100,34.8,,,,1.1,8.300000000000001,.4,4.1,10.6,1.4,1.3,9.199999999999999,,,
27009,Benton,2022,54600,43800,180.3,10300,20.5,34200,33900,45.8,,,,.6,4.3,.3,.6,5.1,1.2,1.1,3.8,,,
27009,Benton,2023,60100,47700,164.6,,,31900,31400,39.3,,,,.3,8.199999999999999,.2,,,.9,.8,9.800000000000001,,,
27011,Big Stone,2011,93000,91500,111,,,103000,102200,33.4,17500,16900,34.8,,,,,,,,,,,
27011,Big Stone,2012,104000,101000,162.9,,,110000,109300,44.1,13200,12800,58.3,,,,,,,,,,,
27011,Big Stone,2013,107000,105900,143.1,,,106500,105400,39.1,11000,10900,55.6,,,,,,,,,,,
27011,Big Stone,2014,102000,99900,155,930,19.5,110500,109200,42.5,11500,11200,59.2,,,,,,,,,,,
27011,Big Stone,2015,92600,90800,173.7,,,116000,115500,46.9,15200,14500,61.4,,,,,,,,,,,
27011,Big Stone,2016,97900,95000,188.1,,,112500,111800,51.3,12500,12100,55.7,,,,,,,,,,,
27011,Big Stone,2017,93400,92000,178.8,,,113500,112700,45.5,10400,10100,56.1,,,,,,,,,,,
27011,Big Stone,2018,98100,97400,198.3,,,115000,113800,51.5,9200,8990,46.3,,,,,,,,,,,
27011,Big Stone,2019,91100,87700,164.3,,,103000,101000,42.1,4900,4540,42.3,,,,,,,,,,,
27011,Big Stone,2020,98300,96800,185.1,,,113500,112500,47.7,7000,6680,50.9,.8,1.1,.4,,,2.7,2.6,2.4,1.3,.1,8.1
27011,Big Stone,2021,107500,105400,181.9,,,110000,109100,49.6,4500,4320,56.3,.9,2.5,.7,,,1.2,1,4.1,1.3,.1,4.6
27011,Big Stone,2022,88200,87600,170.8,,,113500,112600,41,2000,1940,41.4,.6,1.6,.2,,,2.1,2,2.6,.8,.5,7.3
27011,Big Stone,2023,113500,112900,180.6,,,104500,103500,49.7,3000,2900,47.9,.1,3.3,.2,,,.7,.3,4.4,.5,.1,15.5
27013,Blue Earth,2011,195500,194600,171.1,,,157000,156700,47.6,,,,,,,,,,,,,,
27013,Blue Earth,2012,198000,196000,170.5,,,155000,154000,50.7,,,,,,,,,,,,,,
27013,Blue Earth,2013,203000,199500,185.2,540,11,139500,136100,49.4,,,,,,,,,,,,,,
27013,Blue Earth,2014,194000,188200,158.2,,,169500,168300,43.2,,,,,,,,,,,,,,
27013,Blue Earth,2015,194000,190100,201.4,,,169500,168400,59.8,,,,,,,,,,,,,,
27013,Blue Earth,2016,193000,189900,190.7,,,168000,166700,58.8,,,,,,,,,,,,,,
27013,Blue Earth,2017,182500,178300,209.5,,,178500,177400,58,,,,,,,,,,,,,,
27013,Blue Earth,2018,179500,176900,173.1,,,167500,165400,52.9,,,,,,,,,,,,,,
27013,Blue Earth,2019,185000,182400,187.8,,,155000,153800,51,,,,,,,,,,,,,,
27013,Blue Earth,2020,183000,179800,198.1,,,165500,164100,60.3,,,,1.7,1.5,1.5,,,.5,.3,2,,,
27013,Blue Earth,2021,183000,179600,200.4,,,162000,160700,61.9,,,,.6,1.8,.2,,,.6,.1,2.5,,,
27013,Blue Earth,2022,179000,176600,219.8,,,166000,164700,62.5,300,290,49.7,.6,2.2,.2,,,.7,.6,1.9,1,.8,14.1
27013,Blue Earth,2023,185500,185000,199.2,400,26,159000,157400,60.6,300,280,42.9,.1,1.8,.2,7.4,7.4,.7,.2,1.7,.7,.6,7.8
27015,Brown,2011,164500,157300,162.8,,,119000,118600,42,1500,1480,38.2,,,,,,,,,,,
27015,Brown,2012,168000,158000,158.4,,,117000,116300,43.2,1100,1050,40.4,,,,,,,,,,,
27015,Brown,2013,173000,164200,170.8,,,111500,110500,47.1,,,,,,,,,,,,,,
27015,Brown,2014,169500,158700,168.2,,,126500,125600,48.6,1300,1300,49.3,,,,,,,,,,,
27015,Brown,2015,158500,150800,189,,,129500,128400,56.5,,,,,,,,,,,,,,
27015,Brown,2016,160500,154200,191.2,,,122500,121200,53.2,1500,1440,48.8,,,,,,,,,,,
27015,Brown,2017,154500,144600,196.9,,,132500,131700,54.8,,,,,,,,,,,,,,
27015,Brown,2018,151000,139700,159.4,,,126500,125100,51.9,,,,,,,,,,,,,,
27015,Brown,2019,148000,133600,178.2,,,119000,117500,47.1,,,,,,,,,,,,,,
27015,Brown,2020,161500,155300,203.7,4780,21,125500,124400,62.1,1300,1230,40.2,1.2,1.4,1,1.5,4.3,.5,.2,2.3,1.3,.1,10.2
27015,Brown,2021,157500,144500,187.2,11000,23,128500,127400,59.8,,,,.6,2.7,.2,.7,6.3,.7,.1,4.2,,,
27015,Brown,2022,156000,151800,208.6,3600,20,129500,128500,56.5,,,,.6,2.1,.2,.7,10.8,.4,.2,2.3,,,
27015,Brown,2023,159000,153800,193.2,4070,17,127000,125900,54.3,600,580,43.8,.1,2.6,.2,2.5,8.1,.6,.1,4,.6,.1,12.2
27017,Carlton,2012,900,280,135.7,,,,,,,,,,,,,,,,,,,
27017,Carlton,2013,1300,280,156.1,900,9.800000000000001,,,,,,,,,,,,,,,,,
27017,Carlton,2014,,,,620,13,,,,,,,,,,,,,,,,,
27017,Carlton,2015,,,,450,19,,,,,,,,,,,,,,,,,
27017,Carlton,2016,500,120,126.7,360,22.5,,,,,,,,,,,,,,,,,
27017,Carlton,2017,600,300,131.7,280,11,,,,,,,,,,,,,,,,,
27017,Carlton,2018,500,140,148.6,,,,,,,,,,,,,,,,,,,
27017,Carlton,2020,,,,270,22,,,,,,,,,,16,6.1,,,,,,
27017,Carlton,2021,,,,410,16.5,,,,,,,,,,15.6,8.4,,,,,,
27017,Carlton,2022,500,110,120.9,390,17,,,,,,,6.2,6.4,6.4,6.5,9.5,,,,,,
27017,Carlton,2023,500,120,144.2,300,15,,,,,,,.1,10.5,7.2,0,15.1,,,,,,
27019,Carver,2011,59600,55900,154.2,3240,20,37200,36900,36.8,700,680,39.4,,,,,,,,,,,
27019,Carver,2012,63800,59200,174.8,,,35600,34900,49.5,900,880,47.7,,,,,,,,,,,
27019,Carver,2013,63000,58000,153.6,3700,18,33400,33100,41.7,,,,,,,,,,,,,,
27019,Carver,2014,47800,41100,123.4,,,31900,30500,34.3,700,650,38,,,,,,,,,,,
27019,Carver,2015,60200,57300,200.2,,,42600,42200,58.5,700,690,59.3,,,,,,,,,,,
27019,Carver,2016,63400,60100,193.5,,,42500,42200,58.1,,,,,,,,,,,,,,
27019,Carver,2017,59200,55300,205.5,,,45800,45400,53.5,,,,,,,,,,,,,,
27019,Carver,2018,56200,53000,178.7,,,41000,40500,54.5,800,730,32.5,,,,,,,,,,,
27019,Carver,2019,50200,45300,179,,,38900,38400,51.7,,,,,,,,,,,,,,
27019,Carver,2020,53700,49300,200.1,3910,23.5,43500,43100,58.4,,,,.8,2.3,.4,.8,8,.5,.3,2.4,,,
27019,Carver,2021,53500,48600,185.8,4250,23.5,42900,42500,57.6,,,,.7,2.6,.3,.8,4.4,.9,.6,4.8,,,
27019,Carver,2022,52900,50900,194.8,1810,20,43700,43300,59.5,700,680,39,.7,2.4,.3,.7,5.9,.5,.3,3.4,.7,.4,13.1
27019,Carver,2023,53400,51200,192.2,2060,22.5,44200,43800,57.8,600,580,43.6,.1,2.1,.2,1.6,6.9,.8,.4,2.3,.5,.1,7.9
27021,Cass,2016,7800,4870,150.3,,,,,,,,,,,,,,,,,,,
27021,Cass,2020,6400,4220,152.8,2130,18,2400,2380,32.5,,,,1.1,5.9,.9,1.2,11.2,3.4,3.4,7.1,,,
27021,Cass,2021,,,,790,6.5,4000,3670,39.2,,,,,,,2.6,18.1,2.9,2.8,11.2,,,
27021,Cass,2022,5600,2630,136.9,2080,16,2200,2180,35.7,,,,.8,6.6,.7,.8,13.1,3.7,3.7,2.4,,,
27021,Cass,2023,7300,2590,144.8,3480,11.5,,,,,,,.5,7.4,.5,.7,16.1,,,,,,
27023,Chippewa,2011,146000,144700,155.1,,,100500,99800,40.6,3000,2920,38.4,,,,,,,,,,,
27023,Chippewa,2012,157000,154000,179.5,1640,23.5,89900,89400,47.6,2800,2720,54.4,,,,,,,,,,,
27023,Chippewa,2013,167500,165500,175.6,,,88500,87700,49.5,1700,1600,47.5,,,,,,,,,,,
27023,Chippewa,2014,150500,147400,164.4,,,107500,105500,49.7,1900,1840,57.1,,,,,,,,,,,
27023,Chippewa,2015,146500,143800,193.5,,,107500,107100,50.3,2400,2340,58.5,,,,,,,,,,,
27023,Chippewa,2016,153000,149400,199.6,,,106000,105400,52.3,,,,,,,,,,,,,,
27023,Chippewa,2017,141500,137200,200.7,,,110000,109300,49.8,,,,,,,,,,,,,,
27023,Chippewa,2018,145000,139700,184.3,,,102000,100000,52.6,,,,,,,,,,,,,,
27023,Chippewa,2019,124500,119600,188.8,4160,23,86200,85600,47.9,,,,,,,,,,,,,,
27023,Chippewa,2020,,,,,,95300,94500,55.8,,,,,,,,,.5,.3,2.5,,,
27023,Chippewa,2021,147000,142000,189.1,,,100500,99600,52.6,700,670,50.1,1.3,2.9,1.1,,,1.1,.8,1.9,3.3,2.9,15.8
27023,Chippewa,2022,150500,136300,199.7,,,97000,96300,48.1,1400,1360,44.2,.6,2.2,.4,,,1.2,1.1,2.3,.9,.7,8.5
27023,Chippewa,2023,150500,145500,194.9,4920,22,94900,94000,49.1,900,870,58.5,.1,2.7,.1,1.9,5.2,.7,.3,4.3,.6,.1,11.5
27025,Chisago,2011,28400,26700,131.3,,,24300,24200,34.6,,,,,,,,,,,,,,
27025,Chisago,2012,33400,31500,142.8,1650,18.5,24800,24700,36.8,,,,,,,,,,,,,,
27025,Chisago,2013,32000,30000,125.3,,,23200,23000,24.2,,,,,,,,,,,,,,
27025,Chisago,2014,22300,20500,113.7,1660,12.5,18400,18300,27.8,,,,,,,,,,,,,,
27025,Chisago,2015,28000,24400,173.1,,,26100,25400,45.8,,,,,,,,,,,,,,
27025,Chisago,2016,27900,24400,144.6,,,26100,25900,45.6,,,,,,,,,,,,,,
27025,Chisago,2017,25200,23300,143.8,,,29000,28900,37.3,,,,,,,,,,,,,,
27025,Chisago,2018,23100,22500,158.9,430,15,28400,28200,37.3,,,,,,,,,,,,,,
27025,Chisago,2019,22000,21200,153.5,,,19000,18800,35,,,,,,,,,,,,,,
27025,Chisago,2020,23400,22500,171.3,,,24700,24500,43.8,,,,.9,2.1,.5,,,.6,.4,5.8,,,
27025,Chisago,2021,26800,25900,145.1,,,22300,22100,42.7,,,,.8,8.199999999999999,.5,,,.6,.4,9.6,,,
27025,Chisago,2022,24100,23500,177.3,,,23200,23000,43.2,,,,.6,2.1,.2,,,.4,.2,4.6,,,
27025,Chisago,2023,26400,25900,155.4,420,12.5,22000,21800,40.3,,,,.1,5.6,.2,4,8.800000000000001,.6,.4,5.5,,,
27027,Clay,2011,117000,113500,113.6,,,179500,178700,33.5,87500,84900,41.3,,,,,,,,,,,
27027,Clay,2012,144000,141000,148.4,2610,16.5,180500,179400,37,70900,68900,58.4,,,,,,,,,,,
27027,Clay,2013,158000,145700,138.2,,,181500,179200,36.1,62100,59800,58.7,,,,,,,,,,,
27027,Clay,2014,110000,108000,131.4,1790,15.5,207000,206000,35.2,55900,52800,54.5,,,,,,,,,,,
27027,Clay,2015,119500,116300,156.5,530,14,182000,181000,40.6,,,,,,,,,,,,,,
27027,Clay,2016,140500,135000,181.7,3400,17,173000,171500,44,71200,68800,60.2,,,,,,,,,,,
27027,Clay,2017,142000,140300,165.9,,,189500,188300,41.1,58400,56900,68.90000000000001,,,,,,,,,,,
27027,Clay,2018,136500,135600,184.6,,,184500,183100,45.6,,,,,,,,,,,,,,
27027,Clay,2019,157000,152300,165.8,,,165500,164500,38.8,74500,71900,50,,,,,,,,,,,
27027,Clay,2020,108000,105700,165.8,,,184000,182400,40,67400,64000,61.5,.8,2.3,.5,,,.6,.3,2.6,1.2,0,4.3
27027,Clay,2021,160500,152900,155.6,,,181000,179600,42.4,57700,55400,58.9,.6,2.6,.2,,,.6,.1,3.2,1.2,0,8.300000000000001
27027,Clay,2022,,,,,,,,,69400,67100,63,,,,,,,,,.7,.3,4.4
27027,Clay,2023,167000,166600,161,370,21,169000,167500,40.2,59100,57400,60.3,.1,1.3,.7,29.3,8.800000000000001,.5,.1,3,.5,0,5.9
27029,Clearwater,2011,4000,2400,104.2,1320,13,13000,12800,29.9,,,,,,,,,,,,,,
27029,Clearwater,2012,5000,3800,105,1110,14,,,,5600,5300,49.4,,,,,,,,,,,
27029,Clearwater,2013,,,,,,18600,18400,27.8,,,,,,,,,,,,,,
27029,Clearwater,2014,,,,,,,,,7100,6500,48.9,,,,,,,,,,,
27029,Clearwater,2015,,,,,,,,,7800,7600,54.7,,,,,,,,,,,
27029,Clearwater,2016,,,,,,20400,20200,42.8,6800,6500,56.5,,,,,,,,,,,
27029,Clearwater,2017,,,,1720,14,23000,22700,32.4,7100,6900,55.9,,,,,,,,,,,
27029,Clearwater,2018,,,,,,24200,24000,39.3,,,,,,,,,,,,,,
27029,Clearwater,2019,7000,5600,173.8,1360,19,21100,20800,40.2,,,,,,,,,,,,,,
27029,Clearwater,2020,7200,6280,153.8,860,19,21500,21300,43.7,,,,1.4,5.1,1.2,1.9,8.800000000000001,.9,.8,2.6,,,
27029,Clearwater,2021,8600,6830,99,1290,11,25800,25200,24.3,,,,4,6.5,2.5,11.3,13.1,1.4,1.3,7.5,,,
27029,Clearwater,2022,,,,,,22500,22300,36.1,,,,,,,,,.4,.2,5.8,,,
27029,Clearwater,2023,,,,,,21900,21700,42.1,,,,,,,,,2.4,2.3,3.9,,,
27033,Cottonwood,2011,178000,175100,164.4,,,148000,147300,44.1,1300,1260,36,,,,,,,,,,,
27033,Cottonwood,2012,177000,175000,156.7,1130,20.5,151500,150500,44.4,1100,1080,41,,,,,,,,,,,
27033,Cottonwood,2013,184500,181700,170.5,900,21,144500,143100,49.5,1100,1100,44.5,,,,,,,,,,,
27033,Cottonwood,2014,180000,173400,175.7,,,163500,162300,50.5,,,,,,,,,,,,,,
27033,Cottonwood,2015,183500,180200,199.5,,,158500,157600,56.8,,,,,,,,,,,,,,
27033,Cottonwood,2016,180000,177200,200.3,,,156500,155500,59.3,,,,,,,,,,,,,,
27033,Cottonwood,2017,178000,176000,207.5,1720,20,163500,162500,56.5,,,,,,,,,,,,,,
27033,Cottonwood,2018,165500,162100,173.7,1270,14.5,154500,152200,51.8,,,,,,,,,,,,,,
27033,Cottonwood,2019,168500,156700,156,,,142500,141100,47.3,,,,,,,,,,,,,,
27033,Cottonwood,2020,170500,166500,204.1,,,152500,151200,59,1900,1810,49.3,.7,2.1,.3,,,.5,.2,1.7,1.3,.1,8.800000000000001
27033,Cottonwood,2021,170500,163500,193.8,,,150000,148700,56.2,900,860,57.8,1,2.2,.7,,,.9,.6,2.5,1.3,0,7
27033,Cottonwood,2022,168500,165000,213.4,,,152500,151300,53.1,1000,970,51.9,.9,1.4,.6,,,.4,.2,3.6,.8,.4,9.199999999999999
27033,Cottonwood,2023,173500,172900,202.6,400,20,148000,146600,54.8,500,470,58.1,.1,.9,1.5,6.2,6.2,.7,.3,1.8,.4,.1,12.1
27035,Crow Wing,2011,9900,8000,107.6,1270,12,,,,,,,,,,,,,,,,,
27035,Crow Wing,2013,,,,2350,6.6,,,,,,,,,,,,,,,,,
27035,Crow Wing,2014,,,,4050,8.699999999999999,4100,4020,28.1,,,,,,,,,,,,,,
27035,Crow Wing,2015,10400,8450,114.9,1850,17,,,,,,,,,,,,,,,,,
27035,Crow Wing,2016,10200,7600,129.5,2280,15,,,,,,,,,,,,,,,,,
27035,Crow Wing,2017,8200,7010,147.6,750,10.5,4200,4160,40.9,,,,,,,,,,,,,,
27035,Crow Wing,2020,8900,6580,145.4,,,3900,3870,38.8,,,,1,8.300000000000001,.8,,,2.3,2.3,7,,,
27035,Crow Wing,2021,10100,7540,95.2,,,4100,4050,20.6,,,,1.3,9.5,1.1,,,1.6,1.6,13.1,,,
27035,Crow Wing,2022,10200,9550,151.8,,,3000,2980,27.8,,,,.6,4.8,.3,,,.9,.9,4.6,,,
27035,Crow Wing,2023,10900,8000,128.3,,,3800,3470,27.2,,,,.5,11,.4,,,1.9,1.9,12.5,,,
27037,Dakota,2011,88100,85000,174.1,,,48000,47500,42,,,,,,,,,,,,,,
27037,Dakota,2012,92200,80700,171,,,44400,43800,44.2,,,,,,,,,,,,,,
27037,Dakota,2013,83500,74200,158,,,42600,42200,38.8,,,,,,,,,,,,,,
27037,Dakota,2014,94200,91000,168.5,3050,23.5,44400,44000,46.2,,,,,,,,,,,,,,
27037,Dakota,2015,89000,86400,199.5,,,47800,47300,53.9,,,,,,,,,,,,,,
27037,Dakota,2016,92300,89100,195.9,,,48300,48000,58.3,,,,,,,,,,,,,,
27037,Dakota,2017,89700,87300,201.9,,,53800,53400,52.5,,,,,,,,,,,,,,
27037,Dakota,2018,83700,81000,195.2,,,49000,48500,51.8,,,,,,,,,,,,,,
27037,Dakota,2019,86700,84000,190.8,2350,25,,,,,,,,,,,,,,,,,
27037,Dakota,2020,86000,84400,186.2,,,42900,42500,54.3,,,,.8,1.4,.4,,,4.9,4.9,2.1,,,
27037,Dakota,2021,81800,77100,189.2,3620,27,47000,46600,54.8,700,670,38.4,.8,4,.6,.9,3.7,1.5,1.3,5.9,1.4,0,5.7
27037,Dakota,2022,81700,75500,190.7,5690,25,47500,47100,55.4,700,680,38.1,.7,2.9,.5,.7,1.6,1.8,1.8,2.3,.8,.4,5.2
27037,Dakota,2023,84200,83000,183.1,990,26,45300,44900,49.5,900,870,46.3,.1,3.2,.6,5.5,2.8,4.5,4.5,3.5,.6,.1,9.1
27039,Dodge,2011,127000,121400,183.6,5600,21,83900,83400,48.3,,,,,,,,,,,,,,
27039,Dodge,2012,134000,129000,194.5,3970,24.5,77900,77400,54.2,,,,,,,,,,,,,,
27039,Dodge,2013,90500,86300,164,4000,19,72300,71700,47,,,,,,,,,,,,,,
27039,Dodge,2014,141000,139500,185.3,,,76400,76000,51.5,,,,,,,,,,,,,,
27039,Dodge,2015,120000,115500,204,,,93800,93100,60.6,,,,,,,,,,,,,,
27039,Dodge,2016,128000,123300,203,,,82700,82100,58.7,,,,,,,,,,,,,,
27039,Dodge,2017,114000,107400,215.8,6290,27,94400,93800,54.9,,,,,,,,,,,,,,
27039,Dodge,2018,121000,117700,200.2,,,88600,87900,57.4,,,,,,,,,,,,,,
27039,Dodge,2019,116000,111100,184,4450,23,88000,87400,48.7,,,,,,,,,,,,,,
27039,Dodge,2020,119000,114400,209.3,3540,23.5,88000,87300,60,,,,.7,1.1,.3,.8,2.6,.6,.3,2.2,,,
27039,Dodge,2021,,,,1340,26,90900,90100,60.1,,,,,,,.4,2.3,.8,.2,3.8,,,
27039,Dodge,2022,120000,117600,221.5,2060,26,87200,86500,61.9,,,,.6,1.4,.2,.8,4.8,.4,.2,1.9,,,
27039,Dodge,2023,118000,116500,189.6,,,90200,89300,51.1,,,,.1,4.2,.1,,,.7,.3,3.5,,,
27041,Douglas,2011,64300,58300,123.3,,,73100,71500,34.7,16000,15500,41.9,,,,,,,,,,,
27041,Douglas,2012,72000,69000,166.4,,,72000,71300,41,14300,13800,50.3,,,,,,,,,,,
27041,Douglas,2013,72500,69600,141,,,69700,68900,32.3,10200,7260,46.1,,,,,,,,,,,
27041,Douglas,2014,57500,51500,137,,,68200,67600,37.1,10000,9760,48.5,,,,,,,,,,,
27041,Douglas,2015,61900,56300,177.8,,,68900,68600,47.4,15000,14400,56,,,,,,,,,,,
27041,Douglas,2016,63600,59600,188.7,,,68900,68500,52,9400,9080,55.2,,,,,,,,,,,
27041,Douglas,2017,61100,56400,171.3,,,73400,72700,40.2,8100,7860,55.7,,,,,,,,,,,
27041,Douglas,2018,,,,,,,,,11400,11100,44.9,,,,,,,,,,,
27041,Douglas,2019,,,,,,70200,69700,41.5,8200,7950,47.7,,,,,,,,,,,
27041,Douglas,2020,69800,64600,184.4,,,77800,77100,45.6,8600,8100,44.2,1,1.5,.7,,,.6,.4,4.6,1,.1,5.2
27041,Douglas,2021,79700,75500,138.9,,,74400,73800,37.2,4800,4500,36.2,.6,5.6,.2,,,.5,.1,5.3,1.1,.1,18.4
27041,Douglas,2022,72100,69900,181.1,,,74000,73400,42.6,7100,6870,43.8,.6,1.9,.2,,,.4,.2,2.4,.7,.3,9.1
27041,Douglas,2023,,,,,,,,,5500,5340,48.9,,,,,,,,,.6,0,8.300000000000001
27043,Faribault,2011,219000,217000,174.1,,,166000,165700,46.5,,,,,,,,,,,,,,
27043,Faribault,2012,220000,217000,177,,,163000,162100,52.6,,,,,,,,,,,,,,
27043,Faribault,2013,207000,200000,176,1150,18.5,139000,136700,45.3,,,,,,,,,,,,,,
27043,Faribault,2014,222000,214500,164.4,,,163500,161400,45.1,,,,,,,,,,,,,,
27043,Faribault,2015,214000,210500,207.4,,,168000,167100,61.3,,,,,,,,,,,,,,
27043,Faribault,2016,216500,213000,208.5,,,163500,162700,63.5,,,,,,,,,,,,,,
27043,Faribault,2017,204000,202000,215.3,,,171500,170400,59.4,,,,,,,,,,,,,,
27043,Faribault,2018,199500,196900,161.7,660,19.5,182000,177900,51.9,,,,,,,,,,,,,,
27043,Faribault,2019,217000,215500,186.4,,,161500,160200,53.6,,,,,,,,,,,,,,
27043,Faribault,2020,204000,201000,214.9,,,181500,180000,64.5,,,,2.6,1.1,2.5,,,2,2,2,,,
27043,Faribault,2021,209000,204500,191.5,,,172500,171000,60.5,,,,.6,4.1,.3,,,1,.7,2.5,,,
27043,Faribault,2022,199500,198100,216.3,,,182000,180600,61.4,,,,1,1.6,.8,,,1.1,1.1,1.7,,,
27045,Fillmore,2011,192000,182200,178.6,,,86600,86100,48.4,,,,,,,,,,,,,,
27045,Fillmore,2012,197000,183000,171.1,,,81300,81000,52.4,,,,,,,,,,,,,,
27045,Fillmore,2013,157500,144700,171.9,,,71700,70800,44.9,,,,,,,,,,,,,,
27045,Fillmore,2014,194000,178900,176.1,,,86800,86300,52.1,,,,,,,,,,,,,,
27045,Fillmore,2015,181500,165700,192,,,95000,94300,56.3,,,,,,,,,,,,,,
27045,Fillmore,2016,186000,172700,198.2,11800,23.5,86800,86300,57.8,,,,,,,,,,,,,,
27045,Fillmore,2017,174000,160800,212.1,12400,23.5,100000,99400,54.3,,,,,,,,,,,,,,
27045,Fillmore,2018,178000,168600,192.4,,,98800,98000,53.4,,,,,,,,,,,,,,
27045,Fillmore,2019,186000,172000,194.4,,,87200,86600,51.6,,,,,,,,,,,,,,
27045,Fillmore,2020,176500,155600,192.4,19400,25,97000,96200,56.2,,,,.8,1.8,.3,.7,3.4,.5,.2,2.3,,,
27045,Fillmore,2021,176500,161700,203.1,12600,26,99200,98300,62.1,,,,.6,2,.2,.6,3.1,.7,.1,2.1,,,
27045,Fillmore,2022,175500,161800,198.5,12800,24.5,102500,101700,61.1,,,,.6,2.2,.2,.6,5.7,.4,.2,2.2,,,
27045,Fillmore,2023,181500,168300,183,10100,24,98300,97400,49.3,,,,.4,4,.2,1.3,7.1,.6,.2,3.3,,,
27047,Freeborn,2011,202500,201500,179.2,,,139000,138800,45.8,,,,,,,,,,,,,,
27047,Freeborn,2012,213000,209000,173.1,1630,14,128500,127700,47.9,,,,,,,,,,,,,,
27047,Freeborn,2013,150000,144200,157.8,,,86700,84300,42.8,,,,,,,,,,,,,,
27047,Freeborn,2014,213500,205500,167.3,,,134000,132500,49.2,,,,,,,,,,,,,,
27047,Freeborn,2015,195000,191500,201.8,,,150000,149200,58.6,,,,,,,,,,,,,,
27047,Freeborn,2016,210000,206000,193.7,,,136000,134900,59.2,,,,,,,,,,,,,,
27047,Freeborn,2017,184500,182000,211.5,,,154500,153500,56,,,,,,,,,,,,,,
27047,Freeborn,2018,186000,184600,174.6,,,154500,152500,51.8,,,,,,,,,,,,,,
27047,Freeborn,2019,194500,193000,186.6,,,138000,136900,49.9,,,,,,,,,,,,,,
27047,Freeborn,2020,188500,185200,202,,,153000,151700,58.5,,,,1.9,1.9,1.8,,,1.3,1.3,1.8,,,
27047,Freeborn,2021,188000,184100,207,,,151000,149800,60.4,,,,.6,.7,.2,,,.7,.3,3.2,,,
27047,Freeborn,2022,183000,181000,215,1520,22.5,158000,156800,60,,,,.7,2,.4,1.4,7.7,.5,.4,3.1,,,
27047,Freeborn,2023,194500,194000,182.7,,,147000,145600,50.1,,,,.1,2.8,.5,,,.9,.7,2.5,,,
27049,Goodhue,2011,163500,155300,177.2,,,90300,89800,46.8,,,,,,,,,,,,,,
27049,Goodhue,2012,168000,161000,186.6,,,85500,84100,53.3,,,,,,,,,,,,,,
27049,Goodhue,2013,147500,133300,181.5,,,78700,78100,49.2,,,,,,,,,,,,,,
27049,Goodhue,2014,161000,151100,182,,,89200,88500,54.2,,,,,,,,,,,,,,
27049,Goodhue,2015,155500,146500,202.4,,,95500,94800,58.1,,,,,,,,,,,,,,
27049,Goodhue,2016,159500,148600,192.7,,,94800,94200,60.4,,,,,,,,,,,,,,
27049,Goodhue,2017,151500,143500,211.1,,,105000,104000,56,,,,,,,,,,,,,,
27049,Goodhue,2018,152500,144300,192.5,,,101500,100600,56.2,,,,,,,,,,,,,,
27049,Goodhue,2019,161500,149900,195.2,,,87900,87400,54.2,,,,,,,,,,,,,,
27049,Goodhue,2020,155000,145500,198,8310,25.5,94700,93900,57.7,,,,.7,1.9,.3,.6,2.8,.5,.2,2.5,,,
27049,Goodhue,2021,157000,142400,199.7,12700,25.5,,,,,,,.6,4.4,.2,.6,3.8,,,,,,
27049,Goodhue,2022,158000,145500,209.9,11900,25.5,94300,93500,59.5,,,,.6,2.5,.2,.6,1.7,.4,.2,3.8,,,
27049,Goodhue,2023,162500,151100,195.9,10300,20.5,90800,90000,55.6,,,,.5,2.9,.1,1.2,6.2,.7,.2,3,,,
27051,Grant,2011,103000,102300,123.1,,,96900,96700,37.6,20000,19300,41.2,,,,,,,,,,,
27051,Grant,2012,131000,129000,183,,,101500,100900,44.7,,,,,,,,,,,,,,
27051,Grant,2013,133500,131900,160.3,,,94900,94000,38.9,11900,11700,55.7,,,,,,,,,,,
27051,Grant,2014,115500,112500,144.9,,,103500,102700,42.5,11300,11000,57.8,,,,,,,,,,,
27051,Grant,2015,120000,117900,176,,,122500,121900,47.4,13200,12900,61,,,,,,,,,,,
27051,Grant,2016,136000,132400,197.8,,,111000,110300,50.3,13500,13100,66.3,,,,,,,,,,,
27051,Grant,2017,132000,128700,190.2,,,123000,122100,46.7,9400,9130,65.09999999999999,,,,,,,,,,,
27051,Grant,2018,,,,,,,,,14000,13700,51.4,,,,,,,,,,,
27051,Grant,2019,125500,122900,172.9,2380,21,92500,91600,43.3,11100,10800,52.8,,,,,,,,,,,
27051,Grant,2020,119500,117100,176.1,,,101000,100100,44.5,10700,10200,54.3,.7,1.5,.3,,,.6,.3,2.4,1.3,.1,6.1
27051,Grant,2021,131500,128600,179.8,1150,20,101500,100600,46.7,7800,7450,59.9,.6,1.4,.2,.4,8.800000000000001,.7,.1,3.6,1.1,0,9.1
27051,Grant,2022,122500,117500,186.7,,,92300,91500,43.5,,,,.6,1,.2,,,.4,.2,2.8,,,
27051,Grant,2023,138500,136100,187.4,2340,18.5,89600,88700,44.1,,,,.5,1.9,.1,3.9,10.4,.7,.2,4.3,,,
27053,Hennepin,2011,12800,12200,141.8,540,13,14500,14200,37.5,600,540,24.1,,,,,,,,,,,
27053,Hennepin,2012,15400,14900,164,330,14,13300,13100,43.2,,,,,,,,,,,,,,
27053,Hennepin,2013,14600,13800,154.7,,,12000,11800,35.2,500,500,26.6,,,,,,,,,,,
27053,Hennepin,2014,10100,9340,138.4,630,16.5,9700,9600,40.4,,,,,,,,,,,,,,
27053,Hennepin,2015,13800,13100,198.5,600,20.5,14900,14800,54.8,900,880,53.9,,,,,,,,,,,
27053,Hennepin,2016,15000,14300,186.6,,,13300,13200,55.3,,,,,,,,,,,,,,
27053,Hennepin,2017,12600,12100,171,,,15700,15600,45.7,,,,,,,,,,,,,,
27053,Hennepin,2018,12500,11800,188.1,,,12600,12500,49.2,,,,,,,,,,,,,,
27053,Hennepin,2019,8300,7400,141.2,500,15.5,11700,11300,39.9,,,,,,,,,,,,,,
27053,Hennepin,2020,13100,12800,196.7,220,23,10800,10700,54,400,380,40.3,.9,2.7,.7,5.3,9.699999999999999,.9,.8,1.3,1.3,.3,4.6
27053,Hennepin,2021,10600,9910,156.3,470,19.5,12600,12500,51.3,,,,1.5,5.6,1.4,1.5,17.6,1,.8,6.1,,,
27053,Hennepin,2022,11000,10000,170.5,,,10300,10200,51,,,,.7,4,.3,,,.5,.3,2.7,,,
27053,Hennepin,2023,,,,,,11800,11700,58.1,,,,,,,,,.8,.4,3,,,
27055,Houston,2011,61400,53900,171.9,,,26400,26200,47.1,,,,,,,,,,,,,,
27055,Houston,2012,63000,56300,171.3,,,27100,27000,53.9,,,,,,,,,,,,,,
27055,Houston,2013,58500,49200,153,,,28300,27100,42,,,,,,,,,,,,,,
27055,Houston,2014,61100,43600,169.4,,,28300,28100,47.4,,,,,,,,,,,,,,
27055,Houston,2015,60000,50500,185.3,,,,,,,,,,,,,,,,,,,
27055,Houston,2016,61200,55600,190.2,,,29200,29000,56.2,,,,,,,,,,,,,,
27055,Houston,2017,61100,51200,197.6,,,32100,31900,53.4,,,,,,,,,,,,,,
27055,Houston,2018,57200,47300,187.7,,,,,,,,,,,,,,,,,,,
27055,Houston,2019,61400,50500,185.6,,,26100,25500,52.1,,,,,,,,,,,,,,
27055,Houston,2020,60000,49700,187.4,9790,25.5,30900,30200,52.2,,,,1.2,1.8,1,1.2,2.6,.8,.8,2.4,,,
27055,Houston,2021,60800,53600,200.8,6460,28,31200,30900,57.4,,,,2.1,2,2,1.9,2,1.8,1.7,2.9,,,
27055,Houston,2022,60000,44700,203,15000,25,32500,32100,61.7,,,,1,1.3,.8,1,2.2,.5,.3,2.4,,,
27055,Houston,2023,62000,50300,177,9410,19.5,,,,,,,.4,1.6,.2,.7,5.8,,,,,,
27057,Hubbard,2013,11300,10600,146.2,,,,,,,,,,,,,,,,,,,
27057,Hubbard,2015,8400,6530,154.7,,,,,,,,,,,,,,,,,,,
27057,Hubbard,2016,9800,8350,180.4,,,,,,,,,,,,,,,,,,,
27057,Hubbard,2020,10400,9320,129.6,990,16,,,,,,,.9,10,.6,1.5,9.9,,,,,,
27057,Hubbard,2021,12100,11000,152.7,930,5.7,,,,,,,1.4,10.8,1.3,1.5,31.2,,,,,,
27057,Hubbard,2022,12400,10200,100.5,,,,,,,,,.6,4.7,.3,,,,,,,,
27057,Hubbard,2023,,,,,,2500,2440,34.3,,,,,,,,,3.6,3.6,12.4,,,
27059,Isanti,2011,33600,31200,124.4,2370,13.5,26000,25800,31.9,,,,,,,,,,,,,,
27059,Isanti,2012,37000,34400,131,2370,15,27000,26900,32.1,,,,,,,,,,,,,,
27059,Isanti,2013,41900,41000,112.1,,,23900,23600,25.4,,,,,,,,,,,,,,
27059,Isanti,2014,25400,24100,98.2,600,10.5,19600,19500,21.5,,,,,,,,,,,,,,
27059,Isanti,2015,33800,33300,157.7,420,17.5,26600,26500,43.8,,,,,,,,,,,,,,
27059,Isanti,2016,,,,,,28500,28200,43.3,,,,,,,,,,,,,,
27059,Isanti,2017,31000,29900,157.6,,,32000,31800,36.8,,,,,,,,,,,,,,
27059,Isanti,2018,31900,31200,159.9,,,28800,27900,36.7,,,,,,,,,,,,,,
27059,Isanti,2019,30200,26800,145.7,3210,20,23300,22100,30.9,,,,,,,,,,,,,,
27059,Isanti,2020,30800,30000,154.1,,,26400,26200,41.9,,,,.8,5.3,.5,,,.5,.3,4.8,,,
27059,Isanti,2021,32700,28300,120.9,4020,17,25000,24800,36.5,,,,.7,6.5,.4,.7,4.9,.6,.3,6.8,,,
27059,Isanti,2022,29900,27600,166.4,2030,23.5,26100,25900,41.9,,,,.6,3.4,.2,.6,2,.4,.2,4.8,,,
27059,Isanti,2023,31100,28500,154.8,,,24300,24000,44.8,,,,.4,7.7,.2,,,.6,.3,8,,,
27061,Itasca,2011,,,,,,,,,800,780,39.2,,,,,,,,,,,
27061,Itasca,2020,800,560,118.9,,,3200,3170,36.9,,,,6.9,2.2,6.8,,,4.1,4.1,6.5,,,
27061,Itasca,2021,900,790,90.90000000000001,,,3100,3080,37.3,,,,18.7,8.199999999999999,18.9,,,3.3,3.3,9.800000000000001,,,
27061,Itasca,2022,1000,840,116,,,3100,3080,28,,,,3.2,7.1,3.1,,,2.5,2.4,7.9,,,
27061,Itasca,2023,,,,420,11.5,3100,3030,34.7,,,,,,,0,25.1,3.2,3.1,7.7,,,
27063,Jackson,2011,195500,194300,161.3,,,175000,174200,45.7,,,,,,,,,,,,,,
27063,Jackson,2012,201000,200000,177.2,,,170500,169500,48,,,,,,,,,,,,,,
27063,Jackson,2013,202500,200000,175.2,,,165000,163100,47.1,,,,,,,,,,,,,,
27063,Jackson,2014,191500,185000,167.7,660,19.5,170000,167800,46.9,,,,,,,,,,,,,,
27063,Jackson,2015,187000,184300,200.9,,,168500,167500,56.7,,,,,,,,,,,,,,
27063,Jackson,2016,192500,189400,194.1,,,164500,163700,56.9,,,,,,,,,,,,,,
27063,Jackson,2017,184000,182500,205.5,,,171500,170400,55.9,,,,,,,,,,,,,,
27063,Jackson,2018,187000,184500,167,230,18,178000,173500,49.3,,,,,,,,,,,,,,
27063,Jackson,2019,176000,169800,157,3290,13.5,157000,155700,46.7,,,,,,,,,,,,,,
27063,Jackson,2020,194500,190400,196.1,,,172500,171000,54.3,,,,.7,1.2,.3,,,.5,.3,2.1,,,
27063,Jackson,2021,190000,185600,189.6,1990,18.5,175500,173900,57.8,,,,1.4,2.6,1.2,.5,8.1,1.3,1.1,2.2,,,
27063,Jackson,2022,189000,186400,213.3,,,176500,175100,56.2,,,,1.5,1.2,1.3,,,.9,.8,1.8,,,
27063,Jackson,2023,191500,191000,204.7,400,19,173500,171800,54.1,300,290,61.4,.1,1.9,.2,8.9,8.9,1,.7,1.9,.6,.2,5.4
27065,Kanabec,2011,14200,12300,122.8,1890,15,11500,11400,29.9,,,,,,,,,,,,,,
27065,Kanabec,2012,15600,13200,124.5,2180,15,13400,13300,33.6,,,,,,,,,,,,,,
27065,Kanabec,2014,10300,8340,118.2,,,7000,6620,33.5,,,,,,,,,,,,,,
27065,Kanabec,2016,17400,16000,165.4,,,12800,12700,49,,,,,,,,,,,,,,
27065,Kanabec,2018,,,,,,16500,16300,38.3,,,,,,,,,,,,,,
27065,Kanabec,2021,15800,13700,110,,,13900,13800,25.5,300,140,42.1,1.1,6.2,.8,,,1,.6,8.4,7.8,.2,7.3
27065,Kanabec,2022,14000,13390,173.9,,,14500,14400,42,,,,.7,1.5,.2,,,.4,.3,5.2,,,
27065,Kanabec,2023,,,,650,13,14200,14100,40.8,,,,,,,1.5,18,.9,.5,9.199999999999999,,,
27067,Kandiyohi,2011,154000,150500,149.7,2850,14.5,108500,107500,37.7,2800,2760,37.3,,,,,,,,,,,
27067,Kandiyohi,2012,175000,172000,186.2,2160,19,90000,89500,46.4,2800,2680,47.8,,,,,,,,,,,
27067,Kandiyohi,2013,184000,178200,168.8,,,85500,84700,47.1,2100,2000,44.2,,,,,,,,,,,
27067,Kandiyohi,2014,163000,148700,150.3,,,107000,106000,41.2,2500,2460,56.9,,,,,,,,,,,
27067,Kandiyohi,2015,161500,154300,185.5,6950,21.5,104000,103400,54,3300,3240,59.6,,,,,,,,,,,
27067,Kandiyohi,2016,174000,161000,196.4,,,105500,104800,53,2300,2210,52,,,,,,,,,,,
27067,Kandiyohi,2017,161500,148900,201.2,,,110000,109300,47.3,2000,1960,53.1,,,,,,,,,,,
27067,Kandiyohi,2018,160000,153400,196.4,5010,23,107000,105900,53.8,,,,,,,,,,,,,,
27067,Kandiyohi,2019,,,,,,,,,1000,980,42.6,,,,,,,,,,,
27067,Kandiyohi,2020,159000,151700,192.2,5900,26.5,104500,103600,50.6,1600,1490,43.6,.7,2.1,.3,.7,2.2,.5,.2,3.1,2.2,.1,7.2
27067,Kandiyohi,2021,,,,,,,,,1000,960,45.5,,,,,,,,,1.3,0,9.300000000000001
27067,Kandiyohi,2022,,,,,,,,,1200,1140,38.4,,,,,,,,,.7,.4,15.9
27067,Kandiyohi,2023,167000,152800,203.7,13800,22.5,,,,900,870,57.7,.1,2.3,.1,.7,2.4,,,,.6,.1,6.7
27069,Kittson,2011,,,,,,97200,96900,29.1,137000,132900,49,,,,,,,,,,,
27069,Kittson,2012,13700,12400,146.9,1140,17,118500,117700,36.1,128500,124900,58.1,,,,,,,,,,,
27069,Kittson,2013,,,,1800,19.5,120000,118800,40.1,117500,112600,61,,,,,,,,,,,
27069,Kittson,2014,,,,1400,13.5,141500,140400,29.5,117000,114100,51.7,,,,,,,,,,,
27069,Kittson,2015,,,,,,132000,131300,31.8,128500,126000,55.7,,,,,,,,,,,
27069,Kittson,2016,17300,15900,144.3,,,147500,146000,33.9,119000,115200,53.4,,,,,,,,,,,
27069,Kittson,2017,20000,18600,133.1,940,17,161500,160400,35.2,,,,,,,,,,,,,,
27069,Kittson,2018,14000,12500,121.6,1040,16.5,130000,128800,31.5,135000,131800,63,,,,,,,,,,,
27069,Kittson,2019,15900,13700,124.5,,,118000,116400,30.1,140000,136400,59.9,,,,,,,,,,,
27069,Kittson,2020,9300,7870,124.9,1160,14,118500,115200,32.3,137000,130300,46.8,2,7.8,.9,2.2,12.7,.4,.2,5.8,.9,0,5.1
27069,Kittson,2021,,,,580,11,131000,129900,23.5,124500,119600,50.4,,,,.7,13.6,.7,.1,8.199999999999999,1.2,0,3.5
27069,Kittson,2022,,,,,,107000,106200,44.8,136000,132000,60.6,,,,,,.4,.2,3.4,.7,.3,3.6
27069,Kittson,2023,,,,,,119500,118300,40,,,,,,,,,.7,.2,2.7,,,
27071,Koochiching,2013,2700,1000,143,,,,,,,,,,,,,,,,,,,
27071,Koochiching,2017,,,,,,,,,1000,980,65,,,,,,,,,,,
27071,Koochiching,2018,,,,,,,,,1000,980,56.1,,,,,,,,,,,
27071,Koochiching,2019,,,,,,3500,3370,32.3,1100,1070,40.2,,,,,,,,,,,
27071,Koochiching,2020,,,,,,3500,3470,33.7,,,,,,,,,3.2,3.2,1,,,
27071,Koochiching,2021,,,,,,,,,1200,1150,41.2,,,,,,,,,1.4,.1,27.8
27071,Koochiching,2022,800,340,132.4,,,5700,5650,30.6,,,,5.7,5.7,6,,,1.1,1.1,11.2,,,
27071,Koochiching,2023,,,,,,4600,4560,32.7,1600,1550,48.2,,,,,,2,1.8,11.2,.6,.1,18.7
27073,Lac Qui Parle,2011,178000,174000,144.2,,,162500,160900,38.4,5700,5530,34.5,,,,,,,,,,,
27073,Lac Qui Parle,2012,182000,179000,149.5,,,165000,164000,43.3,4100,3980,51.3,,,,,,,,,,,
27073,Lac Qui Parle,2013,190500,187800,169.7,,,166500,164600,47.9,3900,3860,54.1,,,,,,,,,,,
27073,Lac Qui Parle,2014,180000,176900,167.3,,,175500,173800,48.8,4800,4570,51,,,,,,,,,,,
27073,Lac Qui Parle,2015,175500,169000,175.2,,,181000,177500,50.5,6000,5480,58.4,,,,,,,,,,,
27073,Lac Qui Parle,2016,178000,173800,196.4,,,177500,176000,56,,,,,,,,,,,,,,
27073,Lac Qui Parle,2017,171000,167300,189,,,178500,177400,49.1,2700,2620,55,,,,,,,,,,,
27073,Lac Qui Parle,2018,172500,170300,198.1,,,176000,174200,55.8,3400,3340,36.5,,,,,,,,,,,
27073,Lac Qui Parle,2019,141000,139700,181.1,,,143000,141100,49.9,1500,1460,35.1,,,,,,,,,,,
27073,Lac Qui Parle,2020,179000,176200,182.4,,,169500,168100,50.4,3100,2940,52.4,.7,1.2,.4,,,.5,.3,2.3,1.3,.1,6.6
27073,Lac Qui Parle,2021,,,,,,,,,1400,980,44.5,,,,,,,,,2.3,0,2.2
27073,Lac Qui Parle,2023,181500,181100,183.9,300,21,171000,169400,50.5,1200,1160,66,.1,2.5,.1,5.5,5.5,.9,.6,2.3,.5,.1,8.9
27077,Lake of the Woods,2011,,,,,,,,,11400,11000,52,,,,,,,,,,,
27077,Lake of the Woods,2015,,,,,,,,,6400,6290,49.1,,,,,,,,,,,
27077,Lake of the Woods,2016,,,,,,,,,5000,4840,48.6,,,,,,,,,,,
27077,Lake of the Woods,2019,,,,,,23800,23300,34.8,,,,,,,,,,,,,,
27077,Lake of the Woods,2020,,,,,,20700,20500,34.1,10900,10400,61.7,,,,,,.8,.7,5.2,1.3,.3,6.4
27077,Lake of the Woods,2021,,,,,,23300,23100,28.8,,,,,,,,,.7,.4,9,,,
27077,Lake of the Woods,2022,,,,,,14300,14200,39.1,7800,7550,60,,,,,,.6,.4,3.3,.7,.4,5.7
27077,Lake of the Woods,2023,,,,,,,,,9200,8950,65.5,,,,,,,,,.6,0,3.8
27079,Le Sueur,2011,94400,92400,158.2,,,76800,76500,37.6,1100,1050,38.7,,,,,,,,,,,
27079,Le Sueur,2012,97000,95000,162.1,950,17,74700,73700,48.4,1000,970,44.3,,,,,,,,,,,
27079,Le Sueur,2013,93500,90200,164.2,,,73000,72200,44.8,600,590,39.5,,,,,,,,,,,
27079,Le Sueur,2014,102000,90000,148.1,,,81200,80200,43.9,700,700,44.6,,,,,,,,,,,
27079,Le Sueur,2015,95000,91600,201.2,2680,24,93200,92700,56.2,,,,,,,,,,,,,,
27079,Le Sueur,2016,98700,95900,196.2,,,89300,88700,56.9,,,,,,,,,,,,,,
27079,Le Sueur,2017,93500,90600,211.3,,,100500,99900,55.5,600,580,56.9,,,,,,,,,,,
27079,Le Sueur,2018,83000,82200,184.1,,,82000,81200,50.4,,,,,,,,,,,,,,
27079,Le Sueur,2019,,,,940,19.5,,,,,,,,,,,,,,,,,
27079,Le Sueur,2020,81900,79400,199,1820,25,83900,83200,59.1,,,,1.3,1.3,1.1,1.6,7.5,.6,.4,2,,,
27079,Le Sueur,2021,85300,82600,203.6,1620,26,79700,79000,62,,,,.7,1.4,.3,.7,7.1,.7,.3,2.2,,,
27079,Le Sueur,2022,84100,82900,211,920,21,81300,80700,61.3,500,480,49.6,.7,2.3,.4,1,8.1,.5,.3,2.4,.8,.5,3.1
27079,Le Sueur,2023,87300,85200,193.3,2040,23.5,78000,77300,57.6,,,,.1,3.1,.5,2.7,6.8,.7,.3,1.8,,,
27081,Lincoln,2011,115500,111800,145.7,,,99900,99300,34.9,8500,8270,40.1,,,,,,,,,,,
27081,Lincoln,2012,127000,122000,143.8,,,97200,96500,40.2,6300,6170,53,,,,,,,,,,,
27081,Lincoln,2013,128000,124500,157.8,,,101000,100000,44.2,5200,4990,59.5,,,,,,,,,,,
27081,Lincoln,2014,123000,115100,154.1,,,106500,105800,47,5800,5650,63.7,,,,,,,,,,,
27081,Lincoln,2015,117500,113500,180.7,,,,,,6700,6250,66.09999999999999,,,,,,,,,,,
27081,Lincoln,2016,115500,111100,203.6,,,100000,99500,58.2,5500,5350,67.3,,,,,,,,,,,
27081,Lincoln,2017,110000,99700,174.7,,,106000,105300,47.6,,,,,,,,,,,,,,
27081,Lincoln,2019,65000,60100,146.9,,,73900,73000,41.8,,,,,,,,,,,,,,
27081,Lincoln,2020,121500,116100,182.1,4350,24,95400,94600,49.1,4700,4390,50.6,.8,2.3,.3,.7,8.6,.5,.3,3,2.1,.1,3.6
27081,Lincoln,2021,116000,110000,161.2,4510,19,102500,101600,46,2000,1920,63.5,.7,2.3,.3,.6,5.2,.8,.2,4.1,1.3,0,5.1
27081,Lincoln,2022,,,,6350,18.5,,,,,,,,,,.6,9.9,,,,,,
27081,Lincoln,2023,119500,118200,181.5,1060,18,99700,98800,46.1,,,,.6,2.4,.5,7.6,6.6,.7,.2,2.3,,,
27083,Lyon,2011,183500,176400,147.8,,,156500,153300,35.2,2300,2220,31.7,,,,,,,,,,,
27083,Lyon,2012,199000,193000,152.6,,,146500,145600,42.5,2500,2450,51.4,,,,,,,,,,,
27083,Lyon,2013,203500,199000,150.1,,,145000,143600,45.9,1500,1500,53.4,,,,,,,,,,,
27083,Lyon,2014,190500,181400,152.4,,,165000,162900,44.4,2900,2830,54.4,,,,,,,,,,,
27083,Lyon,2015,186000,179600,193.3,,,163500,162500,54.7,2400,2350,69.40000000000001,,,,,,,,,,,
27083,Lyon,2016,191000,184200,203.5,,,151500,150600,58.9,2400,2330,70.8,,,,,,,,,,,
27083,Lyon,2017,186000,182000,183,,,156500,154600,50.3,2000,1870,56.1,,,,,,,,,,,
27083,Lyon,2018,183500,176300,179.9,,,150000,145200,53.8,3000,2710,31,,,,,,,,,,,
27083,Lyon,2019,125500,114900,172.2,,,118000,117200,47.9,,,,,,,,,,,,,,
27083,Lyon,2020,190000,185400,205.2,,,144000,142800,53.8,2400,2250,54.7,.7,2,.3,,,.5,.2,2.2,1.8,.1,3.1
27083,Lyon,2021,180500,174400,162.8,,,152500,151300,45.1,1700,1630,60.5,.6,3.2,.1,,,.7,.1,4.6,1.3,0,4
27083,Lyon,2022,175500,163100,176,8350,20,,,,1600,1550,52.4,.5,2.9,.2,.5,4.8,,,,.8,.4,7.1
27083,Lyon,2023,,,,,,,,,1700,1550,62.2,,,,,,,,,.4,0,2.2
27085,McLeod,2011,116000,111000,146.1,4020,19,86800,85800,35.4,1800,1580,36.3,,,,,,,,,,,
27085,McLeod,2012,127000,125000,179.6,,,81700,80800,47.6,2200,2090,43.3,,,,,,,,,,,
27085,McLeod,2013,130000,125900,161.2,2300,13,74700,72800,43.3,1100,1040,42.8,,,,,,,,,,,
27085,McLeod,2014,91600,81000,128.6,,,67400,65200,32.6,500,490,46.9,,,,,,,,,,,
27085,McLeod,2015,114000,111900,192,,,83900,83200,52.5,,,,,,,,,,,,,,
27085,McLeod,2016,116500,113400,187.3,,,83000,82400,51.5,1300,1240,56.8,,,,,,,,,,,
27085,McLeod,2017,107500,104800,206.2,2420,22.5,93400,92200,48.9,1400,1370,57.2,,,,,,,,,,,
27085,McLeod,2018,113500,111900,183.2,,,94000,93000,50.3,1400,1290,30.6,,,,,,,,,,,
27085,McLeod,2019,115500,111600,188.6,,,81000,80200,47.8,,,,,,,,,,,,,,
27085,McLeod,2020,116000,113100,184.7,,,88600,87900,53.7,1800,1650,42,.8,4,.3,,,.5,.2,3.6,3.4,.1,9.5
27085,McLeod,2021,116500,112200,193.2,,,87700,86900,53.1,900,860,59.3,.6,1.6,.1,,,.8,.1,2.6,1.3,.1,6
27085,McLeod,2022,111500,108200,193.5,2840,22.5,92600,91900,54.3,,,,.6,1.6,.2,.7,6.5,.4,.2,2,,,
27085,McLeod,2023,116500,115900,177.4,,,89200,88400,48.4,900,870,63,.1,5.9,.1,,,.7,.1,7.5,.5,.1,6.5
27087,Mahnomen,2011,,,,1300,20.5,67100,66500,31.6,,,,,,,,,,,,,,
27087,Mahnomen,2012,,,,1100,15.5,,,,,,,,,,,,,,,,,
27087,Mahnomen,2013,55000,53200,131.8,1500,18,67900,67200,34.3,14100,13800,53.4,,,,,,,,,,,
27087,Mahnomen,2014,29600,28800,122.4,,,80800,80200,32.8,19200,18700,61.9,,,,,,,,,,,
27087,Mahnomen,2015,37200,36200,146.6,470,15.5,64000,63600,37.2,30500,29900,67.59999999999999,,,,,,,,,,,
27087,Mahnomen,2016,41200,39900,165.6,,,66000,65600,44.5,,,,,,,,,,,,,,
27087,Mahnomen,2017,42400,41100,153.2,1100,16.5,70800,69500,37.4,,,,,,,,,,,,,,
27087,Mahnomen,2018,,,,2190,20,,,,42300,41000,53.8,,,,,,,,,,,
27087,Mahnomen,2019,,,,1470,20,,,,,,,,,,,,,,,,,
27087,Mahnomen,2020,28800,28000,148.9,580,17.5,52900,52400,38.7,37200,35300,59.3,.8,2,.4,2.2,10,.6,.3,3.2,1.2,0,6.1
27087,Mahnomen,2021,45600,44000,106.6,950,13.5,,,,,,,.7,9.1,.3,.7,17.6,,,,,,
27087,Mahnomen,2022,36700,36100,167.5,430,17,57100,56600,44.4,35900,34700,62.2,.6,6,.2,.9,6.4,.4,.2,2.2,.7,.3,3.9
27087,Mahnomen,2023,49700,48800,183,840,20,56800,56300,39.6,27100,26300,67.2,.1,1.2,.1,3.8,5.3,.7,.2,6.9,.6,0,3.1
27089,Marshall,2011,12900,12200,114.3,,,208000,206500,31.9,220500,213500,47.3,,,,,,,,,,,
27089,Marshall,2012,32800,32100,127.9,,,234000,232500,36.2,208500,202500,61.4,,,,,,,,,,,
27089,Marshall,2013,51000,49700,130.8,,,237000,234500,35.5,189500,186500,59.1,,,,,,,,,,,
27089,Marshall,2014,28300,26500,119.2,,,248000,245500,28.9,190000,182300,51.1,,,,,,,,,,,
27089,Marshall,2015,35100,33700,141.2,,,250000,247500,32.4,223000,218500,54.4,,,,,,,,,,,
27089,Marshall,2016,49000,47200,141.2,,,295000,293500,35.9,186500,180100,53.1,,,,,,,,,,,
27089,Marshall,2017,58400,56400,122.6,,,314000,311000,29.7,164500,160200,69.5,,,,,,,,,,,
27089,Marshall,2018,,,,,,259000,256000,34,252500,246500,58.6,,,,,,,,,,,
27089,Marshall,2019,47900,46400,146.7,,,252500,244000,33.9,245500,238500,61.5,,,,,,,,,,,
27089,Marshall,2020,25800,24500,122.2,,,254000,250500,32.1,239000,227000,52.1,.7,8.199999999999999,.4,,,.8,.8,7,1.1,0,5.3
27089,Marshall,2021,58200,56400,100,,,278000,276000,29.7,216000,208000,49.5,.6,10.4,.2,,,.6,.2,5.9,1.1,0,5.1
27089,Marshall,2022,22200,20500,154.5,,,223000,221000,37.2,196000,190500,59.9,.6,7.4,.2,,,.4,.2,3.4,.6,.3,2.8
27089,Marshall,2023,61700,61500,163.8,,,239000,237000,38.7,238500,232000,64.59999999999999,.1,5.5,.1,,,.6,.1,4.5,.5,0,2.9
27091,Martin,2011,226500,224500,173.6,,,151500,150600,48.5,,,,,,,,,,,,,,
27091,Martin,2012,228000,225000,170.7,,,150000,149200,49,,,,,,,,,,,,,,
27091,Martin,2013,236500,228500,187.8,,,144500,143100,50.5,,,,,,,,,,,,,,
27091,Martin,2014,235500,228500,168.4,,,155500,154300,46,,,,,,,,,,,,,,
27091,Martin,2015,225500,222000,203.4,,,158500,157600,61.7,,,,,,,,,,,,,,
27091,Martin,2016,239500,236000,207.6,,,150000,148800,60.8,,,,,,,,,,,,,,
27091,Martin,2017,217500,215500,214,,,167500,166500,59.6,,,,,,,,,,,,,,
27091,Martin,2018,202000,198900,160.7,,,163000,159800,49.8,,,,,,,,,,,,,,
27091,Martin,2019,216500,213500,172.5,,,139000,138000,53.9,,,,,,,,,,,,,,
27091,Martin,2020,219000,216500,203.5,,,155000,153700,60.1,,,,3.5,1.7,3.4,,,1.4,1.3,1.2,,,
27091,Martin,2021,209500,203500,194.4,,,163500,162100,60,,,,.7,2.3,.3,,,.9,.6,2.9,,,
27091,Martin,2022,205500,203000,224.9,,,166500,165200,62.4,,,,1.2,.8,1.1,,,.7,.6,2,,,
27093,Meeker,2011,118000,114000,143.6,3250,19.5,102000,100400,34.7,,,,,,,,,,,,,,
27093,Meeker,2012,133000,130000,168.7,,,93100,92500,44.7,3100,3020,46,,,,,,,,,,,
27093,Meeker,2013,138000,133500,154.4,,,89300,88400,43.7,2300,2100,42.5,,,,,,,,,,,
27093,Meeker,2014,116000,107000,145.4,,,93400,92400,38.9,2400,2290,44.1,,,,,,,,,,,
27093,Meeker,2015,122500,112800,185.7,,,94100,93500,51,,,,,,,,,,,,,,
27093,Meeker,2016,124500,119400,183.3,,,90700,89700,48.3,2200,2080,52.4,,,,,,,,,,,
27093,Meeker,2017,111000,103700,186.7,6730,24,102000,101400,46.5,,,,,,,,,,,,,,
27093,Meeker,2018,,,,,,,,,1700,1670,33.9,,,,,,,,,,,
27093,Meeker,2019,120000,113300,165.5,,,,,,,,,,,,,,,,,,,
27093,Meeker,2020,121000,113900,187.3,5820,26.5,101500,100600,51.2,,,,.8,2.8,.3,.7,3.8,.6,.3,2.3,,,
27093,Meeker,2021,126500,119300,155.3,5620,18,94300,93700,45.2,400,380,31.3,.6,3.6,.1,.6,4.9,.6,.1,3.4,1.3,.2,14.5
27093,Meeker,2022,117500,109700,181,6210,18.5,100000,99200,47.2,,,,.5,2.9,.2,.5,10.5,.4,.2,3.8,,,
27093,Meeker,2023,123500,113300,192.9,,,95900,95000,51.7,,,,.1,1.7,.1,,,.6,.1,3.3,,,
27095,Mille Lacs,2011,21500,17100,99.09999999999999,2580,12.5,17900,17600,30.2,,,,,,,,,,,,,,
27095,Mille Lacs,2012,28400,26200,146,2140,18.5,17000,16900,36.5,,,,,,,,,,,,,,
27095,Mille Lacs,2013,26000,21700,105.7,4200,9.699999999999999,16100,15900,27.7,,,,,,,,,,,,,,
27095,Mille Lacs,2014,14600,10200,113.7,3730,12.5,8900,7400,26.6,,,,,,,,,,,,,,
27095,Mille Lacs,2015,22000,19300,171.4,2400,23,17300,17200,48.3,,,,,,,,,,,,,,
27095,Mille Lacs,2016,23700,19200,173.4,,,18200,18000,49.4,,,,,,,,,,,,,,
27095,Mille Lacs,2017,19000,17300,153.3,,,20300,20100,36.4,,,,,,,,,,,,,,
27095,Mille Lacs,2019,17200,13000,148.5,3730,14,13500,13300,33.6,,,,,,,,,,,,,,
27095,Mille Lacs,2020,20900,17500,152.6,3170,20.5,17900,17700,41.8,,,,.8,5.9,.4,.8,2.5,.7,.6,8,,,
27095,Mille Lacs,2021,21900,17500,108.7,4170,12,18600,18400,37.8,,,,1,9.6,.7,.9,12.5,.9,.5,6.7,,,
27095,Mille Lacs,2022,20800,19600,151.7,1020,15,18400,18300,40.5,,,,.6,5.2,.2,.6,11.6,.4,.2,6.4,,,
27095,Mille Lacs,2023,22000,16900,137.4,3340,16,18700,18400,33.6,,,,.4,6.5,.2,.7,4.2,.6,.4,9.1,,,
27097,Morrison,2011,94000,70200,141.5,,,27800,27600,37.1,2200,1960,28,,,,,,,,,,,
27097,Morrison,2012,108000,89400,147.6,,,28800,28600,38.7,1700,1660,39.9,,,,,,,,,,,
27097,Morrison,2013,102000,67800,87.40000000000001,32300,13,26700,25900,21.1,1000,950,36.3,,,,,,,,,,,
27097,Morrison,2014,97500,61300,117.3,35800,18,24600,24100,35.8,1100,970,43.3,,,,,,,,,,,
27097,Morrison,2015,102500,83900,171.8,18200,19.5,29400,29200,51,1300,1180,52.4,,,,,,,,,,,
27097,Morrison,2016,102500,89000,163,,,33600,33300,50.4,1400,1330,46.5,,,,,,,,,,,
27097,Morrison,2017,96500,78800,167.3,,,39300,39000,40.3,1200,1180,63.7,,,,,,,,,,,
27097,Morrison,2018,97000,65600,179.7,,,39000,37600,44.6,1700,1630,42.1,,,,,,,,,,,
27097,Morrison,2019,93500,75400,141.3,,,32900,31900,40.5,1100,1080,34.6,,,,,,,,,,,
27097,Morrison,2020,99000,71500,177.2,26700,20.5,34100,33800,51.9,1400,1330,24,.7,2.2,.3,.7,5.9,.6,.3,2.8,1,.1,10.4
27097,Morrison,2021,102500,68800,110.3,,,36200,35800,30.8,700,560,24.8,1,6.4,.2,,,.5,.3,5.8,2.4,.2,15.4
27097,Morrison,2022,102000,85300,175.9,16100,19.5,34800,34500,51.4,1400,1360,37.4,.6,3.3,.2,.5,3.9,.4,.2,5,.7,.4,12.5
27097,Morrison,2023,107500,80000,145,27300,12.5,35400,35000,38.2,700,630,30.3,.3,7.3,.1,.5,18.3,.5,.3,8.800000000000001,.4,.1,9
27099,Mower,2011,210000,205000,177.4,4780,21,148500,147500,47.4,,,,,,,,,,,,,,
27099,Mower,2012,222000,218000,167.1,,,137000,136500,45.6,,,,,,,,,,,,,,
27099,Mower,2013,127000,123800,154.5,,,121500,120600,42,,,,,,,,,,,,,,
27099,Mower,2014,225500,221000,175.9,4150,22,141000,140100,47.2,,,,,,,,,,,,,,
27099,Mower,2015,200000,195800,198.7,,,161500,160400,58.2,,,,,,,,,,,,,,
27099,Mower,2016,213000,206500,197.7,,,146000,145200,58.2,,,,,,,,,,,,,,
27099,Mower,2017,194500,188500,214.2,,,163000,162000,55.6,,,,,,,,,,,,,,
27099,Mower,2018,200500,196800,194.3,,,156000,154700,56.5,,,,,,,,,,,,,,
27099,Mower,2019,208000,203500,189.1,,,146500,145400,49.7,,,,,,,,,,,,,,
27099,Mower,2020,205000,195500,201.6,,,,,,,,,.8,1.2,.5,,,,,,,,
27099,Mower,2022,204000,199600,218,4010,26,153500,152300,60.8,,,,.9,1.6,.6,1,5.7,.5,.4,2.2,,,
27099,Mower,2023,209000,208500,170.1,300,14.5,161500,160000,45.4,,,,.1,1.9,.5,4.2,4.2,.8,.5,2.8,,,
27101,Murray,2011,186500,175200,166.4,,,159500,159000,46.1,,,,,,,,,,,,,,
27101,Murray,2012,185000,177000,150.7,,,164500,163500,45.7,,,,,,,,,,,,,,
27101,Murray,2013,192000,186100,176.2,,,159500,157800,51.1,,,,,,,,,,,,,,
27101,Murray,2014,187000,176000,158.7,5400,19,171000,168900,45,600,580,55.9,,,,,,,,,,,
27101,Murray,2015,186500,181800,199.5,,,165500,164500,55.4,,,,,,,,,,,,,,
27101,Murray,2016,180000,164900,200.4,,,171000,170200,57.6,,,,,,,,,,,,,,
27101,Murray,2017,185500,173000,197.1,,,166000,164600,54.5,,,,,,,,,,,,,,
27101,Murray,2018,175500,167000,169.3,,,171500,167500,49.9,,,,,,,,,,,,,,
27101,Murray,2019,137000,120900,150.5,,,148000,146900,41.8,,,,,,,,,,,,,,
27101,Murray,2020,184500,177400,194.4,5530,24.5,162500,161100,55.3,,,,.7,1.4,.3,.7,3.2,.5,.3,1.9,,,
27101,Murray,2021,182000,176600,196.5,3180,23.5,163500,162200,56.3,,,,.6,2.1,.2,.5,3.8,.7,.1,3.7,,,
27101,Murray,2022,179500,169500,191.9,6420,17.5,167500,166200,49.1,,,,.6,2.2,.2,.6,5.6,.7,.7,3.1,,,
27101,Murray,2023,,,,2080,17.5,163500,162000,51.8,,,,,,,5.9,7.1,.7,.3,3,,,
27103,Nicollet,2011,125000,119400,160.4,5500,21,80800,80400,42.5,700,640,38.4,,,,,,,,,,,
27103,Nicollet,2012,132000,127000,160.1,3770,21,75600,74800,41.2,800,760,37.4,,,,,,,,,,,
27103,Nicollet,2013,136000,132500,174,,,71600,70900,52.1,700,690,35.4,,,,,,,,,,,
27103,Nicollet,2014,123500,113100,154.3,,,78100,77300,45.8,600,590,43.4,,,,,,,,,,,
27103,Nicollet,2015,116000,107300,206.8,,,82200,81700,60.1,,,,,,,,,,,,,,
27103,Nicollet,2016,123500,120000,209.4,,,74700,74100,61.1,,,,,,,,,,,,,,
27103,Nicollet,2017,112000,108200,205.8,,,86500,85700,56.9,900,850,56.8,,,,,,,,,,,
27103,Nicollet,2018,117000,109900,186,,,87600,86700,53.4,900,870,41.1,,,,,,,,,,,
27103,Nicollet,2019,120000,112400,197.2,7440,19,76900,76200,53.1,,,,,,,,,,,,,,
27103,Nicollet,2020,117000,110800,205.9,5180,23,86900,86200,63,400,370,52.7,1.1,1.4,.8,1.2,8,.6,.3,1.8,1,.4,3.4
27103,Nicollet,2021,115500,109300,208.4,4750,26.5,88100,87300,63,400,380,58.4,.6,.8,.2,.6,3.4,.8,.2,1.4,1.5,.1,8.300000000000001
27103,Nicollet,2022,114500,107600,207.5,,,,,,400,390,52.1,.6,1.3,.2,,,,,,.9,.6,6
27103,Nicollet,2023,117000,110300,196.1,,,87000,86200,55.1,300,290,57.9,.1,1.7,.2,,,.7,.3,2.4,.6,.3,7.3
27105,Nobles,2011,213500,203500,174.6,,,168500,167200,45.8,,,,,,,,,,,,,,
27105,Nobles,2012,207000,196000,155.5,,,173500,172500,47.1,,,,,,,,,,,,,,
27105,Nobles,2013,220500,210500,168.8,,,163000,161100,48.5,,,,,,,,,,,,,,
27105,Nobles,2014,221000,207000,157.2,,,181000,179700,44.2,,,,,,,,,,,,,,
27105,Nobles,2015,218500,202500,193.5,,,174000,173000,57.1,,,,,,,,,,,,,,
27105,Nobles,2016,209500,200500,187.4,,,178500,177600,54.3,,,,,,,,,,,,,,
27105,Nobles,2017,213000,206000,193.4,,,176000,174900,53.2,,,,,,,,,,,,,,
27105,Nobles,2018,202000,196100,168.7,2130,22,177500,174900,49.4,,,,,,,,,,,,,,
27105,Nobles,2019,184000,165600,150.4,,,153000,151700,44.4,500,480,40.6,,,,,,,,,,,
27105,Nobles,2020,216500,201500,185,,,162000,160600,54,,,,.8,1.8,.4,,,.5,.3,2,,,
27105,Nobles,2021,205000,194300,202.5,,,172500,171000,63.3,,,,.6,1.7,.1,,,.7,.1,1.9,,,
27105,Nobles,2022,206500,190500,201.8,15200,23.5,171000,169600,51.6,,,,1,1.9,.7,1,3.7,.8,.8,1.8,,,
27105,Nobles,2023,207500,193800,198.7,,,,,,,,,.6,1.4,.4,,,,,,,,
27107,Norman,2011,75100,73800,117.8,,,179000,178100,31.3,104000,100300,42.2,,,,,,,,,,,
27107,Norman,2012,109000,107000,121.8,,,174000,173000,32.7,88000,85500,54.3,,,,,,,,,,,
27107,Norman,2013,127500,126500,119.9,,,164500,162900,32.8,82700,81800,58.2,,,,,,,,,,,
27107,Norman,2014,77200,76400,125.2,,,203500,202000,35.7,91400,89400,65.09999999999999,,,,,,,,,,,
27107,Norman,2015,86400,85500,161.3,,,185000,184000,40,113500,111300,68.40000000000001,,,,,,,,,,,
27107,Norman,2016,109500,106100,167.2,,,187000,184300,41.4,107500,104000,60.6,,,,,,,,,,,
27107,Norman,2017,107500,106300,156.7,,,207500,206000,36.6,96300,94000,65.40000000000001,,,,,,,,,,,
27107,Norman,2018,,,,,,,,,134500,131300,59,,,,,,,,,,,
27107,Norman,2019,,,,,,157500,156600,35.1,115000,109700,54.4,,,,,,,,,,,
27107,Norman,2020,59200,58300,149.3,,,157500,156200,34.7,111000,105400,58.7,.8,3.1,.4,,,.5,.2,4.1,1.2,0,3.3
27107,Norman,2021,113000,109400,105.6,,,178000,176500,24.3,87700,84300,48.3,.6,2.6,.2,,,.5,.1,6,1.2,0,4.7
27107,Norman,2022,,,,,,159500,158100,42.6,92100,89100,63.5,,,,,,.4,.2,3.6,.7,.3,3.2
27107,Norman,2023,122500,121800,166.1,,,158500,156900,38.4,95100,92300,69.09999999999999,.1,1.9,.1,,,.7,.1,2.2,.5,0,3.2
27109,Olmsted,2011,124000,116500,181.9,7470,20,68200,67800,46.6,,,,,,,,,,,,,,
27109,Olmsted,2012,131000,126000,184.8,,,65000,64600,52.8,,,,,,,,,,,,,,
27109,Olmsted,2013,84500,80500,175.3,,,50500,50100,46.9,,,,,,,,,,,,,,
27109,Olmsted,2014,133000,125400,185,6340,21.5,68900,68500,53.1,,,,,,,,,,,,,,
27109,Olmsted,2015,122500,115400,184.9,,,77500,77000,54.5,,,,,,,,,,,,,,
27109,Olmsted,2016,125000,116400,195.4,,,76300,75900,61.4,,,,,,,,,,,,,,
27109,Olmsted,2017,121500,113800,206.1,,,79400,78800,55.7,,,,,,,,,,,,,,
27109,Olmsted,2018,116000,101800,201.4,,,74500,73800,54.9,,,,,,,,,,,,,,
27109,Olmsted,2019,119500,103400,181,,,,,,,,,,,,,,,,,,,
27109,Olmsted,2020,114500,109200,198.4,4250,26,74400,73800,57.3,,,,.7,2.4,.3,.7,5.8,.5,.3,1.8,,,
27109,Olmsted,2021,114500,108200,188.9,4840,24.5,,,,,,,.7,2.9,.3,.6,7.6,,,,,,
27109,Olmsted,2022,112000,106400,206.8,5240,25,75500,74900,62,,,,.6,.8,.2,.6,4.4,.4,.2,3.3,,,
27109,Olmsted,2023,117000,107500,174.8,7290,19.5,70000,69400,50,,,,.4,4.7,.1,1.2,6.6,.5,.2,3.7,,,
27111,Otter Tail,2011,167000,145400,132.7,20800,18.5,141500,140300,39.7,56400,54700,45.9,,,,,,,,,,,
27111,Otter Tail,2012,179000,165000,150.1,,,151000,150100,38.7,34900,33900,51.8,,,,,,,,,,,
27111,Otter Tail,2013,203000,185500,140.2,16500,13.5,155500,152500,32.9,30200,29900,49.4,,,,,,,,,,,
27111,Otter Tail,2014,164000,149300,128.3,14400,15.5,158000,156900,33.6,34500,33400,48.3,,,,,,,,,,,
27111,Otter Tail,2015,164000,147700,172.6,13800,18,154000,152900,43.9,36900,35900,53,,,,,,,,,,,
27111,Otter Tail,2016,174000,160200,185.8,,,154000,153100,47.9,28000,26800,55.7,,,,,,,,,,,
27111,Otter Tail,2017,159500,150000,178.2,,,172000,170900,42.1,23900,23100,59.4,,,,,,,,,,,
27111,Otter Tail,2018,170500,163100,190,,,176500,174800,44.3,30700,30000,52.4,,,,,,,,,,,
27111,Otter Tail,2019,199000,185500,179.9,,,151500,150300,41,28300,27500,46.3,,,,,,,,,,,
27111,Otter Tail,2020,180500,166500,177.4,12800,21.5,171500,170000,45.1,25100,23900,52,.7,.8,.4,.6,4.2,.5,.3,3.6,1,0,4.4
27111,Otter Tail,2021,203000,169300,140,30700,13.5,164500,160800,27.6,17200,15800,54.4,.6,5,.2,.7,12,.5,.1,5.3,1.1,0,5.4
27111,Otter Tail,2022,197500,172500,164.8,,,161000,159700,39.5,21900,21200,47.3,.5,4.9,.2,,,.4,.2,4.4,.7,.3,6.3
27111,Otter Tail,2023,215000,195000,157.9,,,156000,154600,33.7,18800,18100,47,.5,4.5,.2,,,.6,.2,6.7,.5,0,8.300000000000001
27113,Pennington,2011,,,,,,103000,102600,30.4,76500,74300,50.3,,,,,,,,,,,
27113,Pennington,2012,,,,,,111500,110800,34.7,,,,,,,,,,,,,,
27113,Pennington,2013,,,,,,109000,108000,33.1,,,,,,,,,,,,,,
27113,Pennington,2014,,,,,,99700,99100,29.3,67500,65900,51,,,,,,,,,,,
27113,Pennington,2015,11500,11300,130.9,,,120000,119400,35.2,86600,85000,57.3,,,,,,,,,,,
27113,Pennington,2016,,,,810,18,140000,139100,39.8,74400,71900,57.9,,,,,,,,,,,
27113,Pennington,2017,19700,17500,119.2,,,142000,141100,25.7,70800,69100,70.59999999999999,,,,,,,,,,,
27113,Pennington,2018,,,,,,,,,108000,105500,65.09999999999999,,,,,,,,,,,
27113,Pennington,2019,,,,,,,,,98500,95800,60.4,,,,,,,,,,,
27113,Pennington,2020,,,,600,11.5,108500,107600,35.1,93500,89100,48.9,,,,2.2,12.9,.5,.2,4.6,1,0,7.5
27113,Pennington,2021,,,,,,125500,124400,19.8,84100,80800,37.1,,,,,,.5,.1,4.8,1.2,0,5.6
27113,Pennington,2022,,,,,,103500,102700,34.5,,,,,,,,,.4,.2,6.4,,,
27115,Pine,2011,17400,13000,130.8,3970,17,16000,15600,36.9,,,,,,,,,,,,,,
27115,Pine,2012,24100,19000,135.4,,,15800,15200,36.3,,,,,,,,,,,,,,
27115,Pine,2013,24300,16100,125.5,8000,11.5,16600,16300,28.2,500,370,35.9,,,,,,,,,,,
27115,Pine,2014,14500,6360,97.3,,,7500,7290,32,,,,,,,,,,,,,,
27115,Pine,2015,20100,13300,158.3,,,16300,16200,49.1,,,,,,,,,,,,,,
27115,Pine,2018,17400,13000,161.3,3870,17,,,,,,,,,,,,,,,,,
27115,Pine,2019,16300,12000,138.4,,,14700,14500,35.4,,,,,,,,,,,,,,
27115,Pine,2020,18300,13100,163.2,5060,21,17800,16500,47.9,400,380,29.2,.8,3,.5,.8,5.4,.7,.5,4,1,.3,13.2
27115,Pine,2021,20100,15500,136.1,4340,16.5,18600,18400,41.2,,,,.9,6.5,.7,.9,7.2,.7,.5,7.1,,,
27115,Pine,2022,18100,15500,161.2,,,20000,19600,40.9,,,,.6,5.9,.2,,,.7,.2,6.1,,,
27115,Pine,2023,21200,14300,151.9,5110,16.5,18400,18200,36.5,,,,.4,5.5,.2,.6,11.9,.6,.4,6.2,,,
27117,Pipestone,2011,112000,99500,152.2,,,93100,91700,38.8,1800,1740,45.4,,,,,,,,,,,
27117,Pipestone,2012,124000,101000,143.6,,,86900,86400,40.9,1600,1570,49.9,,,,,,,,,,,
27117,Pipestone,2013,124000,116200,165,,,83700,82900,50.2,,,,,,,,,,,,,,
27117,Pipestone,2014,117000,104700,145.8,,,91000,89900,42.2,2300,2260,48.7,,,,,,,,,,,
27117,Pipestone,2015,113000,91400,191.9,,,,,,2200,1980,72.2,,,,,,,,,,,
27117,Pipestone,2016,111500,103600,199.5,,,90000,89400,57.7,,,,,,,,,,,,,,
27117,Pipestone,2017,111500,105800,186,,,91500,90900,53.7,2100,2040,60.8,,,,,,,,,,,
27117,Pipestone,2019,90000,77400,134.7,,,75100,74600,44.8,,,,,,,,,,,,,,
27117,Pipestone,2020,115000,92100,189.2,21900,22,90300,89500,52,600,560,45.7,.7,2,.3,.7,5.6,.6,.3,3.3,2.5,.3,6.7
27117,Pipestone,2021,118500,107100,182.1,,,88800,88000,49.4,,,,.6,3.4,.2,,,1,.6,2.4,,,
27117,Pipestone,2022,112500,96200,166.7,7240,17.5,94600,93900,44.3,,,,.5,2.4,.2,.4,11.1,.5,.3,3.5,,,
27117,Pipestone,2023,123000,107700,161.8,,,85500,84700,43.8,,,,.5,2.2,.5,,,.8,.3,2.1,,,
27119,Polk,2011,62300,60300,124.6,,,255000,252000,33.7,296000,287000,53.2,,,,,,,,,,,
27119,Polk,2012,113000,107000,114.9,,,264000,262500,35.7,259500,252000,60.6,,,,,,,,,,,
27119,Polk,2013,120000,117900,120.4,,,283000,279000,36.6,249500,244000,64.5,,,,,,,,,,,
27119,Polk,2014,69200,68600,127,,,290500,288000,36.3,263000,254500,62.8,,,,,,,,,,,
27119,Polk,2015,67700,66800,160.7,,,285500,284000,35.6,288000,276500,64.40000000000001,,,,,,,,,,,
27119,Polk,2016,90800,85300,166.2,,,302000,299000,43.6,278000,266000,66.40000000000001,,,,,,,,,,,
27119,Polk,2017,,,,,,326000,324000,38.4,257000,251000,69.40000000000001,,,,,,,,,,,
27119,Polk,2018,,,,,,286500,284500,42.7,324000,316500,64.7,,,,,,,,,,,
27119,Polk,2019,,,,,,282000,278000,35.3,297000,288000,59.3,,,,,,,,,,,
27119,Polk,2020,58800,56000,141.1,,,309500,307500,36.7,281500,268500,56.4,.7,3.3,.4,,,1.7,1.7,3.5,.8,.2,2.8
27119,Polk,2021,110000,104600,101.2,,,318500,316000,24.1,260000,250500,45.4,.6,13.3,.2,,,.8,.6,11,.9,0,3
27119,Polk,2022,87500,85600,160.3,1720,21,287000,284500,38.5,272000,263000,65.59999999999999,.6,1.9,.2,.7,7.5,1.8,1.8,1.8,.6,.4,2.8
27119,Polk,2023,130500,130100,146.9,,,283000,280500,41.9,267000,258500,63.1,.1,3.9,.1,,,.9,.6,5,.4,0,3.2
27121,Pope,2011,117000,113200,136.7,,,79000,77300,35.8,11400,10900,40.7,,,,,,,,,,,
27121,Pope,2012,122000,116000,174.9,,,81100,80600,46,,,,,,,,,,,,,,
27121,Pope,2013,129500,125600,150.9,,,79100,78000,37.9,6200,5990,45.7,,,,,,,,,,,
27121,Pope,2014,111000,105400,157.8,,,85800,85300,44.4,6100,5810,52.5,,,,,,,,,,,
27121,Pope,2015,106000,99200,177.9,,,84600,83900,49.5,7300,7100,53.8,,,,,,,,,,,
27121,Pope,2016,115500,110800,194.4,,,83100,82200,51.7,5800,5600,55,,,,,,,,,,,
27121,Pope,2017,110500,105400,186.5,,,86100,85400,46.1,4600,4470,57.5,,,,,,,,,,,
27121,Pope,2018,107500,105300,196.7,1790,23.5,93300,92400,50.8,7200,7050,49.9,,,,,,,,,,,
27121,Pope,2019,119000,114600,181.4,,,,,,4300,4170,54,,,,,,,,,,,
27121,Pope,2020,107500,102500,179.6,4040,21,87400,86700,46,4600,4220,46.2,.8,1.1,.4,.8,7,.6,.4,1.9,2.9,.1,4.1
27121,Pope,2021,122000,116400,142.7,,,80100,79500,37.5,,,,.6,3.7,.1,,,.6,.2,5.1,,,
27121,Pope,2022,109000,105800,180.8,,,88000,87300,44.3,4900,4750,40.4,.6,2.3,.2,,,.4,.2,3.3,.7,.3,10.4
27121,Pope,2023,130000,129000,179.5,900,20.5,76300,75600,48.1,3000,2910,52.9,.1,5.2,.1,9.300000000000001,6.7,.7,.2,2.7,.6,0,4.6
27125,Red Lake,2011,15400,14000,120.7,1400,20,73800,73200,32.2,59900,58200,50,,,,,,,,,,,
27125,Red Lake,2012,23000,19400,132.5,,,76100,75600,35.4,,,,,,,,,,,,,,
27125,Red Lake,2013,26000,23000,121.6,2400,18.5,77600,76900,32.4,50900,50400,53.1,,,,,,,,,,,
27125,Red Lake,2014,,,,2300,18.5,,,,,,,,,,,,,,,,,
27125,Red Lake,2015,,,,2650,20,83300,82900,35.5,66900,65600,63.7,,,,,,,,,,,
27125,Red Lake,2016,20900,18000,171.4,2770,21.5,87500,86800,44.5,58300,56300,63.5,,,,,,,,,,,
27125,Red Lake,2017,21700,20500,139.9,1150,18,92700,92100,38.6,53500,52200,70.8,,,,,,,,,,,
27125,Red Lake,2018,,,,2430,23.5,80700,80100,38,74300,72600,63.4,,,,,,,,,,,
27125,Red Lake,2019,,,,3940,23.5,80700,79900,36.7,64700,63000,60.1,,,,,,,,,,,
27125,Red Lake,2020,15600,11600,143.7,3860,18.5,77500,76800,36,74400,70900,51,.9,4.4,.5,.9,10.9,.5,.2,4.5,.9,0,6.5
27125,Red Lake,2021,29100,22800,89.90000000000001,5600,13,88900,88200,18.4,58400,56000,43.1,.8,6.4,.5,2,12.4,.6,.1,6.1,1.1,0,5.7
27125,Red Lake,2022,22100,18900,165.4,3160,21,77900,77200,38.7,62200,60100,60.1,.6,2,.2,.6,7.3,.4,.2,6.8,.7,.3,4.5
27125,Red Lake,2023,30100,27200,170.8,,,82700,81900,38.8,60000,58200,62.2,.1,2.6,.2,,,.7,.2,6,.6,0,6.4
27127,Redwood,2011,239500,237000,149.1,1140,17,209000,206000,37.8,1500,1450,32.5,,,,,,,,,,,
27127,Redwood,2012,251000,244000,164.1,,,201500,198300,45.5,1400,1370,44.2,,,,,,,,,,,
27127,Redwood,2013,256000,252000,166.5,,,194500,192600,48.4,1000,930,54.9,,,,,,,,,,,
27127,Redwood,2014,245500,236000,165.8,,,205500,204000,46.3,900,850,61.3,,,,,,,,,,,
27127,Redwood,2015,234000,229000,197.6,,,211000,209500,54.5,1500,1470,61.6,,,,,,,,,,,
27127,Redwood,2016,238500,232500,202.8,,,204500,201500,56.1,1300,1190,68.5,,,,,,,,,,,
27127,Redwood,2017,230000,227000,200.9,,,210500,209000,55.1,,,,,,,,,,,,,,
27127,Redwood,2018,233500,231000,166.7,,,211000,208000,50.3,1400,1340,29.2,,,,,,,,,,,
27127,Redwood,2019,222000,214500,182.3,,,195000,192300,50.1,,,,,,,,,,,,,,
27127,Redwood,2020,246500,241500,201.7,,,205500,203500,57,800,760,54.7,1.2,2,.9,,,.8,.6,2.6,1.3,.3,8.5
27127,Redwood,2021,240000,233500,172,,,207500,205500,52.2,,,,.6,3.2,.2,,,.7,.2,2.8,,,
27127,Redwood,2022,240000,236000,189.6,,,212500,211000,50.1,,,,2.5,4.8,2.5,,,2.7,2.6,3.1,,,
27127,Redwood,2023,239000,238000,176,850,17.5,208500,206500,49.4,800,780,61.5,.1,3.9,1.5,18.3,5.1,1.7,1.6,2.5,.6,.1,2.8
27129,Renville,2011,258500,254500,146.4,,,184500,182800,37,3800,3490,38.7,,,,,,,,,,,
27129,Renville,2012,270000,267000,173.6,,,171000,170000,45.8,3400,3270,46.5,,,,,,,,,,,
27129,Renville,2013,288000,285000,173.4,,,169000,167200,49.3,2500,1370,54.5,,,,,,,,,,,
27129,Renville,2014,275500,254500,150.9,,,204500,202000,42.2,2500,2370,46.4,,,,,,,,,,,
27129,Renville,2015,272500,270500,190.8,,,216000,215000,55.3,3200,3070,59.3,,,,,,,,,,,
27129,Renville,2016,290000,285500,198.8,,,202000,199600,54.8,3000,1790,63.1,,,,,,,,,,,
27129,Renville,2017,259500,257500,207.1,1640,21.5,230000,228500,52.5,2500,2450,69.40000000000001,,,,,,,,,,,
27129,Renville,2018,251000,243000,179.7,,,199000,196800,54.3,3200,3110,33.1,,,,,,,,,,,
27129,Renville,2019,243500,236000,189.2,,,181500,178600,49.5,1300,1280,38.3,,,,,,,,,,,
27129,Renville,2020,255500,248500,198.4,,,188500,186900,53.2,2400,2280,43.2,1.1,1.9,.8,,,.8,.7,3,1.3,.1,6
27129,Renville,2021,250500,243500,177.1,3990,22,191500,189600,52.2,1400,1350,57.5,1.2,1.8,1.1,.8,12.3,1,.7,2.2,1.3,.1,13.8
27129,Renville,2022,254500,248500,212.8,,,197000,195200,53.6,1700,1650,49.6,1.5,1.6,1.4,,,.6,.4,5.2,.8,.4,7
27129,Renville,2023,262500,262000,208.3,210,15,189500,187700,53.3,1500,1460,61.3,.1,2.3,.9,20,20.3,1.3,1.1,2.3,.6,0,8.9
27131,Rice,2011,92600,88700,158.3,3420,18.5,65600,65400,38.9,500,480,41.3,,,,,,,,,,,
27131,Rice,2012,96000,91000,186.1,,,64600,64100,52.7,,,,,,,,,,,,,,
27131,Rice,2013,81500,76500,168.5,4700,20.5,60700,60100,41.4,,,,,,,,,,,,,,
27131,Rice,2014,92000,81900,157.1,,,64400,64000,46.8,,,,,,,,,,,,,,
27131,Rice,2015,87500,83100,201.1,,,69500,68900,56.8,,,,,,,,,,,,,,
27131,Rice,2016,87800,85100,188.3,,,65500,65000,57.9,,,,,,,,,,,,,,
27131,Rice,2017,78500,75000,209.2,,,73900,73400,53.5,,,,,,,,,,,,,,
27131,Rice,2018,87500,82100,180.1,3880,22,74000,73100,55.8,,,,,,,,,,,,,,
27131,Rice,2020,87700,83900,195.2,3090,24,71700,71100,57.2,500,470,43.4,1.2,2.8,.9,1.3,5.9,1.1,1,3.2,1.3,.3,9.800000000000001
27131,Rice,2021,88300,78900,195.8,8270,19.5,71200,70500,57.3,,,,.7,4.4,.4,.7,4.2,.9,.5,8.300000000000001,,,
27131,Rice,2022,85800,84200,216.5,1250,21.5,74100,73500,60.7,500,490,50.4,.7,1.9,.4,.8,7.4,.6,.5,2.6,.8,.5,6
27131,Rice,2023,89500,86000,194.6,3070,18.5,70700,70000,55.1,,,,.1,2.3,.4,1.8,7.2,.8,.5,2.9,,,
27133,Rock,2011,144000,133200,180.6,10400,18,105500,105000,49.5,,,,,,,,,,,,,,
27133,Rock,2012,148000,140000,156.8,,,99900,99200,46,,,,,,,,,,,,,,
27133,Rock,2013,149000,141000,180.1,,,99800,98800,52.7,,,,,,,,,,,,,,
27133,Rock,2014,148500,127400,155,,,109500,104700,46.9,,,,,,,,,,,,,,
27133,Rock,2015,146000,136700,198.8,,,107500,106600,58.2,,,,,,,,,,,,,,
27133,Rock,2016,142500,134600,201.2,,,108500,108000,61.3,,,,,,,,,,,,,,
27133,Rock,2017,143000,131000,206.1,,,112500,111800,58.7,,,,,,,,,,,,,,
27133,Rock,2018,136500,120500,181.4,,,109500,108300,55.6,,,,,,,,,,,,,,
27133,Rock,2019,139000,120100,150.2,,,91500,90500,48.8,,,,,,,,,,,,,,
27133,Rock,2020,144000,135800,195.3,6960,23.5,101000,100100,58.3,,,,.7,1.7,.3,.7,6.2,.5,.3,1.4,,,
27133,Rock,2021,138500,127100,206.4,9660,24,106000,105100,61.5,,,,.6,3.3,.2,.6,3.7,.7,.2,1.5,,,
27133,Rock,2022,135500,129400,196.8,4680,22,109000,108200,55.5,,,,.5,3.1,.2,.5,8.199999999999999,.4,.2,3.9,,,
27133,Rock,2023,,,,2780,19,104000,103000,55.4,,,,,,,3.5,2.4,.7,.2,2.6,,,
27135,Roseau,2011,10800,7900,105.7,2710,12,120000,119600,30.3,118000,114600,42.9,,,,,,,,,,,
27135,Roseau,2012,16200,15000,125.4,1190,15,142500,141700,32.4,108000,104900,51.6,,,,,,,,,,,
27135,Roseau,2013,23200,21000,139,2050,16.5,107000,106000,35.5,86200,82300,49.8,,,,,,,,,,,
27135,Roseau,2014,7200,3600,110.3,3200,14.5,129000,128200,29.5,,,,,,,,,,,,,,
27135,Roseau,2015,11500,7300,122.7,,,144500,143200,30.9,,,,,,,,,,,,,,
27135,Roseau,2016,,,,,,164500,163400,35.3,93700,90700,48.6,,,,,,,,,,,
27135,Roseau,2017,18500,14900,117.8,,,202000,200500,28.4,,,,,,,,,,,,,,
27135,Roseau,2018,11600,9410,131.2,,,162000,159800,33.9,130500,127400,59.4,,,,,,,,,,,
27135,Roseau,2019,13300,10200,150.6,,,153500,147300,35.6,127500,118400,60.2,,,,,,,,,,,
27135,Roseau,2020,5900,4160,124.5,1690,13,148000,146600,28,119000,113400,46.3,1.6,7.7,1.4,1.7,10.2,.4,.2,4,.9,0,5.9
27135,Roseau,2021,20800,18700,82.59999999999999,1890,9.5,186500,185000,23.6,99400,95400,43.6,1,15.5,.9,1,22.8,.6,.1,7.6,1.2,0,5
27135,Roseau,2022,,,,,,138000,136900,41.7,99700,96400,64.8,,,,,,.4,.2,5.8,.7,.3,5.9
27137,St. Louis,2011,,,,,,,,,500,490,34.7,,,,,,,,,,,
27137,St. Louis,2012,,,,,,,,,500,490,30,,,,,,,,,,,
27137,St. Louis,2015,500,200,115,,,,,,,,,,,,,,,,,,,
27137,St. Louis,2016,500,200,155,,,,,,,,,,,,,,,,,,,
27139,Scott,2011,41000,38500,161.6,,,31400,30300,37.7,600,590,31.2,,,,,,,,,,,
27139,Scott,2012,41600,39300,166.1,1340,20.5,31100,30800,48.4,,,,,,,,,,,,,,
27139,Scott,2013,38000,36100,163.4,1300,17.5,27300,27000,41.3,,,,,,,,,,,,,,
27139,Scott,2014,34900,31600,137.9,,,28400,28000,40.2,,,,,,,,,,,,,,
27139,Scott,2015,35700,34400,191.5,,,27300,27100,57.9,,,,,,,,,,,,,,
27139,Scott,2016,34500,29600,195.2,4300,24.5,30500,30300,58.7,,,,,,,,,,,,,,
27139,Scott,2017,32100,30900,200.1,1030,27.5,32100,31700,52.7,,,,,,,,,,,,,,
27139,Scott,2018,,,,,,,,,500,370,31.1,,,,,,,,,,,
27139,Scott,2019,,,,,,,,,600,590,31.4,,,,,,,,,,,
27139,Scott,2020,35000,32700,198.8,1980,22.5,33500,33200,58.5,400,380,56.3,.8,2.5,.4,.9,7.6,.6,.4,2.9,1.3,.2,5.6
27139,Scott,2021,35400,33400,199.8,1530,25,33100,32800,62.5,100,100,43,.7,3.1,.4,.7,7.9,.8,.3,3.2,1.4,.7,5.9
27139,Scott,2022,34700,31800,186.5,1520,20,33400,33100,54.8,,,,.5,2.1,.2,.5,8.5,.4,.2,3.9,,,
27139,Scott,2023,36400,33400,191.9,2870,18,31800,31500,53.5,,,,.5,4.5,.2,1,12.8,.8,.3,3.5,,,
27141,Sherburne,2011,30400,29500,143.6,840,15,14300,14200,44.6,,,,,,,,,,,,,,
27141,Sherburne,2012,33800,31100,141.4,1830,15,13600,13500,35.3,,,,,,,,,,,,,,
27141,Sherburne,2013,35000,32600,132.3,1400,17.5,14700,14400,29.8,,,,,,,,,,,,,,
27141,Sherburne,2014,21800,19700,128.8,,,,,,,,,,,,,,,,,,,
27141,Sherburne,2015,28000,27400,117.8,,,,,,1200,1160,45.2,,,,,,,,,,,
27141,Sherburne,2016,29300,27200,166.5,,,,,,,,,,,,,,,,,,,
27141,Sherburne,2017,26000,25300,150.4,,,,,,,,,,,,,,,,,,,
27141,Sherburne,2018,,,,670,19.5,,,,,,,,,,,,,,,,,
27141,Sherburne,2019,26700,25400,176,,,,,,,,,,,,,,,,,,,
27141,Sherburne,2020,25900,24000,179.9,1660,21.5,20600,20400,51,,,,.8,6.2,.5,1,10.5,.6,.5,5.8,,,
27141,Sherburne,2021,28400,26400,167,1630,13.5,16000,15700,33.9,,,,.7,6.1,.4,.6,17.1,.7,.5,9.4,,,
27141,Sherburne,2022,29600,28300,177.5,,,15900,15600,47.2,,,,.6,5.9,.2,,,.7,.3,5.4,,,
27141,Sherburne,2023,28400,25300,173.2,,,16400,15900,43.1,,,,.1,6.9,.2,,,.6,.5,9.4,,,
27143,Sibley,2011,158000,153500,157,,,116000,115000,38.7,1300,1240,40.9,,,,,,,,,,,
27143,Sibley,2012,170000,167000,171.8,,,103500,102400,43,1400,1360,40.4,,,,,,,,,,,
27143,Sibley,2013,181000,176000,160.9,,,91500,90400,47,1100,1030,45.9,,,,,,,,,,,
27143,Sibley,2014,152000,139400,135.7,,,112000,110500,40.5,1000,970,46.9,,,,,,,,,,,
27143,Sibley,2015,155000,147900,185.9,,,113000,112400,55.7,,,,,,,,,,,,,,
27143,Sibley,2016,162000,156000,201.4,,,107000,106200,57.4,1000,960,59.5,,,,,,,,,,,
27143,Sibley,2017,145000,138600,206.2,,,122000,121200,54.6,800,780,65.59999999999999,,,,,,,,,,,
27143,Sibley,2018,153000,142800,178.2,,,118500,116700,54.6,,,,,,,,,,,,,,
27143,Sibley,2019,153000,148300,188.3,,,108500,107600,49.8,600,590,41.5,,,,,,,,,,,
27143,Sibley,2020,152500,145400,198.4,5770,22,118500,117500,56.9,1000,950,52.2,.8,1.4,.3,.7,9.9,.5,.2,2.4,1.2,.1,5.2
27143,Sibley,2021,156500,148900,202.7,,,119000,118000,60.3,400,380,58.7,.6,1.6,.1,,,.7,.1,2.7,1.4,.2,6.4
27143,Sibley,2022,154000,148700,206.4,4590,22,120500,119600,58.2,700,680,51.6,.6,1.5,.2,.6,8.9,.4,.2,1.6,.9,.6,1.6
27143,Sibley,2023,154500,153700,182.7,730,16,122000,120800,52.7,500,480,66.5,.1,2.2,.1,13.7,10.3,.7,.2,2.4,.5,.2,5.2
27145,Stearns,2011,222000,177900,136.4,35700,16.5,94200,93100,36.9,9900,9700,33.1,,,,,,,,,,,
27145,Stearns,2012,238000,197000,166.6,40700,15.5,91400,90800,42.8,7400,7210,42.2,,,,,,,,,,,
27145,Stearns,2013,240500,195000,133.5,42500,14,83800,82900,31.9,5900,5700,39.5,,,,,,,,,,,
27145,Stearns,2014,208000,156500,133.9,50500,17.5,87900,85500,35.7,,,,,,,,,,,,,,
27145,Stearns,2015,217500,159800,171.9,56500,22.5,95100,94600,52.4,,,,,,,,,,,,,,
27145,Stearns,2016,215000,172200,186,41700,22,96600,95800,54.6,,,,,,,,,,,,,,
27145,Stearns,2017,207500,176700,177.7,25000,21,108500,107800,49.1,,,,,,,,,,,,,,
27145,Stearns,2018,214500,183200,183.6,29400,20.5,117500,116300,50.8,,,,,,,,,,,,,,
27145,Stearns,2019,216500,175700,170.2,38400,18,98900,98000,44.4,,,,,,,,,,,,,,
27145,Stearns,2020,222000,181100,186.3,,,104000,103100,51.3,4300,4060,43.8,.7,2.5,.4,,,.5,.2,3.3,1.4,.1,6
27145,Stearns,2021,225500,179500,148.2,,,,,,2000,1810,37.3,.6,6.3,.3,,,,,,1.3,.1,16.3
27145,Stearns,2022,223000,158100,185.4,60100,21.5,107000,106200,50.1,,,,.5,3.4,.3,.5,2.1,.4,.2,3.8,,,
27145,Stearns,2023,234000,201000,187.3,,,,,,,,,.4,4.4,.2,,,,,,,,
27147,Steele,2011,116500,115000,169.5,,,76200,75500,41.6,700,680,50.3,,,,,,,,,,,
27147,Steele,2012,126000,123000,176.8,1590,22,68400,68000,50.3,500,490,58,,,,,,,,,,,
27147,Steele,2013,79000,75600,157.4,2000,17,59700,59000,44.5,,,,,,,,,,,,,,
27147,Steele,2014,129000,123200,168.5,,,65500,64900,48.1,,,,,,,,,,,,,,
27147,Steele,2015,112000,108500,201.4,,,78800,78300,58,,,,,,,,,,,,,,
27147,Steele,2016,118000,115200,201.4,,,75100,74100,59.2,500,490,58.6,,,,,,,,,,,
27147,Steele,2017,111000,108000,214.8,2040,21.5,87100,86600,55.9,,,,,,,,,,,,,,
27147,Steele,2018,110000,107600,192.2,1840,24,80600,78800,53.7,,,,,,,,,,,,,,
27147,Steele,2019,108500,105300,174.2,1740,17,74600,74000,46.6,,,,,,,,,,,,,,
27147,Steele,2020,106000,103500,202,1520,24,84700,84000,60.6,500,470,51.7,1.1,1.9,.8,1.8,4.7,.6,.4,1.9,1.3,.4,5.5
27147,Steele,2021,110500,107800,205.2,,,80600,79900,61.9,,,,.7,1.6,.3,,,.7,.3,2.7,,,
27147,Steele,2022,106000,104500,217.3,1150,20,84700,84000,63,,,,.6,1.5,.2,.9,11.5,.5,.3,1.1,,,
27147,Steele,2023,108500,108000,189.9,400,18.5,83000,82200,53.5,,,,.1,3.4,.2,17.6,13.2,.7,.3,3,,,
27149,Stevens,2011,133000,123400,139.1,8010,17.5,106000,105500,37.5,11300,10300,40.6,,,,,,,,,,,
27149,Stevens,2012,150000,140000,186.3,9680,22.5,105500,104900,47.2,9400,9130,62.8,,,,,,,,,,,
27149,Stevens,2013,159500,147300,158.7,11700,19.5,97300,96400,41.9,6500,6220,51.9,,,,,,,,,,,
27149,Stevens,2014,149000,123200,164.3,24700,16,109500,108300,47.1,7300,7070,60.1,,,,,,,,,,,
27149,Stevens,2015,147000,126200,179.9,20300,21.5,112000,111600,47.3,9300,9060,62.5,,,,,,,,,,,
27149,Stevens,2016,154500,139900,205.2,13700,23.5,107000,106200,52.2,9000,8700,61.4,,,,,,,,,,,
27149,Stevens,2017,152000,136900,190.6,13900,20.5,113000,112200,46.4,6500,6310,67.40000000000001,,,,,,,,,,,
27149,Stevens,2018,139500,117600,200.7,20100,25,106500,105500,51.2,8200,7960,45.7,,,,,,,,,,,
27149,Stevens,2019,131500,101400,178.4,,,93000,92300,43.1,3900,3780,40.7,,,,,,,,,,,
27149,Stevens,2020,142500,122900,188.7,18400,24,104000,103100,48.3,4800,4580,54.6,.7,1.1,.3,.7,2.1,.6,.3,1,.9,.1,4.1
27149,Stevens,2021,146500,134200,173.8,10500,22.5,105500,104600,45.7,4100,3940,58.4,.6,2.5,.2,.6,1.7,.7,.1,4.3,1.4,0,4.5
27149,Stevens,2022,130500,98600,179.2,30800,21.5,105500,104700,45.4,3300,3210,51.4,.6,1.5,.2,.6,4.1,.4,.2,2.9,.4,.3,8.699999999999999
27149,Stevens,2023,153500,130000,195.3,,,96400,95500,48.2,4100,3920,57.7,.4,1.8,.1,,,.6,.2,2.3,.4,0,6.6
27151,Swift,2011,185000,176400,154.1,8270,20.5,124500,122800,38.4,10400,10100,41.7,,,,,,,,,,,
27151,Swift,2012,202000,193000,182.8,8320,23.5,114000,113300,46.9,7100,6800,54,,,,,,,,,,,
27151,Swift,2013,211500,201500,163.3,,,114000,112700,38.5,5400,5320,50.4,,,,,,,,,,,
27151,Swift,2014,198000,181800,157.8,,,122500,120900,43.8,6800,6570,58.6,,,,,,,,,,,
27151,Swift,2015,180000,173400,181.8,,,138000,137500,49.6,9400,9110,60.3,,,,,,,,,,,
27151,Swift,2016,191500,183700,199.9,,,124500,123800,55.5,6600,6370,54.5,,,,,,,,,,,
27151,Swift,2017,182000,172100,190.3,9760,24.5,132500,131600,46.3,,,,,,,,,,,,,,
27151,Swift,2018,187000,176500,201.6,9310,26,129000,127700,53.8,6900,6750,38.7,,,,,,,,,,,
27151,Swift,2019,170500,155400,176.3,,,105000,104200,42.8,2300,2220,50.9,,,,,,,,,,,
27151,Swift,2020,195000,176500,193.2,16800,25,116500,115500,51.2,5600,5320,53.9,.8,1.1,.4,.7,3.2,.5,.3,3,1,.1,4.9
27151,Swift,2021,,,,,,120500,119500,50.2,3200,2980,64.40000000000001,,,,,,.8,.1,3.1,1.1,0,4.6
27151,Swift,2022,187000,170100,193.6,15600,24.5,116500,115600,46.6,,,,.6,2.4,.2,.6,1.4,.4,.2,3.9,,,
27151,Swift,2023,204000,197000,197,6920,23.5,108500,107500,47.4,,,,.1,1.2,.2,1.9,2.8,.7,.2,2.4,,,
27153,Todd,2011,73500,59700,129.7,,,43300,42500,35.2,7100,6610,36.3,,,,,,,,,,,
27153,Todd,2012,87600,75100,130.7,,,42000,41700,33.5,5600,5300,40.2,,,,,,,,,,,
27153,Todd,2013,78000,56100,94.5,,,39500,39000,23.5,3900,3190,38.9,,,,,,,,,,,
27153,Todd,2014,66100,45800,100.4,,,35300,35000,32.2,4300,4180,42.6,,,,,,,,,,,
27153,Todd,2015,77300,65300,160.6,,,47500,47200,47.8,6900,6730,51.7,,,,,,,,,,,
27153,Todd,2016,80000,60800,167.5,,,50000,49500,48.5,5200,4860,41.8,,,,,,,,,,,
27153,Todd,2017,69200,53900,154.7,15000,20.5,58200,57800,36.6,4000,3920,46.7,,,,,,,,,,,
27153,Todd,2018,72800,62800,148.1,,,,,,,,,,,,,,,,,,,
27153,Todd,2019,75200,62500,152.7,,,48400,47900,38.9,,,,,,,,,,,,,,
27153,Todd,2020,73600,60400,161.3,12500,20,54900,54400,43.7,4500,4290,28.2,.8,2.4,.3,.7,7.8,.5,.2,3.6,1,.1,6
27153,Todd,2021,84000,71100,130.6,11900,16,55400,55000,36.8,2200,1980,25.2,.5,7.9,.2,.6,6.6,.5,.2,7.8,1.3,.1,21.5
27153,Todd,2022,79200,62200,164.9,16300,19.5,56100,55700,46.4,2300,2230,38.2,.6,3,.2,.6,5.1,.4,.2,4.1,.8,.4,7.8
27153,Todd,2023,90500,64200,148.3,19800,19.5,55200,54700,32,2400,2260,31.5,.4,4.3,.1,.5,5.6,.5,.2,6.3,.4,0,14.1
27155,Traverse,2011,136000,134000,111.5,,,132000,131200,33.4,19300,18800,33.9,,,,,,,,,,,
27155,Traverse,2012,141000,138000,181.9,,,142000,141100,48.2,16400,15900,55.6,,,,,,,,,,,
27155,Traverse,2013,153000,151100,145.8,,,135000,133800,37.3,10900,10300,52.2,,,,,,,,,,,
27155,Traverse,2014,133000,131000,146.3,,,152500,151600,38.7,11900,11500,48.7,,,,,,,,,,,
27155,Traverse,2015,133000,130400,175.9,,,155500,154900,45.6,15700,15300,60.8,,,,,,,,,,,
27155,Traverse,2016,142000,138700,194.7,,,142000,141200,50.3,13600,13200,63.3,,,,,,,,,,,
27155,Traverse,2017,141500,132000,185.2,,,153000,152100,46,9900,9620,62.9,,,,,,,,,,,
27155,Traverse,2018,133000,120500,197.4,,,149000,147500,51.9,14500,14200,56.3,,,,,,,,,,,
27155,Traverse,2019,143500,134000,148.8,,,121500,120600,38.8,10000,9530,47.3,,,,,,,,,,,
27155,Traverse,2020,139500,129600,176,,,142500,140600,44.3,,,,.7,2.9,.3,,,.4,.2,2.2,,,
27155,Traverse,2021,151500,146200,179.5,3390,20,137000,135800,46.6,6800,6530,52.5,.6,1.9,.1,.5,11.6,.7,.1,2.4,1.3,0,9.4
27155,Traverse,2022,126500,118100,166.3,6810,21.5,129000,128000,42.2,,,,.5,2.8,.2,.5,2.1,.4,.2,2.5,,,
27155,Traverse,2023,161500,157900,187.5,3540,21.5,126000,124800,42.4,7500,7280,45.7,.1,1.8,.1,2.9,3.9,.7,.2,3.5,.6,0,9.800000000000001
27157,Wabasha,2011,95100,87700,180.2,7350,23.5,37400,37200,49.8,,,,,,,,,,,,,,
27157,Wabasha,2012,102000,90000,187.4,11800,22.5,34300,34200,54.6,,,,,,,,,,,,,,
27157,Wabasha,2013,87000,79400,174.1,7400,21.5,32800,32000,47.7,,,,,,,,,,,,,,
27157,Wabasha,2014,99700,88000,178.3,9300,24.5,37100,36900,51.5,,,,,,,,,,,,,,
27157,Wabasha,2015,92500,77100,188.5,,,,,,,,,,,,,,,,,,,
27157,Wabasha,2016,94600,87100,193.5,,,37000,36600,61.1,,,,,,,,,,,,,,
27157,Wabasha,2017,92100,78700,210,,,42100,41800,54.4,,,,,,,,,,,,,,
27157,Wabasha,2018,94400,73200,198,,,43700,43300,57.3,,,,,,,,,,,,,,
27157,Wabasha,2019,96000,79900,186.2,,,,,,,,,,,,,,,,,,,
27157,Wabasha,2020,94000,79900,205.4,13300,27,43700,43300,58.8,,,,.8,1.8,.4,.7,2.1,.6,.3,2.3,,,
27157,Wabasha,2021,96600,86400,206.5,9030,25,42100,41700,62.5,,,,.8,1.3,.5,.8,4.2,1,.6,2.8,,,
27157,Wabasha,2022,96000,85900,203.4,9870,26,,,,,,,.6,1.8,.2,.6,3.5,,,,,,
27159,Wadena,2011,23300,19900,125.4,,,7900,7900,43.2,2300,2270,38.2,,,,,,,,,,,
27159,Wadena,2012,23700,19400,129.8,,,7500,7400,35.9,1100,1070,51.3,,,,,,,,,,,
27159,Wadena,2013,25500,20600,111.1,4500,10,7700,7400,33.8,,,,,,,,,,,,,,
27159,Wadena,2014,22100,17100,126,,,,,,,,,,,,,,,,,,,
27159,Wadena,2015,22600,17800,136.2,,,,,,,,,,,,,,,,,,,
27159,Wadena,2016,20600,17500,148.3,,,,,,,,,,,,,,,,,,,
27159,Wadena,2017,19800,17200,164.1,,,,,,,,,,,,,,,,,,,
27159,Wadena,2018,19000,15300,162.1,3550,16.5,,,,,,,,,,,,,,,,,
27159,Wadena,2019,21300,17000,173.2,4010,13,9600,9400,42.7,,,,,,,,,,,,,,
27159,Wadena,2020,19500,16800,164.3,2530,17,11100,11000,47.8,,,,.8,6.5,.5,.8,6.8,1,1,6,,,
27159,Wadena,2021,22300,12100,139.9,9970,7.5,11800,11000,35.9,1300,1240,15.6,.8,12.3,.6,.7,12,1.1,.9,11.4,1.1,.1,13.8
27159,Wadena,2022,21800,17700,159,,,11700,11600,44.2,900,860,38.3,.5,4.7,.3,,,.5,.4,5.9,.6,.5,16
27159,Wadena,2023,22200,15900,152.4,,,12500,12400,38.5,,,,.4,7.8,.2,,,.9,.7,9.199999999999999,,,
27161,Waseca,2011,123000,121000,175.9,,,83700,83400,45.8,,,,,,,,,,,,,,
27161,Waseca,2012,127000,123000,180.1,,,80400,79900,51.6,,,,,,,,,,,,,,
27161,Waseca,2013,109000,105800,171.6,,,69100,68300,48.4,,,,,,,,,,,,,,
27161,Waseca,2014,121000,113500,160.2,,,82000,79300,43.2,,,,,,,,,,,,,,
27161,Waseca,2015,112000,109400,199.2,1380,24,83300,82800,60.1,,,,,,,,,,,,,,
27161,Waseca,2016,119000,117600,204.6,,,79200,78600,61,,,,,,,,,,,,,,
27161,Waseca,2017,106500,104100,215,,,90000,89300,56.9,,,,,,,,,,,,,,
27161,Waseca,2018,117000,113600,197.3,2660,20.5,86800,85900,58.9,,,,,,,,,,,,,,
27161,Waseca,2019,115000,113200,183.8,,,83500,82800,52.4,,,,,,,,,,,,,,
27161,Waseca,2020,116500,114300,204.4,,,87300,86600,64.40000000000001,,,,1,2,.8,,,.6,.4,1.4,,,
27161,Waseca,2021,110000,108000,212.4,,,92900,92100,67.40000000000001,,,,.6,1.3,.3,,,.8,.2,1.1,,,
27161,Waseca,2022,113000,111800,215.1,,,90600,89800,60.5,,,,.6,1.3,.2,,,.4,.2,2.2,,,
27161,Waseca,2023,111500,111200,201.6,150,23.5,92900,92000,60.7,,,,.1,3.2,.2,8.6,8.5,.7,.2,1.5,,,
27163,Washington,2011,21500,21000,176.7,500,20,13700,13600,43.7,,,,,,,,,,,,,,
27163,Washington,2012,21600,21300,164.8,,,13600,13500,36.4,,,,,,,,,,,,,,
27163,Washington,2013,23100,22500,129,480,8.5,12500,12400,26.2,,,,,,,,,,,,,,
27163,Washington,2014,21400,20600,155.7,340,25,12400,12300,42.6,,,,,,,,,,,,,,
27163,Washington,2015,18700,17900,192.6,620,18,14000,13900,53.6,,,,,,,,,,,,,,
27163,Washington,2016,19600,18600,189.2,,,14000,13900,58.7,,,,,,,,,,,,,,
27163,Washington,2017,16200,15400,176.5,,,14700,14600,47.7,,,,,,,,,,,,,,
27163,Washington,2018,18200,17200,206.9,,,14200,14100,49.4,,,,,,,,,,,,,,
27163,Washington,2019,18000,17400,200.4,460,23.5,12300,12100,51,,,,,,,,,,,,,,
27163,Washington,2020,16900,16300,195.7,460,24.5,13400,13300,51.8,,,,.9,3.7,.5,2.6,7.8,.9,.7,2.7,,,
27163,Washington,2021,17700,16900,153,570,15.5,13500,13400,51.1,,,,1.1,2.9,.9,1,14.7,1,.6,2.1,,,
27163,Washington,2022,16800,16000,171.8,430,19.5,12600,12500,45.5,,,,.6,2.1,.2,.6,11.4,.4,.3,3.7,,,
27163,Washington,2023,15400,14700,194.6,660,17,13300,13200,51.4,,,,.5,3.1,.3,1.6,11.8,.8,.6,3.3,,,
27165,Watonwan,2011,136500,135600,177.4,780,21,99400,97400,45,,,,,,,,,,,,,,
27165,Watonwan,2012,140000,138000,174.2,580,20,94800,94200,48.9,,,,,,,,,,,,,,
27165,Watonwan,2013,139500,138000,189.9,630,15.5,92700,91800,53.5,,,,,,,,,,,,,,
27165,Watonwan,2014,140000,135900,186.3,,,95800,95200,52.3,,,,,,,,,,,,,,
27165,Watonwan,2015,128500,126200,206.1,,,103500,102900,59,,,,,,,,,,,,,,
27165,Watonwan,2016,134500,131100,187.4,,,98200,97200,58.5,,,,,,,,,,,,,,
27165,Watonwan,2017,122500,120700,218.9,,,106500,105600,60.9,,,,,,,,,,,,,,
27165,Watonwan,2018,125500,123600,150.2,,,101500,99600,52.5,,,,,,,,,,,,,,
27165,Watonwan,2019,124000,121400,172.2,,,96400,95600,48.1,,,,,,,,,,,,,,
27165,Watonwan,2020,131500,129500,208.1,,,97700,96800,61.8,200,190,42.6,1.1,1.6,.9,,,.5,.3,2.5,1.4,.7,2.1
27165,Watonwan,2021,123500,121100,209,,,105000,104100,62.7,,,,.6,1.3,.2,,,.8,.1,1.4,,,
27165,Watonwan,2022,130500,128900,212.5,,,98400,97700,60.7,300,290,45.2,.7,2,.2,,,.4,.2,2.9,1.2,.9,6.9
27165,Watonwan,2023,125500,124900,209.3,,,104000,103000,56.4,300,290,43.1,.1,1,.2,,,.7,.2,3.5,.7,.3,11.2
27167,Wilkin,2011,90700,89800,120.7,,,154500,152400,31,99500,96700,40.8,,,,,,,,,,,
27167,Wilkin,2012,106000,105000,166.2,,,160000,159000,41.7,84200,81700,60.7,,,,,,,,,,,
27167,Wilkin,2013,121000,119300,133.9,,,153000,151600,32.2,74000,70600,51.2,,,,,,,,,,,
27167,Wilkin,2014,95500,94300,136.2,,,177500,176300,37,67000,65500,51.6,,,,,,,,,,,
27167,Wilkin,2015,102500,100200,168.4,,,164500,163800,40.2,78900,72700,63.3,,,,,,,,,,,
27167,Wilkin,2016,120000,117300,183.9,,,165500,164500,44.1,66500,64000,65.2,,,,,,,,,,,
27167,Wilkin,2017,124500,123000,182.3,,,175500,174300,39.3,60100,58600,62.4,,,,,,,,,,,
27167,Wilkin,2018,,,,290,25,166000,164400,46,73700,72000,53.9,,,,,,,,,,,
27167,Wilkin,2019,,,,,,,,,62700,60800,48.6,,,,,,,,,,,
27167,Wilkin,2020,113500,109900,155.3,2570,17,158500,157100,37.1,67400,64000,56.9,.8,3.4,.3,.9,4.3,.5,.3,4.8,1.3,.1,3.5
27167,Wilkin,2021,136500,134200,150.3,,,159500,158100,35.8,57500,55200,56.9,.6,6.7,.1,,,.7,.1,4.4,1.4,.1,5.8
27167,Wilkin,2022,122000,118100,156.5,3560,23,154500,153300,37.2,59600,57500,53.7,.6,3,.2,.7,2.1,.4,.2,3.6,5.5,5.5,3.7
27167,Wilkin,2023,140500,132300,142.5,,,147500,146200,34.7,64200,62300,44.4,.1,3.1,.1,,,.6,.2,3.7,.5,.1,5.2
27169,Winona,2011,86900,75000,178.3,11900,22,27700,27500,49.5,,,,,,,,,,,,,,
27169,Winona,2012,90800,75000,177.5,15600,21,26500,26400,53.1,,,,,,,,,,,,,,
27169,Winona,2013,78000,65600,173.6,,,25600,25400,48.3,,,,,,,,,,,,,,
27169,Winona,2014,85500,74500,175.6,10800,23.5,25900,25600,53.3,,,,,,,,,,,,,,
27169,Winona,2015,80000,61100,186.5,17700,25.5,31200,30900,55.9,,,,,,,,,,,,,,
27169,Winona,2016,83400,68700,199.3,,,29900,29700,59.8,,,,,,,,,,,,,,
27169,Winona,2017,82600,65800,195.5,14800,24.5,33200,32900,52.8,,,,,,,,,,,,,,
27169,Winona,2018,83700,73300,200.9,,,,,,,,,,,,,,,,,,,
27169,Winona,2019,86900,70700,186.3,14900,22,29700,29400,53.2,,,,,,,,,,,,,,
27169,Winona,2020,82900,65000,197.1,17200,27,32300,32000,57.4,,,,.8,1.5,.4,.8,3.6,1.1,1,4.6,,,
27169,Winona,2021,79500,63900,204,14700,26,37700,37400,62.4,,,,1.2,1.3,1.1,1.3,3.3,1.1,1,2,,,
27169,Winona,2022,82000,65400,205.6,16100,25,36100,35800,62.2,400,320,40,.7,3,.3,.7,5.9,.4,.3,2.9,2,1.5,11
27169,Winona,2023,82700,62500,197.8,15800,24.5,36400,36100,51.4,400,390,51.8,.4,3,.1,.6,3.8,.8,.5,3.8,.6,.3,10.1
27171,Wright,2011,76900,72900,146.3,,,75000,74100,35.2,3100,2860,28.3,,,,,,,,,,,
27171,Wright,2012,84000,80900,167.1,,,71500,71100,45.9,2400,2320,50.4,,,,,,,,,,,
27171,Wright,2013,85500,82300,129.7,,,67100,66400,36.1,1400,1190,37.7,,,,,,,,,,,
27171,Wright,2014,63600,56900,129.4,,,57500,57100,34.7,1200,1090,44.3,,,,,,,,,,,
27171,Wright,2015,82000,73600,183.5,,,69500,69100,55.6,2600,2260,57.5,,,,,,,,,,,
27171,Wright,2016,79900,73900,183.1,,,73600,72800,54.3,2100,2010,51.7,,,,,,,,,,,
27171,Wright,2017,75800,70300,182.6,,,78000,77400,49.3,900,880,54,,,,,,,,,,,
27171,Wright,2018,,,,,,,,,2200,2070,43,,,,,,,,,,,
27171,Wright,2019,,,,,,,,,1800,1720,37.1,,,,,,,,,,,
27171,Wright,2020,77700,72300,202.1,,,73800,73200,54.7,,,,.8,3,.4,,,.5,.3,3.6,,,
27171,Wright,2021,80400,76000,144.1,,,71600,71100,46.1,1200,1110,46.1,.6,3.7,.2,,,.6,.2,3.5,1.1,.1,13.4
27171,Wright,2022,75600,70700,188.9,,,73300,72700,51.7,2100,2020,38.1,.6,3.9,.2,,,.4,.2,2.9,.6,.4,4
27171,Wright,2023,78900,77600,180.6,1260,20.5,70900,70300,54.9,,,,.1,4.6,.1,4,7.1,.5,.2,4.7,,,
27173,Yellow Medicine,2011,199000,196000,155.2,,,161500,158400,39.8,6000,5850,37.4,,,,,,,,,,,
27173,Yellow Medicine,2012,206000,200000,146.5,,,161000,160100,41.4,4100,3990,52.1,,,,,,,,,,,
27173,Yellow Medicine,2013,210500,207000,171.7,,,157000,155400,48.8,4100,4050,57,,,,,,,,,,,
27173,Yellow Medicine,2014,199000,187800,153.6,,,177000,173900,44.4,4400,4280,57,,,,,,,,,,,
27173,Yellow Medicine,2015,193000,181100,187.3,,,176500,175800,53.1,4700,4210,65.09999999999999,,,,,,,,,,,
27173,Yellow Medicine,2016,199000,194200,200,,,168000,167000,55.8,3900,3700,64.09999999999999,,,,,,,,,,,
27173,Yellow Medicine,2017,193000,187000,192,,,173500,172300,52.7,3400,3300,72.40000000000001,,,,,,,,,,,
27173,Yellow Medicine,2018,194500,191600,187.5,,,168500,166900,53,,,,,,,,,,,,,,
27173,Yellow Medicine,2019,163000,156700,174,,,129000,127600,44.1,,,,,,,,,,,,,,
27173,Yellow Medicine,2020,204500,199900,178,,,162000,160600,49.4,2300,2160,41.3,.8,2.2,.5,,,.5,.3,1.9,1.8,.1,5.3
27173,Yellow Medicine,2021,,,,,,,,,1600,1530,53.2,,,,,,,,,1.2,0,4.8
27173,Yellow Medicine,2022,189500,180900,191,,,171000,169600,49.7,,,,.6,2,.2,,,.4,.2,2.8,,,
27173,Yellow Medicine,2023,200500,199900,179.1,,,164500,162900,49.1,,,,.1,2.7,.1,,,.8,.4,4,,,
