county_fips,county_code,county_name,year,temp_avg,precip_total
27001,MN-001,Aitkin County,2011,40.574999999999996,372.87
27001,MN-001,Aitkin County,2012,44.36666666666667,389.07
27001,MN-001,Aitkin County,2013,39.925,359.58
27001,MN-001,Aitkin County,2014,36.516666666666666,375.75
27001,MN-001,Aitkin County,2015,40.166666666666664,337.32
27001,MN-001,Aitkin County,2016,43.6,406.62
27001,MN-001,Aitkin County,2017,42.65833333333333,411.01
27001,MN-001,Aitkin County,2018,39.25,373.33
27001,MN-001,Aitkin County,2019,38.4,404.66
27001,MN-001,Aitkin County,2020,40.46666666666667,385.57
27001,MN-001,Aitkin County,2021,42.1,302.25
27001,MN-001,Aitkin County,2022,39.916666666666664,348.03
27001,MN-001,Aitkin County,2023,40.949999999999996,336.5
27003,MN-003,Anoka County,2011,44.208333333333336,442.84
27003,MN-003,Anoka County,2012,48.574999999999996,369.84
27003,MN-003,Anoka County,2013,44.28333333333333,353.77
27003,MN-003,Anoka County,2014,40.675000000000004,402.88
27003,MN-003,Anoka County,2015,44.01666666666667,377.9
27003,MN-003,Anoka County,2016,47.833333333333336,443.37
27003,MN-003,Anoka County,2017,47.13333333333333,428.3
27003,MN-003,Anoka County,2018,43.63333333333333,347.14
27003,MN-003,Anoka County,2019,42.791666666666664,412.92
27003,MN-003,Anoka County,2020,44.50833333333333,377.54
27003,MN-003,Anoka County,2021,45.833333333333336,265.94
27003,MN-003,Anoka County,2022,44.525,281.13
27003,MN-003,Anoka County,2023,45.199999999999996,316.81
27005,MN-005,Becker County,2011,39.75,343.55
27005,MN-005,Becker County,2012,44.39166666666667,259.26
27005,MN-005,Becker County,2013,39.81666666666667,304.90999999999997
27005,MN-005,Becker County,2014,36.875,325.35
27005,MN-005,Becker County,2015,40.56666666666667,280.64
27005,MN-005,Becker County,2016,44.05833333333334,322.24
27005,MN-005,Becker County,2017,42.675000000000004,312.4
27005,MN-005,Becker County,2018,39.03333333333333,275.46999999999997
27005,MN-005,Becker County,2019,37.625,322.71
27005,MN-005,Becker County,2020,39.425000000000004,334.97
27005,MN-005,Becker County,2021,41.975,230.32
27005,MN-005,Becker County,2022,39.74166666666667,288.38
27005,MN-005,Becker County,2023,40.15,253.41
27007,MN-007,Beltrami County,2011,39.0,313.03
27007,MN-007,Beltrami County,2012,42.791666666666664,249.42
27007,MN-007,Beltrami County,2013,38.208333333333336,271.03
27007,MN-007,Beltrami County,2014,35.025,303.61
27007,MN-007,Beltrami County,2015,39.03333333333333,278.04
27007,MN-007,Beltrami County,2016,42.699999999999996,292.97
27007,MN-007,Beltrami County,2017,41.699999999999996,261.07
27007,MN-007,Beltrami County,2018,38.208333333333336,238.93
27007,MN-007,Beltrami County,2019,36.699999999999996,309.64
27007,MN-007,Beltrami County,2020,38.475,323.88
27007,MN-007,Beltrami County,2021,40.975,241.4
27007,MN-007,Beltrami County,2022,38.641666666666666,299.69
27007,MN-007,Beltrami County,2023,39.44166666666667,249.85
27009,MN-009,Benton County,2011,42.625,442.34
27009,MN-009,Benton County,2012,47.13333333333333,345.81
27009,MN-009,Benton County,2013,42.55833333333333,323.28
27009,MN-009,Benton County,2014,39.4,404.05
27009,MN-009,Benton County,2015,42.800000000000004,376.42
27009,MN-009,Benton County,2016,46.03333333333333,400.97
27009,MN-009,Benton County,2017,45.324999999999996,405.18
27009,MN-009,Benton County,2018,42.074999999999996,351.89
27009,MN-009,Benton County,2019,40.891666666666666,413.92
27009,MN-009,Benton County,2020,42.90833333333333,389.89
27009,MN-009,Benton County,2021,44.458333333333336,299.2
27009,MN-009,Benton County,2022,43.025,339.76
27009,MN-009,Benton County,2023,43.64166666666667,338.86
27011,MN-011,Big Stone County,2011,42.266666666666666,362.75
27011,MN-011,Big Stone County,2012,47.574999999999996,248.19
27011,MN-011,Big Stone County,2013,42.56666666666667,268.62
27011,MN-011,Big Stone County,2014,40.80833333333333,312.88
27011,MN-011,Big Stone County,2015,44.01666666666667,281.39
27011,MN-011,Big Stone County,2016,47.34166666666667,284.04
27011,MN-011,Big Stone County,2017,46.25833333333333,321.77
27011,MN-011,Big Stone County,2018,43.541666666666664,297.2
27011,MN-011,Big Stone County,2019,41.6,350.22
27011,MN-011,Big Stone County,2020,43.75,302.83
27011,MN-011,Big Stone County,2021,46.05833333333334,271.9
27011,MN-011,Big Stone County,2022,44.11666666666667,329.97
27011,MN-011,Big Stone County,2023,43.525,245.11
27013,MN-013,Blue Earth County,2011,44.71666666666667,452.64
27013,MN-013,Blue Earth County,2012,49.583333333333336,309.06
27013,MN-013,Blue Earth County,2013,45.51666666666667,348.08
27013,MN-013,Blue Earth County,2014,42.43333333333334,368.22
27013,MN-013,Blue Earth County,2015,45.083333333333336,365.15
27013,MN-013,Blue Earth County,2016,48.40833333333333,505.7
27013,MN-013,Blue Earth County,2017,48.166666666666664,479.03
27013,MN-013,Blue Earth County,2018,44.63333333333333,425.94
27013,MN-013,Blue Earth County,2019,43.449999999999996,520.14
27013,MN-013,Blue Earth County,2020,45.30833333333334,459.43
27013,MN-013,Blue Earth County,2021,46.84166666666667,319.77
27013,MN-013,Blue Earth County,2022,45.75,320.12
27013,MN-013,Blue Earth County,2023,45.63333333333333,328.42
27015,MN-015,Brown County,2011,44.199999999999996,409.91
27015,MN-015,Brown County,2012,49.333333333333336,289.4
27015,MN-015,Brown County,2013,45.00833333333333,293.0
27015,MN-015,Brown County,2014,42.325,327.54
27015,MN-015,Brown County,2015,45.041666666666664,319.26
27015,MN-015,Brown County,2016,48.30833333333334,444.65999999999997
27015,MN-015,Brown County,2017,48.074999999999996,446.69
27015,MN-015,Brown County,2018,44.449999999999996,440.4
27015,MN-015,Brown County,2019,43.1,502.28
27015,MN-015,Brown County,2020,45.53333333333333,408.82
27015,MN-015,Brown County,2021,47.30833333333334,287.4
27015,MN-015,Brown County,2022,46.24166666666667,290.7
27015,MN-015,Brown County,2023,45.50833333333333,311.77
27017,MN-017,Carlton County,2011,40.13333333333333,392.21
27017,MN-017,Carlton County,2012,43.81666666666666,400.87
27017,MN-017,Carlton County,2013,39.65,379.71
27017,MN-017,Carlton County,2014,35.766666666666666,392.23
27017,MN-017,Carlton County,2015,39.233333333333334,337.7
27017,MN-017,Carlton County,2016,42.75,424.57
27017,MN-017,Carlton County,2017,42.074999999999996,421.04
27017,MN-017,Carlton County,2018,38.525,391.66999999999996
27017,MN-017,Carlton County,2019,37.68333333333333,419.92
27017,MN-017,Carlton County,2020,39.68333333333333,387.69
27017,MN-017,Carlton County,2021,41.125,306.49
27017,MN-017,Carlton County,2022,39.00833333333333,343.66
27017,MN-017,Carlton County,2023,40.2,349.02
27019,MN-019,Carver County,2011,44.61666666666667,429.31
27019,MN-019,Carver County,2012,49.15833333333333,363.29
27019,MN-019,Carver County,2013,44.875,379.17
27019,MN-019,Carver County,2014,41.5,427.89
27019,MN-019,Carver County,2015,44.40833333333333,365.31
27019,MN-019,Carver County,2016,48.025,434.2
27019,MN-019,Carver County,2017,47.666666666666664,424.09000000000003
27019,MN-019,Carver County,2018,44.35,369.63
27019,MN-019,Carver County,2019,43.15833333333333,443.46000000000004
27019,MN-019,Carver County,2020,45.03333333333333,413.6
27019,MN-019,Carver County,2021,46.5,301.87
27019,MN-019,Carver County,2022,45.19166666666666,282.94
27019,MN-019,Carver County,2023,45.55833333333334,296.21
27021,MN-021,Cass County,2011,40.541666666666664,351.63
27021,MN-021,Cass County,2012,44.51666666666667,329.51
27021,MN-021,Cass County,2013,40.166666666666664,328.55
27021,MN-021,Cass County,2014,36.84166666666667,338.48
27021,MN-021,Cass County,2015,40.708333333333336,302.53
27021,MN-021,Cass County,2016,44.23333333333333,342.19
27021,MN-021,Cass County,2017,43.1,340.05
27021,MN-021,Cass County,2018,39.791666666666664,312.74
27021,MN-021,Cass County,2019,38.824999999999996,351.23
27021,MN-021,Cass County,2020,40.541666666666664,345.02
27021,MN-021,Cass County,2021,42.375,271.77
27021,MN-021,Cass County,2022,40.09166666666667,324.33
27021,MN-021,Cass County,2023,41.25,286.62
27023,MN-023,Chippewa County,2011,43.36666666666667,405.66
27023,MN-023,Chippewa County,2012,48.5,272.57
27023,MN-023,Chippewa County,2013,43.416666666666664,305.97
27023,MN-023,Chippewa County,2014,41.31666666666667,360.37
27023,MN-023,Chippewa County,2015,44.51666666666667,335.44
27023,MN-023,Chippewa County,2016,47.94166666666666,359.52
27023,MN-023,Chippewa County,2017,46.949999999999996,394.71
27023,MN-023,Chippewa County,2018,44.050000000000004,376.98
27023,MN-023,Chippewa County,2019,42.25833333333333,439.01
27023,MN-023,Chippewa County,2020,44.333333333333336,335.58
27023,MN-023,Chippewa County,2021,46.475,291.72
27023,MN-023,Chippewa County,2022,44.75833333333333,326.99
27023,MN-023,Chippewa County,2023,44.05833333333334,279.13
27025,MN-025,Chisago County,2011,43.4,425.28000000000003
27025,MN-025,Chisago County,2012,47.85,342.49
27025,MN-025,Chisago County,2013,43.65,334.86
27025,MN-025,Chisago County,2014,40.03333333333333,408.41
27025,MN-025,Chisago County,2015,43.40833333333333,391.98
27025,MN-025,Chisago County,2016,47.30833333333334,440.83
27025,MN-025,Chisago County,2017,46.541666666666664,416.15999999999997
27025,MN-025,Chisago County,2018,42.916666666666664,355.92
27025,MN-025,Chisago County,2019,42.083333333333336,424.63
27025,MN-025,Chisago County,2020,43.76666666666667,396.93
27025,MN-025,Chisago County,2021,44.88333333333333,296.03
27025,MN-025,Chisago County,2022,43.550000000000004,306.36
27025,MN-025,Chisago County,2023,44.46666666666667,343.44
27027,MN-027,Clay County,2011,40.99166666666667,356.36
27027,MN-027,Clay County,2012,46.175000000000004,245.55
27027,MN-027,Clay County,2013,41.05,278.07
27027,MN-027,Clay County,2014,38.608333333333334,311.16
27027,MN-027,Clay County,2015,42.108333333333334,255.78
27027,MN-027,Clay County,2016,45.425000000000004,281.79
27027,MN-027,Clay County,2017,44.30833333333334,285.09
27027,MN-027,Clay County,2018,40.74166666666667,248.46
27027,MN-027,Clay County,2019,38.833333333333336,323.93
27027,MN-027,Clay County,2020,40.80833333333333,330.26
27027,MN-027,Clay County,2021,43.541666666666664,227.2
27027,MN-027,Clay County,2022,41.31666666666667,292.07
27027,MN-027,Clay County,2023,40.88333333333333,250.69
27029,MN-029,Clearwater County,2011,39.074999999999996,325.48
27029,MN-029,Clearwater County,2012,43.13333333333333,253.23
27029,MN-029,Clearwater County,2013,38.59166666666667,280.03
27029,MN-029,Clearwater County,2014,35.4,303.67
27029,MN-029,Clearwater County,2015,39.391666666666666,269.39
27029,MN-029,Clearwater County,2016,42.99166666666667,283.33
27029,MN-029,Clearwater County,2017,41.858333333333334,258.47
27029,MN-029,Clearwater County,2018,38.4,250.99
27029,MN-029,Clearwater County,2019,36.74166666666667,326.4
27029,MN-029,Clearwater County,2020,38.300000000000004,326.56
27029,MN-029,Clearwater County,2021,40.916666666666664,232.65
27029,MN-029,Clearwater County,2022,38.71666666666667,297.85
27029,MN-029,Clearwater County,2023,39.50833333333333,259.7
27031,MN-031,Cook County,2011,37.025,340.71
27031,MN-031,Cook County,2012,40.333333333333336,354.13
27031,MN-031,Cook County,2013,36.800000000000004,418.15
27031,MN-031,Cook County,2014,32.699999999999996,424.84
27031,MN-031,Cook County,2015,35.041666666666664,372.01
27031,MN-031,Cook County,2016,38.80833333333333,462.45
27031,MN-031,Cook County,2017,38.541666666666664,455.04
27031,MN-031,Cook County,2018,35.391666666666666,374.31
27031,MN-031,Cook County,2019,34.71666666666667,398.56
27031,MN-031,Cook County,2020,36.5,361.46
27031,MN-031,Cook County,2021,38.25833333333333,288.31
27031,MN-031,Cook County,2022,36.2,413.68
27031,MN-031,Cook County,2023,37.06666666666667,404.07
27033,MN-033,Cottonwood County,2011,43.925000000000004,431.61
27033,MN-033,Cottonwood County,2012,48.86666666666667,299.91
27033,MN-033,Cottonwood County,2013,44.53333333333333,300.63
27033,MN-033,Cottonwood County,2014,41.666666666666664,320.52
27033,MN-033,Cottonwood County,2015,44.43333333333334,334.40999999999997
27033,MN-033,Cottonwood County,2016,47.50833333333333,462.09000000000003
27033,MN-033,Cottonwood County,2017,47.15,429.7
27033,MN-033,Cottonwood County,2018,43.64166666666667,457.38
27033,MN-033,Cottonwood County,2019,42.6,523.97
27033,MN-033,Cottonwood County,2020,45.21666666666667,401.96
27033,MN-033,Cottonwood County,2021,47.0,287.3
27033,MN-033,Cottonwood County,2022,46.15,306.38
27033,MN-033,Cottonwood County,2023,45.38333333333333,305.5
27035,MN-035,Crow Wing County,2011,41.291666666666664,368.24
27035,MN-035,Crow Wing County,2012,45.39166666666667,373.84999999999997
27035,MN-035,Crow Wing County,2013,41.108333333333334,364.96
27035,MN-035,Crow Wing County,2014,37.983333333333334,383.17
27035,MN-035,Crow Wing County,2015,41.483333333333334,318.41
27035,MN-035,Crow Wing County,2016,44.75,377.81
27035,MN-035,Crow Wing County,2017,43.64166666666667,416.83
27035,MN-035,Crow Wing County,2018,40.425000000000004,358.8
27035,MN-035,Crow Wing County,2019,39.59166666666667,389.05
27035,MN-035,Crow Wing County,2020,41.74166666666667,380.28
27035,MN-035,Crow Wing County,2021,43.324999999999996,282.90999999999997
27035,MN-035,Crow Wing County,2022,41.391666666666666,344.46
27035,MN-035,Crow Wing County,2023,42.233333333333334,325.89
27037,MN-037,Dakota County,2011,45.05833333333334,454.52
27037,MN-037,Dakota County,2012,49.61666666666667,361.34
27037,MN-037,Dakota County,2013,45.300000000000004,366.86
27037,MN-037,Dakota County,2014,41.824999999999996,397.04
27037,MN-037,Dakota County,2015,44.791666666666664,372.46
27037,MN-037,Dakota County,2016,48.50833333333333,469.82
27037,MN-037,Dakota County,2017,48.23333333333333,454.92
27037,MN-037,Dakota County,2018,44.75833333333333,376.86
27037,MN-037,Dakota County,2019,43.69166666666666,454.32
27037,MN-037,Dakota County,2020,45.525,437.72
27037,MN-037,Dakota County,2021,47.03333333333333,309.96
27037,MN-037,Dakota County,2022,45.800000000000004,281.57
27037,MN-037,Dakota County,2023,46.300000000000004,303.78
27039,MN-039,Dodge County,2011,43.725,475.07
27039,MN-039,Dodge County,2012,48.05833333333334,346.53999999999996
27039,MN-039,Dodge County,2013,43.975,424.12
27039,MN-039,Dodge County,2014,40.65,430.64
27039,MN-039,Dodge County,2015,43.199999999999996,407.4
27039,MN-039,Dodge County,2016,47.083333333333336,511.81
27039,MN-039,Dodge County,2017,46.76666666666667,527.15
27039,MN-039,Dodge County,2018,43.49166666666667,420.32
27039,MN-039,Dodge County,2019,42.56666666666667,564.48
27039,MN-039,Dodge County,2020,44.23333333333333,511.03
27039,MN-039,Dodge County,2021,45.4,351.84
27039,MN-039,Dodge County,2022,44.574999999999996,369.8
27039,MN-039,Dodge County,2023,45.041666666666664,375.86
27041,MN-041,Douglas County,2011,40.916666666666664,409.61
27041,MN-041,Douglas County,2012,45.699999999999996,308.64
27041,MN-041,Douglas County,2013,41.016666666666666,290.34000000000003
27041,MN-041,Douglas County,2014,38.425000000000004,352.43
27041,MN-041,Douglas County,2015,41.725,327.58
27041,MN-041,Douglas County,2016,45.21666666666667,321.52
27041,MN-041,Douglas County,2017,44.25,348.83
27041,MN-041,Douglas County,2018,41.53333333333333,336.8
27041,MN-041,Douglas County,2019,39.88333333333333,345.39
27041,MN-041,Douglas County,2020,41.699999999999996,333.79
27041,MN-041,Douglas County,2021,43.75833333333333,275.01
27041,MN-041,Douglas County,2022,41.916666666666664,335.53000000000003
27041,MN-041,Douglas County,2023,42.208333333333336,250.81
27043,MN-043,Faribault County,2011,44.94166666666666,457.95
27043,MN-043,Faribault County,2012,49.55833333333334,306.84
27043,MN-043,Faribault County,2013,45.574999999999996,370.49
27043,MN-043,Faribault County,2014,42.43333333333334,388.77
27043,MN-043,Faribault County,2015,44.96666666666667,360.37
27043,MN-043,Faribault County,2016,48.30833333333334,465.04
27043,MN-043,Faribault County,2017,48.050000000000004,463.54
27043,MN-043,Faribault County,2018,44.541666666666664,434.39
27043,MN-043,Faribault County,2019,43.56666666666666,520.9
27043,MN-043,Faribault County,2020,45.458333333333336,450.3
27043,MN-043,Faribault County,2021,46.60833333333333,304.17
27043,MN-043,Faribault County,2022,45.699999999999996,319.25
27043,MN-043,Faribault County,2023,45.84166666666667,335.47
27045,MN-045,Fillmore County,2011,44.50833333333333,472.66
27045,MN-045,Fillmore County,2012,48.583333333333336,334.33
27045,MN-045,Fillmore County,2013,44.68333333333334,475.2
27045,MN-045,Fillmore County,2014,41.15833333333333,472.93
27045,MN-045,Fillmore County,2015,43.5,415.61
27045,MN-045,Fillmore County,2016,47.225,498.88
27045,MN-045,Fillmore County,2017,47.00833333333333,535.35
27045,MN-045,Fillmore County,2018,44.18333333333334,478.13
27045,MN-045,Fillmore County,2019,43.15,600.26
27045,MN-045,Fillmore County,2020,44.625,493.39
27045,MN-045,Fillmore County,2021,45.416666666666664,350.98
27045,MN-045,Fillmore County,2022,44.6,414.22
27045,MN-045,Fillmore County,2023,45.35833333333333,404.4
27047,MN-047,Freeborn County,2011,44.48333333333333,446.67
27047,MN-047,Freeborn County,2012,48.9,309.87
27047,MN-047,Freeborn County,2013,45.00833333333333,410.28
27047,MN-047,Freeborn County,2014,41.775,434.99
27047,MN-047,Freeborn County,2015,44.26666666666667,422.42
27047,MN-047,Freeborn County,2016,47.78333333333333,523.25
27047,MN-047,Freeborn County,2017,47.458333333333336,524.61
27047,MN-047,Freeborn County,2018,44.03333333333333,462.11
27047,MN-047,Freeborn County,2019,43.03333333333333,544.7
27047,MN-047,Freeborn County,2020,44.975,477.21
27047,MN-047,Freeborn County,2021,46.10833333333333,342.52
27047,MN-047,Freeborn County,2022,45.25,354.64
27047,MN-047,Freeborn County,2023,45.583333333333336,337.36
27049,MN-049,Goodhue County,2011,44.49166666666667,479.92
27049,MN-049,Goodhue County,2012,48.775,373.2
27049,MN-049,Goodhue County,2013,44.61666666666667,405.87
27049,MN-049,Goodhue County,2014,41.166666666666664,412.0
27049,MN-049,Goodhue County,2015,44.00833333333333,393.81
27049,MN-049,Goodhue County,2016,47.9,504.06
27049,MN-049,Goodhue County,2017,47.48333333333333,517.38
27049,MN-049,Goodhue County,2018,44.11666666666667,405.54
27049,MN-049,Goodhue County,2019,43.15,519.67
27049,MN-049,Goodhue County,2020,44.9,473.68
27049,MN-049,Goodhue County,2021,45.99166666666667,329.58
27049,MN-049,Goodhue County,2022,44.949999999999996,315.69
27049,MN-049,Goodhue County,2023,45.6,351.58
27051,MN-051,Grant County,2011,41.583333333333336,371.65
27051,MN-051,Grant County,2012,46.541666666666664,273.38
27051,MN-051,Grant County,2013,41.6,282.79
27051,MN-051,Grant County,2014,39.425000000000004,331.86
27051,MN-051,Grant County,2015,42.699999999999996,290.43
27051,MN-051,Grant County,2016,46.24166666666667,284.29
27051,MN-051,Grant County,2017,45.19166666666666,316.67
27051,MN-051,Grant County,2018,42.36666666666667,306.19
27051,MN-051,Grant County,2019,40.666666666666664,341.42
27051,MN-051,Grant County,2020,42.71666666666667,330.14
27051,MN-051,Grant County,2021,44.85,263.59
27051,MN-051,Grant County,2022,42.80833333333334,313.03999999999996
27051,MN-051,Grant County,2023,42.583333333333336,240.59
27053,MN-053,Hennepin County,2011,44.80833333333334,433.73
27053,MN-053,Hennepin County,2012,49.19166666666666,359.75
27053,MN-053,Hennepin County,2013,44.89166666666667,363.45
27053,MN-053,Hennepin County,2014,41.391666666666666,416.18
27053,MN-053,Hennepin County,2015,44.458333333333336,362.28
27053,MN-053,Hennepin County,2016,48.208333333333336,448.27
27053,MN-053,Hennepin County,2017,47.63333333333333,442.14
27053,MN-053,Hennepin County,2018,44.38333333333333,363.9
27053,MN-053,Hennepin County,2019,43.25833333333333,436.88
27053,MN-053,Hennepin County,2020,45.166666666666664,413.59999999999997
27053,MN-053,Hennepin County,2021,46.55833333333334,288.5
27053,MN-053,Hennepin County,2022,45.30833333333334,283.07
27053,MN-053,Hennepin County,2023,45.89166666666667,303.9
27055,MN-055,Houston County,2011,45.708333333333336,498.03
27055,MN-055,Houston County,2012,49.56666666666666,370.68
27055,MN-055,Houston County,2013,45.916666666666664,481.4
27055,MN-055,Houston County,2014,42.449999999999996,480.19
27055,MN-055,Houston County,2015,45.025,417.43
27055,MN-055,Houston County,2016,48.76666666666667,500.96
27055,MN-055,Houston County,2017,48.69166666666666,555.27
27055,MN-055,Houston County,2018,46.0,499.78
27055,MN-055,Houston County,2019,44.833333333333336,607.19
27055,MN-055,Houston County,2020,46.35,498.94
27055,MN-055,Houston County,2021,47.00833333333333,379.5
27055,MN-055,Houston County,2022,46.09166666666667,407.37
27055,MN-055,Houston County,2023,46.84166666666667,394.77
27057,MN-057,Hubbard County,2011,39.925000000000004,334.18
27057,MN-057,Hubbard County,2012,44.05833333333334,273.46999999999997
27057,MN-057,Hubbard County,2013,39.56666666666667,296.85
27057,MN-057,Hubbard County,2014,36.24166666666667,316.05
27057,MN-057,Hubbard County,2015,40.34166666666667,287.89
27057,MN-057,Hubbard County,2016,43.93333333333334,323.53
27057,MN-057,Hubbard County,2017,42.68333333333334,295.38
27057,MN-057,Hubbard County,2018,39.25833333333333,275.46
27057,MN-057,Hubbard County,2019,38.00833333333333,341.24
27057,MN-057,Hubbard County,2020,39.63333333333333,345.07
27057,MN-057,Hubbard County,2021,41.85,251.27
27057,MN-057,Hubbard County,2022,39.583333333333336,304.53
27057,MN-057,Hubbard County,2023,40.675000000000004,254.55
27059,MN-059,Isanti County,2011,43.025,454.48
27059,MN-059,Isanti County,2012,47.449999999999996,361.67
27059,MN-059,Isanti County,2013,43.26666666666667,337.96
27059,MN-059,Isanti County,2014,39.775,410.73
27059,MN-059,Isanti County,2015,43.34166666666667,378.55
27059,MN-059,Isanti County,2016,47.041666666666664,425.1
27059,MN-059,Isanti County,2017,46.28333333333333,439.31
27059,MN-059,Isanti County,2018,42.791666666666664,375.62
27059,MN-059,Isanti County,2019,41.916666666666664,424.89
27059,MN-059,Isanti County,2020,43.625,374.0
27059,MN-059,Isanti County,2021,44.85833333333333,281.7
27059,MN-059,Isanti County,2022,43.43333333333334,293.29
27059,MN-059,Isanti County,2023,44.30833333333334,319.27
27061,MN-061,Itasca County,2011,39.40833333333333,352.23
27061,MN-061,Itasca County,2012,43.025,331.75
27061,MN-061,Itasca County,2013,38.78333333333333,317.69
27061,MN-061,Itasca County,2014,35.38333333333333,327.26
27061,MN-061,Itasca County,2015,39.074999999999996,301.0
27061,MN-061,Itasca County,2016,42.38333333333333,359.87
27061,MN-061,Itasca County,2017,41.4,356.01
27061,MN-061,Itasca County,2018,38.19166666666667,315.99
27061,MN-061,Itasca County,2019,37.15,336.12
27061,MN-061,Itasca County,2020,39.00833333333333,327.54
27061,MN-061,Itasca County,2021,40.891666666666666,274.95
27061,MN-061,Itasca County,2022,38.583333333333336,322.19
27061,MN-061,Itasca County,2023,39.833333333333336,290.35
27063,MN-063,Jackson County,2011,44.19166666666666,429.72
27063,MN-063,Jackson County,2012,48.916666666666664,319.84
27063,MN-063,Jackson County,2013,44.975,299.68
27063,MN-063,Jackson County,2014,41.958333333333336,301.75
27063,MN-063,Jackson County,2015,44.583333333333336,319.0
27063,MN-063,Jackson County,2016,47.46666666666667,453.45
27063,MN-063,Jackson County,2017,47.333333333333336,423.74
27063,MN-063,Jackson County,2018,43.88333333333333,477.17
27063,MN-063,Jackson County,2019,42.85833333333333,546.29
27063,MN-063,Jackson County,2020,45.125,398.77
27063,MN-063,Jackson County,2021,46.75,281.0
27063,MN-063,Jackson County,2022,46.275,322.94
27063,MN-063,Jackson County,2023,45.550000000000004,320.89
27065,MN-065,Kanabec County,2011,41.949999999999996,455.72
27065,MN-065,Kanabec County,2012,46.166666666666664,373.49
27065,MN-065,Kanabec County,2013,41.85,348.96
27065,MN-065,Kanabec County,2014,38.43333333333333,444.21
27065,MN-065,Kanabec County,2015,42.09166666666667,404.77
27065,MN-065,Kanabec County,2016,45.75,441.91
27065,MN-065,Kanabec County,2017,44.81666666666666,450.11
27065,MN-065,Kanabec County,2018,41.36666666666667,399.32
27065,MN-065,Kanabec County,2019,40.6,429.25
27065,MN-065,Kanabec County,2020,42.516666666666666,412.57
27065,MN-065,Kanabec County,2021,43.63333333333333,309.75
27065,MN-065,Kanabec County,2022,41.93333333333333,334.81
27065,MN-065,Kanabec County,2023,43.041666666666664,344.45
27067,MN-067,Kandiyohi County,2011,42.824999999999996,424.63
27067,MN-067,Kandiyohi County,2012,47.791666666666664,294.53
27067,MN-067,Kandiyohi County,2013,42.74166666666667,304.19
27067,MN-067,Kandiyohi County,2014,40.18333333333333,358.65
27067,MN-067,Kandiyohi County,2015,43.416666666666664,327.57
27067,MN-067,Kandiyohi County,2016,46.949999999999996,363.84
27067,MN-067,Kandiyohi County,2017,46.125,386.91
27067,MN-067,Kandiyohi County,2018,43.050000000000004,375.22
27067,MN-067,Kandiyohi County,2019,41.40833333333333,425.58
27067,MN-067,Kandiyohi County,2020,43.51666666666667,341.53
27067,MN-067,Kandiyohi County,2021,45.35833333333333,262.95
27067,MN-067,Kandiyohi County,2022,43.73333333333333,303.14
27067,MN-067,Kandiyohi County,2023,43.51666666666667,267.62
27069,MN-069,Kittson County,2011,38.675000000000004,292.67
27069,MN-069,Kittson County,2012,42.75833333333333,199.79
27069,MN-069,Kittson County,2013,37.975,240.94
27069,MN-069,Kittson County,2014,35.225,265.18
27069,MN-069,Kittson County,2015,39.375,264.42
27069,MN-069,Kittson County,2016,43.1,319.2
27069,MN-069,Kittson County,2017,42.2,267.77
27069,MN-069,Kittson County,2018,39.625,193.93
27069,MN-069,Kittson County,2019,37.391666666666666,242.27
27069,MN-069,Kittson County,2020,39.425000000000004,296.18
27069,MN-069,Kittson County,2021,41.858333333333334,197.97
27069,MN-069,Kittson County,2022,39.05833333333333,275.26
27069,MN-069,Kittson County,2023,39.108333333333334,212.34
27071,MN-071,Koochiching County,2011,38.5,334.9
27071,MN-071,Koochiching County,2012,42.416666666666664,272.27
27071,MN-071,Koochiching County,2013,37.65,314.27
27071,MN-071,Koochiching County,2014,34.275,353.83
27071,MN-071,Koochiching County,2015,38.13333333333333,326.03
27071,MN-071,Koochiching County,2016,41.775,361.53
27071,MN-071,Koochiching County,2017,40.61666666666667,316.89
27071,MN-071,Koochiching County,2018,37.18333333333333,279.34000000000003
27071,MN-071,Koochiching County,2019,36.15833333333333,333.61
27071,MN-071,Koochiching County,2020,38.03333333333333,334.14
27071,MN-071,Koochiching County,2021,40.53333333333333,245.96
27071,MN-071,Koochiching County,2022,38.25,355.34999999999997
27071,MN-071,Koochiching County,2023,39.00833333333333,299.68
27073,MN-073,Lac qui Parle County,2011,43.26666666666667,380.65
27073,MN-073,Lac qui Parle County,2012,48.583333333333336,252.87
27073,MN-073,Lac qui Parle County,2013,43.425000000000004,270.61
27073,MN-073,Lac qui Parle County,2014,41.458333333333336,328.04
27073,MN-073,Lac qui Parle County,2015,44.541666666666664,312.33
27073,MN-073,Lac qui Parle County,2016,47.975,332.34
27073,MN-073,Lac qui Parle County,2017,46.85833333333333,374.74
27073,MN-073,Lac qui Parle County,2018,44.074999999999996,340.31
27073,MN-073,Lac qui Parle County,2019,42.108333333333334,399.28000000000003
27073,MN-073,Lac qui Parle County,2020,44.199999999999996,314.79
27073,MN-073,Lac qui Parle County,2021,46.416666666666664,278.71
27073,MN-073,Lac qui Parle County,2022,44.69166666666666,327.3
27073,MN-073,Lac qui Parle County,2023,44.15833333333333,269.25
27075,MN-075,Lake County,2011,37.75,334.31
27075,MN-075,Lake County,2012,41.083333333333336,340.21000000000004
27075,MN-075,Lake County,2013,37.166666666666664,396.58
27075,MN-075,Lake County,2014,33.391666666666666,399.08
27075,MN-075,Lake County,2015,36.38333333333333,335.15
27075,MN-075,Lake County,2016,40.166666666666664,431.1
27075,MN-075,Lake County,2017,39.55833333333333,419.47
27075,MN-075,Lake County,2018,36.40833333333333,374.48
27075,MN-075,Lake County,2019,35.84166666666667,389.62
27075,MN-075,Lake County,2020,37.458333333333336,343.99
27075,MN-075,Lake County,2021,39.016666666666666,284.84
27075,MN-075,Lake County,2022,36.78333333333334,393.11
27075,MN-075,Lake County,2023,37.766666666666666,386.90999999999997
27077,MN-077,Lake of the Woods County,2011,38.44166666666667,296.4
27077,MN-077,Lake of the Woods County,2012,42.44166666666667,227.87
27077,MN-077,Lake of the Woods County,2013,37.36666666666667,269.26
27077,MN-077,Lake of the Woods County,2014,34.4,327.18
27077,MN-077,Lake of the Woods County,2015,38.43333333333333,312.12
27077,MN-077,Lake of the Woods County,2016,41.63333333333333,328.29
27077,MN-077,Lake of the Woods County,2017,40.85,289.73
27077,MN-077,Lake of the Woods County,2018,37.475,224.34
27077,MN-077,Lake of the Woods County,2019,36.574999999999996,278.75
27077,MN-077,Lake of the Woods County,2020,38.291666666666664,306.69
27077,MN-077,Lake of the Woods County,2021,40.30833333333333,230.8
27077,MN-077,Lake of the Woods County,2022,38.24166666666667,285.6
27077,MN-077,Lake of the Woods County,2023,39.233333333333334,228.05
27079,MN-079,Le Sueur County,2011,44.666666666666664,449.05
27079,MN-079,Le Sueur County,2012,49.199999999999996,347.17
27079,MN-079,Le Sueur County,2013,44.9,354.53
27079,MN-079,Le Sueur County,2014,41.84166666666667,374.99
27079,MN-079,Le Sueur County,2015,44.625,378.2
27079,MN-079,Le Sueur County,2016,48.09166666666667,493.37
27079,MN-079,Le Sueur County,2017,47.88333333333333,466.47999999999996
27079,MN-079,Le Sueur County,2018,44.458333333333336,375.51
27079,MN-079,Le Sueur County,2019,43.26666666666667,485.69
27079,MN-079,Le Sueur County,2020,44.80833333333334,467.43
27079,MN-079,Le Sueur County,2021,46.59166666666667,344.63
27079,MN-079,Le Sueur County,2022,45.25833333333333,313.73
27079,MN-079,Le Sueur County,2023,45.35833333333333,321.55
27081,MN-081,Lincoln County,2011,42.475,444.03000000000003
27081,MN-081,Lincoln County,2012,47.69166666666666,285.28
27081,MN-081,Lincoln County,2013,43.050000000000004,301.44
27081,MN-081,Lincoln County,2014,40.59166666666667,312.03
27081,MN-081,Lincoln County,2015,43.708333333333336,308.04
27081,MN-081,Lincoln County,2016,46.775,360.69
27081,MN-081,Lincoln County,2017,46.03333333333333,356.77
27081,MN-081,Lincoln County,2018,42.975,388.68
27081,MN-081,Lincoln County,2019,41.34166666666667,493.36
27081,MN-081,Lincoln County,2020,43.56666666666666,369.02
27081,MN-081,Lincoln County,2021,45.59166666666667,275.23
27081,MN-081,Lincoln County,2022,44.35,323.81
27081,MN-081,Lincoln County,2023,43.74166666666667,289.25
27083,MN-083,Lyon County,2011,43.666666666666664,439.68
27083,MN-083,Lyon County,2012,48.98333333333333,269.66
27083,MN-083,Lyon County,2013,44.4,289.17
27083,MN-083,Lyon County,2014,41.925000000000004,300.26
27083,MN-083,Lyon County,2015,45.0,295.16
27083,MN-083,Lyon County,2016,47.98333333333333,363.63
27083,MN-083,Lyon County,2017,47.18333333333334,371.21
27083,MN-083,Lyon County,2018,43.86666666666667,406.93
27083,MN-083,Lyon County,2019,42.34166666666667,511.53000000000003
27083,MN-083,Lyon County,2020,44.475,385.0
27083,MN-083,Lyon County,2021,46.48333333333333,279.97
27083,MN-083,Lyon County,2022,45.300000000000004,309.11
27083,MN-083,Lyon County,2023,44.80833333333334,289.85
27085,MN-085,McLeod County,2011,43.725,413.95
27085,MN-085,McLeod County,2012,48.583333333333336,320.42
27085,MN-085,McLeod County,2013,43.94166666666666,334.18
27085,MN-085,McLeod County,2014,41.09166666666667,372.4
27085,MN-085,McLeod County,2015,43.85,319.29
27085,MN-085,McLeod County,2016,47.44166666666666,378.85
27085,MN-085,McLeod County,2017,47.15,353.56
27085,MN-085,McLeod County,2018,43.93333333333334,317.32
27085,MN-085,McLeod County,2019,42.6,402.18
27085,MN-085,McLeod County,2020,44.61666666666667,330.7
27085,MN-085,McLeod County,2021,46.36666666666667,240.08
27085,MN-085,McLeod County,2022,44.85833333333333,245.21
27085,MN-085,McLeod County,2023,44.875,224.39000000000001
27087,MN-087,Mahnomen County,2011,39.083333333333336,338.65
27087,MN-087,Mahnomen County,2012,43.699999999999996,245.35000000000002
27087,MN-087,Mahnomen County,2013,39.291666666666664,284.12
27087,MN-087,Mahnomen County,2014,36.266666666666666,310.94
27087,MN-087,Mahnomen County,2015,40.00833333333333,272.42
27087,MN-087,Mahnomen County,2016,43.44166666666666,306.61
27087,MN-087,Mahnomen County,2017,42.09166666666667,292.45
27087,MN-087,Mahnomen County,2018,38.49166666666667,262.95
27087,MN-087,Mahnomen County,2019,36.916666666666664,324.96
27087,MN-087,Mahnomen County,2020,38.53333333333333,309.56
27087,MN-087,Mahnomen County,2021,41.199999999999996,204.48
27087,MN-087,Mahnomen County,2022,38.833333333333336,283.87
27087,MN-087,Mahnomen County,2023,39.30833333333333,262.35
27089,MN-089,Marshall County,2011,38.925000000000004,287.83
27089,MN-089,Marshall County,2012,43.166666666666664,197.5
27089,MN-089,Marshall County,2013,38.324999999999996,225.0
27089,MN-089,Marshall County,2014,35.458333333333336,257.14
27089,MN-089,Marshall County,2015,39.40833333333333,234.26
27089,MN-089,Marshall County,2016,43.03333333333333,288.89
27089,MN-089,Marshall County,2017,42.016666666666666,279.56
27089,MN-089,Marshall County,2018,39.016666666666666,230.09
27089,MN-089,Marshall County,2019,37.074999999999996,280.38
27089,MN-089,Marshall County,2020,38.875,314.17
27089,MN-089,Marshall County,2021,41.333333333333336,196.66
27089,MN-089,Marshall County,2022,38.625,257.93
27089,MN-089,Marshall County,2023,38.63333333333333,205.28
27091,MN-091,Martin County,2011,44.85833333333333,435.87
27091,MN-091,Martin County,2012,49.583333333333336,292.78
27091,MN-091,Martin County,2013,45.69166666666666,310.82
27091,MN-091,Martin County,2014,42.550000000000004,324.1
27091,MN-091,Martin County,2015,44.99166666666667,334.62
27091,MN-091,Martin County,2016,48.041666666666664,464.11
27091,MN-091,Martin County,2017,47.96666666666667,435.33
27091,MN-091,Martin County,2018,44.324999999999996,450.01
27091,MN-091,Martin County,2019,43.199999999999996,531.22
27091,MN-091,Martin County,2020,45.324999999999996,416.21999999999997
27091,MN-091,Martin County,2021,46.708333333333336,282.33
27091,MN-091,Martin County,2022,46.166666666666664,321.37
27091,MN-091,Martin County,2023,45.791666666666664,330.99
27093,MN-093,Meeker County,2011,43.025,416.79
27093,MN-093,Meeker County,2012,47.99166666666667,305.96
27093,MN-093,Meeker County,2013,43.0,305.92
27093,MN-093,Meeker County,2014,40.175,343.8
27093,MN-093,Meeker County,2015,43.30833333333334,312.12
27093,MN-093,Meeker County,2016,46.85833333333333,358.09000000000003
27093,MN-093,Meeker County,2017,46.1,355.84000000000003
27093,MN-093,Meeker County,2018,42.9,323.47
27093,MN-093,Meeker County,2019,41.34166666666667,381.03000000000003
27093,MN-093,Meeker County,2020,43.324999999999996,321.96000000000004
27093,MN-093,Meeker County,2021,45.00833333333333,216.63
27093,MN-093,Meeker County,2022,43.425000000000004,275.24
27093,MN-093,Meeker County,2023,43.69166666666666,261.49
27095,MN-095,Mille Lacs County,2011,42.00833333333333,458.19
27095,MN-095,Mille Lacs County,2012,46.31666666666666,378.53999999999996
27095,MN-095,Mille Lacs County,2013,41.96666666666667,350.65999999999997
27095,MN-095,Mille Lacs County,2014,38.641666666666666,433.61
27095,MN-095,Mille Lacs County,2015,42.166666666666664,395.08
27095,MN-095,Mille Lacs County,2016,45.75833333333333,415.36
27095,MN-095,Mille Lacs County,2017,44.833333333333336,427.37
27095,MN-095,Mille Lacs County,2018,41.5,375.86
27095,MN-095,Mille Lacs County,2019,40.63333333333333,407.06
27095,MN-095,Mille Lacs County,2020,42.59166666666667,383.73
27095,MN-095,Mille Lacs County,2021,44.0,299.05
27095,MN-095,Mille Lacs County,2022,42.125,320.94
27095,MN-095,Mille Lacs County,2023,43.050000000000004,322.65
27097,MN-097,Morrison County,2011,41.958333333333336,400.1
27097,MN-097,Morrison County,2012,46.40833333333333,340.26
27097,MN-097,Morrison County,2013,41.88333333333333,341.99
27097,MN-097,Morrison County,2014,38.68333333333333,401.09000000000003
27097,MN-097,Morrison County,2015,42.13333333333333,346.89
27097,MN-097,Morrison County,2016,45.525,382.09000000000003
27097,MN-097,Morrison County,2017,44.56666666666666,411.48
27097,MN-097,Morrison County,2018,41.300000000000004,360.8
27097,MN-097,Morrison County,2019,40.19166666666667,388.95
27097,MN-097,Morrison County,2020,42.31666666666667,386.67
27097,MN-097,Morrison County,2021,43.98333333333333,297.48
27097,MN-097,Morrison County,2022,42.15833333333333,341.82
27097,MN-097,Morrison County,2023,43.01666666666667,307.47
27099,MN-099,Mower County,2011,43.96666666666667,462.22999999999996
27099,MN-099,Mower County,2012,48.291666666666664,312.1
27099,MN-099,Mower County,2013,44.38333333333333,433.86
27099,MN-099,Mower County,2014,41.141666666666666,446.96000000000004
27099,MN-099,Mower County,2015,43.53333333333333,432.64
27099,MN-099,Mower County,2016,47.225,527.96
27099,MN-099,Mower County,2017,47.01666666666667,536.54
27099,MN-099,Mower County,2018,43.96666666666667,460.65999999999997
27099,MN-099,Mower County,2019,42.800000000000004,560.42
27099,MN-099,Mower County,2020,44.475,485.46
27099,MN-099,Mower County,2021,45.708333333333336,340.44
27099,MN-099,Mower County,2022,44.93333333333334,401.17
27099,MN-099,Mower County,2023,45.28333333333333,377.07
27101,MN-101,Murray County,2011,43.35,438.46999999999997
27101,MN-101,Murray County,2012,48.34166666666667,302.95
27101,MN-101,Murray County,2013,44.14166666666667,296.74
27101,MN-101,Murray County,2014,41.358333333333334,312.32
27101,MN-101,Murray County,2015,44.28333333333333,342.87
27101,MN-101,Murray County,2016,47.300000000000004,415.76
27101,MN-101,Murray County,2017,46.541666666666664,393.56
27101,MN-101,Murray County,2018,43.01666666666667,445.0
27101,MN-101,Murray County,2019,41.6,532.44
27101,MN-101,Murray County,2020,43.81666666666666,394.77
27101,MN-101,Murray County,2021,45.699999999999996,288.09
27101,MN-101,Murray County,2022,44.94166666666666,284.77
27101,MN-101,Murray County,2023,44.35,262.58
27103,MN-103,Nicollet County,2011,44.53333333333333,411.46
27103,MN-103,Nicollet County,2012,49.324999999999996,314.2
27103,MN-103,Nicollet County,2013,45.0,323.35
27103,MN-103,Nicollet County,2014,42.141666666666666,338.8
27103,MN-103,Nicollet County,2015,44.74166666666667,337.19
27103,MN-103,Nicollet County,2016,48.03333333333333,448.77
27103,MN-103,Nicollet County,2017,47.9,416.61
27103,MN-103,Nicollet County,2018,44.824999999999996,349.72
27103,MN-103,Nicollet County,2019,43.55833333333334,460.62
27103,MN-103,Nicollet County,2020,45.19166666666666,405.44
27103,MN-103,Nicollet County,2021,47.125,302.56
27103,MN-103,Nicollet County,2022,45.81666666666666,288.91
27103,MN-103,Nicollet County,2023,45.541666666666664,265.13
27105,MN-105,Nobles County,2011,43.775,421.61
27105,MN-105,Nobles County,2012,48.40833333333333,310.82
27105,MN-105,Nobles County,2013,44.55833333333334,291.26
27105,MN-105,Nobles County,2014,41.80833333333333,297.13
27105,MN-105,Nobles County,2015,44.4,309.64
27105,MN-105,Nobles County,2016,47.333333333333336,428.6
27105,MN-105,Nobles County,2017,47.06666666666666,395.29
27105,MN-105,Nobles County,2018,43.69166666666666,448.79
27105,MN-105,Nobles County,2019,42.458333333333336,540.38
27105,MN-105,Nobles County,2020,44.458333333333336,384.27
27105,MN-105,Nobles County,2021,46.15833333333333,273.35
27105,MN-105,Nobles County,2022,45.80833333333333,277.40999999999997
27105,MN-105,Nobles County,2023,44.833333333333336,274.89
27107,MN-107,Norman County,2011,40.4,332.96
27107,MN-107,Norman County,2012,45.324999999999996,229.15
27107,MN-107,Norman County,2013,40.38333333333333,243.64
27107,MN-107,Norman County,2014,37.625,279.0
27107,MN-107,Norman County,2015,41.324999999999996,240.68
27107,MN-107,Norman County,2016,44.63333333333333,279.87
27107,MN-107,Norman County,2017,43.51666666666667,284.46
27107,MN-107,Norman County,2018,39.916666666666664,245.76
27107,MN-107,Norman County,2019,37.958333333333336,322.2
27107,MN-107,Norman County,2020,39.625,315.31
27107,MN-107,Norman County,2021,42.50833333333333,209.09
27107,MN-107,Norman County,2022,40.208333333333336,295.69
27107,MN-107,Norman County,2023,39.93333333333333,249.28
27109,MN-109,Olmsted County,2011,44.275,491.21
27109,MN-109,Olmsted County,2012,48.49166666666667,340.5
27109,MN-109,Olmsted County,2013,44.44166666666666,432.14
27109,MN-109,Olmsted County,2014,40.9,435.58
27109,MN-109,Olmsted County,2015,43.4,413.03999999999996
27109,MN-109,Olmsted County,2016,47.18333333333334,487.64
27109,MN-109,Olmsted County,2017,46.875,530.08
27109,MN-109,Olmsted County,2018,43.76666666666667,430.72
27109,MN-109,Olmsted County,2019,42.85,564.04
27109,MN-109,Olmsted County,2020,44.458333333333336,507.0
27109,MN-109,Olmsted County,2021,45.550000000000004,349.87
27109,MN-109,Olmsted County,2022,44.63333333333333,393.54
27109,MN-109,Olmsted County,2023,45.23333333333333,382.75
27111,MN-111,Otter Tail County,2011,40.75833333333333,369.89
27111,MN-111,Otter Tail County,2012,45.475,280.12
27111,MN-111,Otter Tail County,2013,40.85,317.47
27111,MN-111,Otter Tail County,2014,38.06666666666667,354.18
27111,MN-111,Otter Tail County,2015,41.608333333333334,279.1
27111,MN-111,Otter Tail County,2016,45.175000000000004,303.06
27111,MN-111,Otter Tail County,2017,43.85833333333333,355.92
27111,MN-111,Otter Tail County,2018,40.541666666666664,313.21
27111,MN-111,Otter Tail County,2019,39.075,343.35
27111,MN-111,Otter Tail County,2020,41.03333333333334,353.17
27111,MN-111,Otter Tail County,2021,43.38333333333333,271.64
27111,MN-111,Otter Tail County,2022,41.38333333333333,306.55
27111,MN-111,Otter Tail County,2023,41.458333333333336,258.11
27113,MN-113,Pennington County,2011,38.9,277.58
27113,MN-113,Pennington County,2012,43.31666666666666,187.49
27113,MN-113,Pennington County,2013,38.541666666666664,217.07999999999998
27113,MN-113,Pennington County,2014,35.550000000000004,240.99
27113,MN-113,Pennington County,2015,39.40833333333333,208.13
27113,MN-113,Pennington County,2016,43.13333333333333,259.15
27113,MN-113,Pennington County,2017,41.99166666666667,269.89
27113,MN-113,Pennington County,2018,38.71666666666667,227.37
27113,MN-113,Pennington County,2019,36.75833333333333,286.98
27113,MN-113,Pennington County,2020,38.208333333333336,301.6
27113,MN-113,Pennington County,2021,40.90833333333333,196.61
27113,MN-113,Pennington County,2022,38.574999999999996,256.66
27113,MN-113,Pennington County,2023,38.675000000000004,208.28
27115,MN-115,Pine County,2011,41.34166666666667,439.29
27115,MN-115,Pine County,2012,45.416666666666664,383.53
27115,MN-115,Pine County,2013,41.31666666666667,344.07
27115,MN-115,Pine County,2014,37.5,405.55
27115,MN-115,Pine County,2015,41.125,377.46
27115,MN-115,Pine County,2016,44.74166666666667,449.52
27115,MN-115,Pine County,2017,44.03333333333333,431.40999999999997
27115,MN-115,Pine County,2018,40.541666666666664,406.19
27115,MN-115,Pine County,2019,39.791666666666664,439.88
27115,MN-115,Pine County,2020,41.725,417.91
27115,MN-115,Pine County,2021,43.01666666666667,320.4
27115,MN-115,Pine County,2022,41.475,345.07
27115,MN-115,Pine County,2023,42.475,351.73
27117,MN-117,Pipestone County,2011,42.725,455.3
27117,MN-117,Pipestone County,2012,47.675000000000004,326.88
27117,MN-117,Pipestone County,2013,43.73333333333333,295.31
27117,MN-117,Pipestone County,2014,41.358333333333334,310.53000000000003
27117,MN-117,Pipestone County,2015,44.324999999999996,341.21
27117,MN-117,Pipestone County,2016,47.225,399.95
27117,MN-117,Pipestone County,2017,46.574999999999996,357.75
27117,MN-117,Pipestone County,2018,43.175000000000004,400.43
27117,MN-117,Pipestone County,2019,41.74166666666667,492.07
27117,MN-117,Pipestone County,2020,44.01666666666667,365.49
27117,MN-117,Pipestone County,2021,45.73333333333333,273.86
27117,MN-117,Pipestone County,2022,44.949999999999996,290.65
27117,MN-117,Pipestone County,2023,44.025,236.32
27119,MN-119,Polk County,2011,39.68333333333333,307.95
27119,MN-119,Polk County,2012,44.324999999999996,214.96
27119,MN-119,Polk County,2013,39.46666666666667,233.71
27119,MN-119,Polk County,2014,36.55833333333334,265.13
27119,MN-119,Polk County,2015,40.43333333333333,234.58
27119,MN-119,Polk County,2016,43.89166666666667,283.88
27119,MN-119,Polk County,2017,42.791666666666664,281.6
27119,MN-119,Polk County,2018,39.458333333333336,236.47
27119,MN-119,Polk County,2019,37.49166666666667,301.47
27119,MN-119,Polk County,2020,39.00833333333333,311.74
27119,MN-119,Polk County,2021,41.9,198.89
27119,MN-119,Polk County,2022,39.525,280.71
27119,MN-119,Polk County,2023,39.49166666666667,219.95
27121,MN-121,Pope County,2011,41.74166666666667,410.27
27121,MN-121,Pope County,2012,46.63333333333333,298.85
27121,MN-121,Pope County,2013,41.75,291.93
27121,MN-121,Pope County,2014,39.30833333333333,360.86
27121,MN-121,Pope County,2015,42.56666666666667,341.49
27121,MN-121,Pope County,2016,46.0,336.15
27121,MN-121,Pope County,2017,44.96666666666667,357.57
27121,MN-121,Pope County,2018,42.175000000000004,330.44
27121,MN-121,Pope County,2019,40.65,370.31
27121,MN-121,Pope County,2020,42.80833333333334,334.97
27121,MN-121,Pope County,2021,44.90833333333333,287.18
27121,MN-121,Pope County,2022,43.15,333.91
27121,MN-121,Pope County,2023,42.949999999999996,246.55
27123,MN-123,Ramsey County,2011,44.99166666666667,447.87
27123,MN-123,Ramsey County,2012,49.36666666666667,366.75
27123,MN-123,Ramsey County,2013,45.041666666666664,361.42
27123,MN-123,Ramsey County,2014,41.358333333333334,406.15
27123,MN-123,Ramsey County,2015,44.416666666666664,369.27
27123,MN-123,Ramsey County,2016,48.175000000000004,473.71999999999997
27123,MN-123,Ramsey County,2017,47.69166666666666,456.98
27123,MN-123,Ramsey County,2018,44.4,368.32
27123,MN-123,Ramsey County,2019,43.525,445.15999999999997
27123,MN-123,Ramsey County,2020,45.35,417.52
27123,MN-123,Ramsey County,2021,46.86666666666667,288.06
27123,MN-123,Ramsey County,2022,45.60833333333333,295.58
27123,MN-123,Ramsey County,2023,46.11666666666667,324.96
27125,MN-125,Red Lake County,2011,39.266666666666666,301.52
27125,MN-125,Red Lake County,2012,43.75,203.88
27125,MN-125,Red Lake County,2013,39.025,229.98
27125,MN-125,Red Lake County,2014,35.94166666666667,253.17
27125,MN-125,Red Lake County,2015,39.78333333333333,223.53
27125,MN-125,Red Lake County,2016,43.5,269.24
27125,MN-125,Red Lake County,2017,42.324999999999996,274.58
27125,MN-125,Red Lake County,2018,38.93333333333333,230.21
27125,MN-125,Red Lake County,2019,37.03333333333334,289.66
27125,MN-125,Red Lake County,2020,38.4,297.17
27125,MN-125,Red Lake County,2021,41.25,198.24
27125,MN-125,Red Lake County,2022,38.975,275.03000000000003
27125,MN-125,Red Lake County,2023,39.041666666666664,214.09
27127,MN-127,Redwood County,2011,44.15,420.15999999999997
27127,MN-127,Redwood County,2012,49.300000000000004,284.46
27127,MN-127,Redwood County,2013,44.69166666666666,275.71
27127,MN-127,Redwood County,2014,42.233333333333334,308.96
27127,MN-127,Redwood County,2015,45.333333333333336,301.7
27127,MN-127,Redwood County,2016,48.49166666666667,391.67
27127,MN-127,Redwood County,2017,47.89166666666667,420.97
27127,MN-127,Redwood County,2018,44.324999999999996,439.71
27127,MN-127,Redwood County,2019,42.61666666666667,505.07
27127,MN-127,Redwood County,2020,45.0,391.57
27127,MN-127,Redwood County,2021,46.81666666666666,281.29
27127,MN-127,Redwood County,2022,45.69166666666666,278.92
27127,MN-127,Redwood County,2023,45.19166666666666,300.17
27129,MN-129,Renville County,2011,43.68333333333334,433.76
27129,MN-129,Renville County,2012,48.75833333333333,292.89
27129,MN-129,Renville County,2013,43.81666666666666,293.2
27129,MN-129,Renville County,2014,41.44166666666667,343.8
27129,MN-129,Renville County,2015,44.68333333333334,298.67
27129,MN-129,Renville County,2016,48.15,367.90999999999997
27129,MN-129,Renville County,2017,47.625,417.3
27129,MN-129,Renville County,2018,44.26666666666667,437.95
27129,MN-129,Renville County,2019,42.475,476.84
27129,MN-129,Renville County,2020,44.63333333333333,361.88
27129,MN-129,Renville County,2021,46.475,259.74
27129,MN-129,Renville County,2022,45.175000000000004,256.95
27129,MN-129,Renville County,2023,44.89166666666667,281.1
27131,MN-131,Rice County,2011,44.5,477.62
27131,MN-131,Rice County,2012,48.925000000000004,373.37
27131,MN-131,Rice County,2013,44.59166666666667,400.6
27131,MN-131,Rice County,2014,41.28333333333333,430.34000000000003
27131,MN-131,Rice County,2015,44.09166666666667,404.84
27131,MN-131,Rice County,2016,47.99166666666667,514.45
27131,MN-131,Rice County,2017,47.73333333333333,519.47
27131,MN-131,Rice County,2018,44.06666666666666,416.8
27131,MN-131,Rice County,2019,42.98333333333333,538.56
27131,MN-131,Rice County,2020,44.800000000000004,501.15
27131,MN-131,Rice County,2021,46.15833333333333,350.27
27131,MN-131,Rice County,2022,45.09166666666667,324.35
27131,MN-131,Rice County,2023,45.36666666666667,361.61
27133,MN-133,Rock County,2011,44.19166666666666,426.43
27133,MN-133,Rock County,2012,48.89166666666667,285.26
27133,MN-133,Rock County,2013,45.175000000000004,280.48
27133,MN-133,Rock County,2014,42.583333333333336,298.16
27133,MN-133,Rock County,2015,45.333333333333336,305.23
27133,MN-133,Rock County,2016,48.125,382.4
27133,MN-133,Rock County,2017,47.75833333333333,353.95
27133,MN-133,Rock County,2018,44.574999999999996,406.37
27133,MN-133,Rock County,2019,43.36666666666667,487.69
27133,MN-133,Rock County,2020,45.38333333333333,348.39
27133,MN-133,Rock County,2021,46.81666666666666,270.15
27133,MN-133,Rock County,2022,46.44166666666666,288.36
27133,MN-133,Rock County,2023,45.24166666666667,252.67
27135,MN-135,Roseau County,2011,38.21666666666666,285.3
27135,MN-135,Roseau County,2012,42.233333333333334,201.63
27135,MN-135,Roseau County,2013,37.15833333333333,236.97
27135,MN-135,Roseau County,2014,34.34166666666666,277.42
27135,MN-135,Roseau County,2015,38.55833333333333,269.05
27135,MN-135,Roseau County,2016,42.11666666666667,327.1
27135,MN-135,Roseau County,2017,41.28333333333333,288.24
27135,MN-135,Roseau County,2018,38.291666666666664,224.52
27135,MN-135,Roseau County,2019,36.78333333333333,282.44
27135,MN-135,Roseau County,2020,38.699999999999996,318.89
27135,MN-135,Roseau County,2021,40.71666666666667,218.56
27135,MN-135,Roseau County,2022,38.016666666666666,280.11
27135,MN-135,Roseau County,2023,38.34166666666667,222.89000000000001
27137,MN-137,St. Louis County,2011,38.516666666666666,340.22
27137,MN-137,St. Louis County,2012,42.074999999999996,333.42
27137,MN-137,St. Louis County,2013,38.0,362.08
27137,MN-137,St. Louis County,2014,34.46666666666667,361.43
27137,MN-137,St. Louis County,2015,37.81666666666667,319.3
27137,MN-137,St. Louis County,2016,41.36666666666667,416.0
27137,MN-137,St. Louis County,2017,40.46666666666667,393.62
27137,MN-137,St. Louis County,2018,37.15833333333333,345.89
27137,MN-137,St. Louis County,2019,36.550000000000004,353.79
27137,MN-137,St. Louis County,2020,38.266666666666666,334.55
27137,MN-137,St. Louis County,2021,39.791666666666664,278.82
27137,MN-137,St. Louis County,2022,37.525,372.53
27137,MN-137,St. Louis County,2023,38.775,366.85
27139,MN-139,Scott County,2011,45.03333333333333,446.58
27139,MN-139,Scott County,2012,49.56666666666666,369.66
27139,MN-139,Scott County,2013,45.275,381.9
27139,MN-139,Scott County,2014,42.025,418.64
27139,MN-139,Scott County,2015,44.88333333333333,371.3
27139,MN-139,Scott County,2016,48.525,436.6
27139,MN-139,Scott County,2017,48.208333333333336,442.15
27139,MN-139,Scott County,2018,44.824999999999996,385.6
27139,MN-139,Scott County,2019,43.63333333333333,464.12
27139,MN-139,Scott County,2020,45.43333333333334,439.21
27139,MN-139,Scott County,2021,46.93333333333334,321.36
27139,MN-139,Scott County,2022,45.65,289.9
27139,MN-139,Scott County,2023,45.958333333333336,309.57
27141,MN-141,Sherburne County,2011,43.30833333333334,434.76
27141,MN-141,Sherburne County,2012,47.80833333333334,346.89
27141,MN-141,Sherburne County,2013,43.28333333333333,321.74
27141,MN-141,Sherburne County,2014,40.03333333333333,400.47
27141,MN-141,Sherburne County,2015,43.46666666666667,375.75
27141,MN-141,Sherburne County,2016,46.800000000000004,405.85
27141,MN-141,Sherburne County,2017,46.1,396.59
27141,MN-141,Sherburne County,2018,42.81666666666666,337.93
27141,MN-141,Sherburne County,2019,41.65,408.11
27141,MN-141,Sherburne County,2020,43.574999999999996,374.36
27141,MN-141,Sherburne County,2021,45.03333333333333,271.36
27141,MN-141,Sherburne County,2022,43.68333333333334,304.65
27141,MN-141,Sherburne County,2023,44.291666666666664,319.83
27143,MN-143,Sibley County,2011,44.175000000000004,414.59
27143,MN-143,Sibley County,2012,48.98333333333333,320.12
27143,MN-143,Sibley County,2013,44.53333333333333,334.36
27143,MN-143,Sibley County,2014,41.75833333333333,364.34000000000003
27143,MN-143,Sibley County,2015,44.375,322.56
27143,MN-143,Sibley County,2016,47.84166666666667,391.38
27143,MN-143,Sibley County,2017,47.75,382.08
27143,MN-143,Sibley County,2018,44.64166666666667,338.3
27143,MN-143,Sibley County,2019,43.38333333333333,442.15
27143,MN-143,Sibley County,2020,45.208333333333336,363.78999999999996
27143,MN-143,Sibley County,2021,47.06666666666666,271.89
27143,MN-143,Sibley County,2022,45.675000000000004,265.11
27143,MN-143,Sibley County,2023,45.50833333333333,243.07999999999998
27145,MN-145,Stearns County,2011,42.61666666666667,426.05
27145,MN-145,Stearns County,2012,47.291666666666664,323.22
27145,MN-145,Stearns County,2013,42.391666666666666,310.81
27145,MN-145,Stearns County,2014,39.36666666666667,379.82
27145,MN-145,Stearns County,2015,42.6,337.85
27145,MN-145,Stearns County,2016,45.875,366.38
27145,MN-145,Stearns County,2017,45.199999999999996,380.83
27145,MN-145,Stearns County,2018,42.15,332.47
27145,MN-145,Stearns County,2019,40.666666666666664,395.36
27145,MN-145,Stearns County,2020,42.824999999999996,378.32
27145,MN-145,Stearns County,2021,44.541666666666664,299.13
27145,MN-145,Stearns County,2022,43.175000000000004,349.36
27145,MN-145,Stearns County,2023,43.30833333333334,301.51
27147,MN-147,Steele County,2011,43.975,458.69
27147,MN-147,Steele County,2012,48.55833333333334,348.12
27147,MN-147,Steele County,2013,44.35,406.07
27147,MN-147,Steele County,2014,41.03333333333333,421.96000000000004
27147,MN-147,Steele County,2015,43.69166666666666,409.42
27147,MN-147,Steele County,2016,47.74166666666667,526.52
27147,MN-147,Steele County,2017,47.475,539.17
27147,MN-147,Steele County,2018,43.775,427.16
27147,MN-147,Steele County,2019,42.725,560.87
27147,MN-147,Steele County,2020,44.56666666666666,514.34
27147,MN-147,Steele County,2021,45.875,357.91
27147,MN-147,Steele County,2022,44.833333333333336,353.61
27147,MN-147,Steele County,2023,45.21666666666667,378.46
27149,MN-149,Stevens County,2011,41.875,372.86
27149,MN-149,Stevens County,2012,46.94166666666666,259.38
27149,MN-149,Stevens County,2013,41.975,281.84000000000003
27149,MN-149,Stevens County,2014,39.925000000000004,327.83
27149,MN-149,Stevens County,2015,43.25833333333333,306.1
27149,MN-149,Stevens County,2016,46.63333333333333,304.6
27149,MN-149,Stevens County,2017,45.6,332.17
27149,MN-149,Stevens County,2018,42.791666666666664,321.01
27149,MN-149,Stevens County,2019,41.025,360.93
27149,MN-149,Stevens County,2020,43.19166666666666,313.8
27149,MN-149,Stevens County,2021,45.449999999999996,262.95
27149,MN-149,Stevens County,2022,43.61666666666667,320.23
27149,MN-149,Stevens County,2023,43.199999999999996,244.39
27151,MN-151,Swift County,2011,42.666666666666664,377.3
27151,MN-151,Swift County,2012,47.74166666666667,262.86
27151,MN-151,Swift County,2013,42.75833333333333,292.58
27151,MN-151,Swift County,2014,40.641666666666666,349.2
27151,MN-151,Swift County,2015,43.9,334.77
27151,MN-151,Swift County,2016,47.291666666666664,334.76
27151,MN-151,Swift County,2017,46.25,366.12
27151,MN-151,Swift County,2018,43.375,336.87
27151,MN-151,Swift County,2019,41.65,397.93
27151,MN-151,Swift County,2020,43.85833333333334,329.09999999999997
27151,MN-151,Swift County,2021,46.074999999999996,298.62
27151,MN-151,Swift County,2022,44.25,327.43
27151,MN-151,Swift County,2023,43.59166666666667,241.13
27153,MN-153,Todd County,2011,41.25,391.12
27153,MN-153,Todd County,2012,45.75833333333333,309.43
27153,MN-153,Todd County,2013,41.208333333333336,322.4
27153,MN-153,Todd County,2014,38.275,375.83
27153,MN-153,Todd County,2015,41.641666666666666,326.41
27153,MN-153,Todd County,2016,45.175000000000004,352.45
27153,MN-153,Todd County,2017,44.13333333333333,387.23
27153,MN-153,Todd County,2018,41.041666666666664,364.27
27153,MN-153,Todd County,2019,39.61666666666667,381.06
27153,MN-153,Todd County,2020,41.61666666666667,376.35
27153,MN-153,Todd County,2021,43.6,299.08
27153,MN-153,Todd County,2022,41.666666666666664,356.63
27153,MN-153,Todd County,2023,42.43333333333333,288.52
27155,MN-155,Traverse County,2011,42.09166666666667,349.24
27155,MN-155,Traverse County,2012,47.19166666666666,261.36
27155,MN-155,Traverse County,2013,42.083333333333336,276.88
27155,MN-155,Traverse County,2014,40.449999999999996,314.55
27155,MN-155,Traverse County,2015,43.53333333333333,259.35
27155,MN-155,Traverse County,2016,47.09166666666667,254.78
27155,MN-155,Traverse County,2017,46.00833333333333,287.7
27155,MN-155,Traverse County,2018,43.14166666666667,270.62
27155,MN-155,Traverse County,2019,41.23333333333333,335.82
27155,MN-155,Traverse County,2020,43.48333333333333,308.98
27155,MN-155,Traverse County,2021,45.71666666666667,258.78
27155,MN-155,Traverse County,2022,43.46666666666667,330.51
27155,MN-155,Traverse County,2023,42.958333333333336,255.0
27157,MN-157,Wabasha County,2011,44.78333333333333,515.82
27157,MN-157,Wabasha County,2012,48.89166666666667,354.64
27157,MN-157,Wabasha County,2013,44.916666666666664,404.58
27157,MN-157,Wabasha County,2014,41.46666666666667,411.5
27157,MN-157,Wabasha County,2015,44.208333333333336,400.54
27157,MN-157,Wabasha County,2016,48.03333333333333,494.56
27157,MN-157,Wabasha County,2017,47.69166666666666,547.0
27157,MN-157,Wabasha County,2018,44.5,428.45
27157,MN-157,Wabasha County,2019,43.675000000000004,546.44
27157,MN-157,Wabasha County,2020,45.26666666666667,485.3
27157,MN-157,Wabasha County,2021,46.166666666666664,350.77
27157,MN-157,Wabasha County,2022,44.975,359.9
27157,MN-157,Wabasha County,2023,45.84166666666667,356.83
27159,MN-159,Wadena County,2011,40.608333333333334,349.05
27159,MN-159,Wadena County,2012,44.975,292.62
27159,MN-159,Wadena County,2013,40.583333333333336,322.41
27159,MN-159,Wadena County,2014,37.475,347.33
27159,MN-159,Wadena County,2015,41.416666666666664,289.31
27159,MN-159,Wadena County,2016,45.01666666666667,335.29
27159,MN-159,Wadena County,2017,43.75,357.09000000000003
27159,MN-159,Wadena County,2018,40.208333333333336,316.59
27159,MN-159,Wadena County,2019,39.03333333333333,352.3
27159,MN-159,Wadena County,2020,40.88333333333333,352.5
27159,MN-159,Wadena County,2021,42.875,266.01
27159,MN-159,Wadena County,2022,40.75833333333333,316.44
27159,MN-159,Wadena County,2023,41.74166666666667,273.01
27161,MN-161,Waseca County,2011,44.225,464.28
27161,MN-161,Waseca County,2012,48.85833333333334,320.93
27161,MN-161,Waseca County,2013,44.708333333333336,390.97
27161,MN-161,Waseca County,2014,41.483333333333334,416.3
27161,MN-161,Waseca County,2015,44.25833333333333,399.14
27161,MN-161,Waseca County,2016,48.199999999999996,524.4
27161,MN-161,Waseca County,2017,47.89166666666667,523.95
27161,MN-161,Waseca County,2018,43.9,428.28
27161,MN-161,Waseca County,2019,42.824999999999996,535.36
27161,MN-161,Waseca County,2020,44.69166666666666,495.86
27161,MN-161,Waseca County,2021,46.03333333333333,339.22
27161,MN-161,Waseca County,2022,44.958333333333336,334.6
27161,MN-161,Waseca County,2023,45.25,360.24
27163,MN-163,Washington County,2011,44.65,441.07
27163,MN-163,Washington County,2012,49.09166666666667,364.13
27163,MN-163,Washington County,2013,44.76666666666667,360.32
27163,MN-163,Washington County,2014,41.11666666666667,415.25
27163,MN-163,Washington County,2015,44.125,402.34
27163,MN-163,Washington County,2016,47.975,486.13
27163,MN-163,Washington County,2017,47.53333333333333,445.85
27163,MN-163,Washington County,2018,44.10833333333333,363.71000000000004
27163,MN-163,Washington County,2019,43.275,444.68
27163,MN-163,Washington County,2020,45.06666666666666,424.05
27163,MN-163,Washington County,2021,46.525,298.3
27163,MN-163,Washington County,2022,45.166666666666664,294.59
27163,MN-163,Washington County,2023,45.76666666666667,341.34000000000003
27165,MN-165,Watonwan County,2011,44.475,432.03
27165,MN-165,Watonwan County,2012,49.61666666666667,293.6
27165,MN-165,Watonwan County,2013,45.64166666666667,322.06
27165,MN-165,Watonwan County,2014,42.574999999999996,347.34
27165,MN-165,Watonwan County,2015,44.99166666666667,336.71
27165,MN-165,Watonwan County,2016,48.19166666666666,506.79
27165,MN-165,Watonwan County,2017,48.083333333333336,476.54
27165,MN-165,Watonwan County,2018,44.30833333333334,460.76
27165,MN-165,Watonwan County,2019,43.28333333333333,532.02
27165,MN-165,Watonwan County,2020,45.824999999999996,444.19
27165,MN-165,Watonwan County,2021,47.5,303.71
27165,MN-165,Watonwan County,2022,46.625,329.43
27165,MN-165,Watonwan County,2023,45.666666666666664,346.3
27167,MN-167,Wilkin County,2011,41.88333333333333,361.31
27167,MN-167,Wilkin County,2012,46.85833333333333,254.22
27167,MN-167,Wilkin County,2013,41.791666666666664,278.63
27167,MN-167,Wilkin County,2014,39.56666666666667,315.84000000000003
27167,MN-167,Wilkin County,2015,42.9,239.5
27167,MN-167,Wilkin County,2016,46.50833333333333,255.49
27167,MN-167,Wilkin County,2017,45.31666666666666,311.8
27167,MN-167,Wilkin County,2018,42.074999999999996,272.92
27167,MN-167,Wilkin County,2019,40.25,315.46
27167,MN-167,Wilkin County,2020,42.35,321.84999999999997
27167,MN-167,Wilkin County,2021,44.73333333333333,244.01
27167,MN-167,Wilkin County,2022,42.63333333333333,283.75
27167,MN-167,Wilkin County,2023,42.19166666666667,236.99
27169,MN-169,Winona County,2011,45.125,495.57
27169,MN-169,Winona County,2012,49.21666666666667,345.07
27169,MN-169,Winona County,2013,45.36666666666667,442.99
27169,MN-169,Winona County,2014,41.88333333333333,459.1
27169,MN-169,Winona County,2015,44.51666666666667,433.8
27169,MN-169,Winona County,2016,48.425000000000004,501.82
27169,MN-169,Winona County,2017,48.13333333333333,580.38
27169,MN-169,Winona County,2018,45.28333333333333,471.7
27169,MN-169,Winona County,2019,44.05833333333334,573.47
27169,MN-169,Winona County,2020,45.541666666666664,502.27
27169,MN-169,Winona County,2021,46.43333333333334,383.15
27169,MN-169,Winona County,2022,45.44166666666666,413.62
27169,MN-169,Winona County,2023,46.34166666666667,403.48
27171,MN-171,Wright County,2011,43.75,426.86
27171,MN-171,Wright County,2012,48.39166666666667,352.79
27171,MN-171,Wright County,2013,43.73333333333333,349.07
27171,MN-171,Wright County,2014,40.550000000000004,407.55
27171,MN-171,Wright County,2015,43.775,356.96
27171,MN-171,Wright County,2016,47.24166666666667,418.26
27171,MN-171,Wright County,2017,46.574999999999996,385.0
27171,MN-171,Wright County,2018,43.30833333333334,327.45
27171,MN-171,Wright County,2019,42.03333333333333,404.23
27171,MN-171,Wright County,2020,43.96666666666667,377.71
27171,MN-171,Wright County,2021,45.449999999999996,256.1
27171,MN-171,Wright County,2022,44.125,281.38
27171,MN-171,Wright County,2023,44.65,279.76
27173,MN-173,Yellow Medicine County,2011,43.65833333333333,417.5
27173,MN-173,Yellow Medicine County,2012,48.925000000000004,266.96999999999997
27173,MN-173,Yellow Medicine County,2013,43.96666666666667,294.22
27173,MN-173,Yellow Medicine County,2014,41.791666666666664,330.08
27173,MN-173,Yellow Medicine County,2015,44.875,308.34000000000003
27173,MN-173,Yellow Medicine County,2016,48.06666666666666,350.88
27173,MN-173,Yellow Medicine County,2017,47.199999999999996,377.21
27173,MN-173,Yellow Medicine County,2018,44.208333333333336,386.55
27173,MN-173,Yellow Medicine County,2019,42.44166666666667,467.38
27173,MN-173,Yellow Medicine County,2020,44.541666666666664,353.59999999999997
27173,MN-173,Yellow Medicine County,2021,46.65833333333333,279.59
27173,MN-173,Yellow Medicine County,2022,45.225,325.19
27173,MN-173,Yellow Medicine County,2023,44.76666666666667,299.90999999999997
